인프라_카테고리,인프라_이름,도시,행정구역
교육,서울자곡초등학교,서울,강남구
교육,서울율현초등학교,서울,강남구
교육,세곡중학교,서울,강남구
교육,서울세명초등학교,서울,강남구
교육,휘문중학교,서울,강남구
교육,진선여자중학교,서울,강남구
교육,중동중학교,서울,강남구
교육,은성중학교,서울,강남구
교육,숙명여자중학교,서울,강남구
교육,단국대학교사범대학부속중학교,서울,강남구
교육,청담중학교,서울,강남구
교육,역삼중학교,서울,강남구
교육,언주중학교,서울,강남구
교육,언북중학교,서울,강남구
교육,압구정중학교,서울,강남구
교육,신사중학교,서울,강남구
교육,신구중학교,서울,강남구
교육,수서중학교,서울,강남구
교육,봉은중학교,서울,강남구
교육,도곡중학교,서울,강남구
교육,대치중학교,서울,강남구
교육,대청중학교,서울,강남구
교육,대왕중학교,서울,강남구
교육,대명중학교,서울,강남구
교육,구룡중학교,서울,강남구
교육,개포중학교,서울,강남구
교육,개원중학교,서울,강남구
교육,서울학동초등학교,서울,강남구
교육,서울포이초등학교,서울,강남구
교육,서울청담초등학교,서울,강남구
교육,서울일원초등학교,서울,강남구
교육,서울왕북초등학교,서울,강남구
교육,서울영희초등학교,서울,강남구
교육,서울역삼초등학교,서울,강남구
교육,서울언주초등학교,서울,강남구
교육,서울언북초등학교,서울,강남구
교육,서울양전초등학교,서울,강남구
교육,서울압구정초등학교,서울,강남구
교육,서울신구초등학교,서울,강남구
교육,서울수서초등학교,서울,강남구
교육,서울삼릉초등학교,서울,강남구
교육,서울봉은초등학교,서울,강남구
교육,서울도성초등학교,서울,강남구
교육,서울도곡초등학교,서울,강남구
교육,서울대현초등학교,서울,강남구
교육,서울대치초등학교,서울,강남구
교육,서울대청초등학교,서울,강남구
교육,서울대진초등학교,서울,강남구
교육,서울대왕초등학교,서울,강남구
교육,서울대모초등학교,서울,강남구
교육,서울대도초등학교,서울,강남구
교육,서울대곡초등학교,서울,강남구
교육,서울논현초등학교,서울,강남구
교육,서울구룡초등학교,서울,강남구
교육,서울개포초등학교,서울,강남구
교육,서울개일초등학교,서울,강남구
교육,서울개원초등학교,서울,강남구
교육,단국대학교부속소프트웨어고등학교,서울,강남구
교육,풍문고등학교,서울,강남구
교육,압구정고등학교,서울,강남구
교육,한국외국인학교,서울,강남구
교육,대진디자인고등학교,서울,강남구
교육,서울로봇고등학교,서울,강남구
교육,서울정애학교,서울,강남구
교육,밀알학교,서울,강남구
교육,경기여자고등학교부설방송통신고등학교,서울,강남구
교육,수도전기공업고등학교,서울,강남구
교육,휘문고등학교,서울,강남구
교육,현대고등학교,서울,강남구
교육,진선여자고등학교,서울,강남구
교육,중앙대학교사범대학부속고등학교,서울,강남구
교육,중산고등학교,서울,강남구
교육,중동고등학교,서울,강남구
교육,은광여자고등학교,서울,강남구
교육,영동고등학교,서울,강남구
교육,숙명여자고등학교,서울,강남구
교육,서울세종고등학교,서울,강남구
교육,단국대학교사범대학부속고등학교,서울,강남구
교육,청담고등학교,서울,강남구
교육,경기여자고등학교,서울,강남구
교육,경기고등학교,서울,강남구
교육,개포고등학교,서울,강남구
교육,국립국악중학교,서울,강남구
교육,국립국악고등학교,서울,강남구
교육,(A STUDIO)에이스튜디오학원,서울,강남구
교육,(주)그루샘수학보습학원,서울,강남구
교육,(주)대한폴댄스연맹학원,서울,강남구
교육,(주)메디잡리더스간호학원,서울,강남구
교육,(주)멘토르수학전문학원,서울,강남구
교육,(주)산에듀김영준국어논술전문별관학원,서울,강남구
교육,(주)산에듀김영준국어논술전문학원,서울,강남구
교육,(주)세한아카데미외국어학원,서울,강남구
교육,(주)엠제이재즈피아노실용음악학원,서울,강남구
교육,(주)인사이트어학원,서울,강남구
교육,(주)지이에스어학원,서울,강남구
교육,(주)케이미디어텍학원,서울,강남구
교육,1%국어교습소,서울,강남구
교육,123에듀진학상담지도교습소,서울,강남구
교육,1-5디자인랩(Designlab)학원,서울,강남구
교육,21세기수학보습학원,서울,강남구
교육,247에듀케어학원,서울,강남구
교육,3에스잉글리쉬영어교습소,서울,강남구
교육,414자기주도학습(SDL)원격학원,서울,강남구
교육,9087스튜디오미술교습소,서울,강남구
교육,AI코딩교습소,서울,강남구
교육,AN연기학원,서울,강남구
교육,AN키즈연기학원,서울,강남구
교육,Atop(에이탑)컨설팅진학상담지도교습소,서울,강남구
교육,CIM피아노학원,서울,강남구
교육,DP수학학원,서울,강남구
교육,EPS강남학원,서울,강남구
교육,G1로드원미술학원,서울,강남구
교육,GLMA글로벌인생만남논술교습소,서울,강남구
교육,HSC진학상담지도교습소,서울,강남구
교육,J바이올린음악교습소,서울,강남구
교육,J영어학원,서울,강남구
교육,K&M수학학원,서울,강남구
교육,KL실천영어교습소,서울,강남구
교육,K-코치원격학원,서울,강남구
교육,LK인공지능수학학원,서울,강남구
교육,LYS잉글리쉬(English)영어교습소,서울,강남구
교육,SCMA음악교습소,서울,강남구
교육,SDA엔터테인먼트학원,서울,강남구
교육,SJ수학교습소,서울,강남구
교육,SNU국악학원,서울,강남구
교육,S에스학원,서울,강남구
교육,UK스콜라즈어학원,서울,강남구
교육,가람국어학원,서울,강남구
교육,가슴시각미술교습소,서울,강남구
교육,가야건축인테리어학원,서울,강남구
교육,가온국악보습학원,서울,강남구
교육,가온미술학원,서울,강남구
교육,가온수학교습소,서울,강남구
교육,가온스피치앤퍼스널브랜딩학원,서울,강남구
교육,가온플러스독서실,서울,강남구
교육,가우디미술학원,서울,강남구
교육,가이아패션일러스트학원,서울,강남구
교육,가이아플라워아트공예학원,서울,강남구
교육,가인아카데미학원,서울,강남구
교육,가치수학교습소,서울,강남구
교육,감성교육학원,서울,강남구
교육,감성수학학원,서울,강남구
교육,감성실용음악학원,서울,강남구
교육,감성예찬미술교습소,서울,강남구
교육,강남(2)이용학원,서울,강남구
교육,강남1캠프킬연기학원,서울,강남구
교육,강남개포자라다남아미술학원,서울,강남구
교육,강남고도미대입시학원,서울,강남구
교육,강남고도미술학원,서울,강남구
교육,강남그린섬본원학원,서울,강남구
교육,강남대성SII S관퀀텀라이브러리독서실,서울,강남구
교육,강남대성단과논술2학원,서울,강남구
교육,강남대성단과논술학원,서울,강남구
교육,강남대성두원퀀텀라이브러리독서실,서울,강남구
교육,강남대성송민퀀텀라이브러리독서실,서울,강남구
교육,강남대성제이스퀀텀라이브러리독서실,서울,강남구
교육,강남대성학원,서울,강남구
교육,강남대연보습학원,서울,강남구
교육,강남대치권샘국어교습소,서울,강남구
교육,강남동방디자인학원,서울,강남구
교육,강남라이즈어학원,서울,강남구
교육,강남르몽드어학원,서울,강남구
교육,강남리더스중고등학원,서울,강남구
교육,강남리더스학원,서울,강남구
교육,강남메가스터디학원,서울,강남구
교육,강남메트로간호종합학원,서울,강남구
교육,강남멘토학원,서울,강남구
교육,강남미대넷미술교습소,서울,강남구
교육,강남미래간호학원,서울,강남구
교육,강남미술교습소,서울,강남구
교육,강남백합음악학원,서울,강남구
교육,강남뷰티미(美)아카데미학원,서울,강남구
교육,강남비상에듀학원,서울,강남구
교육,강남삼육외국어학원,서울,강남구
교육,강남세고비아기타교습소,서울,강남구
교육,강남센터주한영국문화원어학원,서울,강남구
교육,강남쎈수학교습소,서울,강남구
교육,강남쎈영어교습소,서울,강남구
교육,강남씨앤씨미술학원,서울,강남구
교육,강남아이티아카데미학원,서울,강남구
교육,강남아첼바이올린음악교습소,서울,강남구
교육,강남애견미용학원,서울,강남구
교육,강남언북한우리독서토론논술교습소,서울,강남구
교육,강남에스엘피어학학원,서울,강남구
교육,강남엔(N)플러스학원,서울,강남구
교육,강남예일영어교습소,서울,강남구
교육,강남원비트실용음악학원,서울,강남구
교육,강남월드인코리아학원,서울,강남구
교육,강남이용학원,서울,강남구
교육,강남이제이유플랜시사일본어학원,서울,강남구
교육,강남일원스즈키바이올린음악교습소,서울,강남구
교육,강남잉글리쉬아카데미어학원,서울,강남구
교육,강남잉글리쉬아카데미학원,서울,강남구
교육,강남정보학원,서울,강남구
교육,강남종로2관학원,서울,강남구
교육,강남종로대치독서실,서울,강남구
교육,강남중국어학원,서울,강남구
교육,강남천년의미소2관미술학원,서울,강남구
교육,강남천년의미소미술학원,서울,강남구
교육,강남천년의미소예비관미술학원,서울,강남구
교육,강남최강학원,서울,강남구
교육,강남커피바리스타학원,서울,강남구
교육,강남케이에스보습학원,서울,강남구
교육,강남크루팩토리승무원학원,서울,강남구
교육,강남탑브레인학원,서울,강남구
교육,강남하이클래스보습학원,서울,강남구
교육,강남하이퍼2독서실,서울,강남구
교육,강남하이퍼2학원,서울,강남구
교육,강남하이퍼3학원,서울,강남구
교육,강남하이퍼4학원,서울,강남구
교육,강남하이퍼6학원,서울,강남구
교육,강남하이퍼독서실,서울,강남구
교육,강남하이퍼의대관2독서실,서울,강남구
교육,강남하이퍼의대관2학원,서울,강남구
교육,강남하이퍼의대관컨설팅학원,서울,강남구
교육,강남하이퍼학원,서울,강남구
교육,강남합격의법학원,서울,강남구
교육,강샘수학교습소,서울,강남구
교육,강성호올림피아드과학교습소,서울,강남구
교육,강순진전문수학교습소,서울,강남구
교육,강윤희논술교습소,서울,강남구
교육,강의하는아이들대치학원,서울,강남구
교육,강의하는아이들압구정학원,서울,강남구
교육,강재춘영어교실영어교습소,서울,강남구
교육,강창용대학편입학원,서울,강남구
교육,강최조소미술교습소,서울,강남구
교육,강한영어교습소,서울,강남구
교육,개념과유형보습학원,서울,강남구
교육,개념상상압구정관학원,서울,강남구
교육,개념상상학원,서울,강남구
교육,개념원리원격학원,서울,강남구
교육,개념을잘잡아주는수학교습소,서울,강남구
교육,개념의미학김민준수학교습소,서울,강남구
교육,개념의신학원,서울,강남구
교육,개념탄탄수학논술교습소,서울,강남구
교육,개념폴리아2관학원,서울,강남구
교육,개념폴리아중등관학원,서울,강남구
교육,개념폴리아학원,서울,강남구
교육,개원영재바둑교습소,서울,강남구
교육,개인별맞춤수학교습소,서울,강남구
교육,개포닥터정이클래스학원,서울,강남구
교육,개포마중물교실국어논술교습소,서울,강남구
교육,개포스마트해법영어교습소,서울,강남구
교육,개포양전하연과학교습소,서울,강남구
교육,개포킹스키즈어학원,서울,강남구
교육,개포푸른숲바이올린교습소,서울,강남구
교육,개포하이탑수학교습소,서울,강남구
교육,개포현대속셈,서울,강남구
교육,거인의숲수학교습소,서울,강남구
교육,거인의어깨교육연구소학원,서울,강남구
교육,거침없는국어교습소,서울,강남구
교육,건택사단연기학원,서울,강남구
교육,게으른수학교습소,서울,강남구
교육,게이트대치어학학원,서울,강남구
교육,게이트압구정어학학원,서울,강남구
교육,게이트프렙스어학원,서울,강남구
교육,게임그래픽학원,서울,강남구
교육,겨자씨의꿈학원,서울,강남구
교육,경제적자유아카데미학원,서울,강남구
교육,고구려와허박사학원,서울,강남구
교육,고급수학세상학원,서울,강남구
교육,고등관학원,서울,강남구
교육,고등수학신영동학원,서울,강남구
교육,고등학원,서울,강남구
교육,고래수학교습소,서울,강남구
교육,고래의도약학원,서울,강남구
교육,고수사회탐구교습소,서울,강남구
교육,고앤정수학학원,서울,강남구
교육,고앤정학원,서울,강남구
교육,골근위수영뷰티아카데미학원,서울,강남구
교육,골든스트리트학원,서울,강남구
교육,공간미술교습소,서울,강남구
교육,공감입시학원,서울,강남구
교육,공부공간독서실,서울,강남구
교육,공터영어대치센터학원,서울,강남구
교육,공터영어자곡센터학원,서울,강남구
교육,과탑과학교습소,서울,강남구
교육,과학의맥학원,서울,강남구
교육,곽샘음악학원,서울,강남구
교육,곽쌤수학교습소,서울,강남구
교육,광릉한샘학원,서울,강남구
교육,광림샤이닝키즈학원,서울,강남구
교육,교신학원,서울,강남구
교육,교인영어교습소,서울,강남구
교육,구름아이들미술교습소,서울,강남구
교육,국순당우리술교육학원,서울,강남구
교육,국어샘학원,서울,강남구
교육,국어의길학원,서울,강남구
교육,국어의봄날국어교습소,서울,강남구
교육,국제방송아카데미학원,서울,강남구
교육,굿플레이실용음악교습소,서울,강남구
교육,권도형수학전문학원,서울,강남구
교육,권미나국어학원,서울,강남구
교육,권선생영어교습소,서울,강남구
교육,권수학교습소,서울,강남구
교육,권오순교실영어교습소,서울,강남구
교육,권클래식(KWONCLASSIC)음악교습소,서울,강남구
교육,권홍미용학원,서울,강남구
교육,귀큰여우창작소미술학원,서울,강남구
교육,규연수학전문학원,서울,강남구
교육,그나드에이스미술학원,서울,강남구
교육,그라시아스댄스학원,서울,강남구
교육,그래머랩스영어학원,서울,강남구
교육,그랜드플루트교습소,서울,강남구
교육,그레이드원학원,서울,강남구
교육,그로튼아카데미학원,서울,강남구
교육,그루샘수학보습학원,서울,강남구
교육,그루터기수학학원,서울,강남구
교육,그루터커피아카데미학원,서울,강남구
교육,그리다꿈미술교습소,서울,강남구
교육,그리핀수학보습학원,서울,강남구
교육,그린램프라이브러리개포독서실,서울,강남구
교육,그린램프라이브러리대치캠퍼스독서실,서울,강남구
교육,그린램프라이브러리도곡2캠퍼스독서실,서울,강남구
교육,그린램프라이브러리도곡캠퍼스독서실,서울,강남구
교육,그린램프라이브러리압구정캠퍼스독서실,서울,강남구
교육,그린램프라이브러리청담캠퍼스독서실,서울,강남구
교육,그린섬인텔리전스미술학원,서울,강남구
교육,그린섬프리어미술학원,서울,강남구
교육,그린스터디독서실,서울,강남구
교육,그림나무창의미술학원,서울,강남구
교육,그림세계미술교습소,서울,강남구
교육,그림숲키즈어학원,서울,강남구
교육,그림아트스튜디오대치한티학원,서울,강남구
교육,그림아트스튜디오미술교습소,서울,강남구
교육,그림아트스튜디오청담학원,서울,강남구
교육,그림이싱싱해미술교습소,서울,강남구
교육,그미술아뜰리에미술교습소,서울,강남구
교육,글과문장논술교습소,서울,강남구
교육,글로벌마케터교육학원,서울,강남구
교육,글로벌셀러아카데미학원,서울,강남구
교육,글로벌셀러컬리지학원,서울,강남구
교육,글로벌잡코리아학원,서울,강남구
교육,글로벌퍼스트2관학원,서울,강남구
교육,글로벌퍼스트학원,서울,강남구
교육,글로아이미술학원,서울,강남구
교육,글의힘논술교습소,서울,강남구
교육,글이고(글ego)자아실현적책쓰기학원,서울,강남구
교육,금비수학학원,서울,강남구
교육,긍정영어교습소,서울,강남구
교육,기린과파렛트미술교습소,서울,강남구
교육,기백한국사교습소,서울,강남구
교육,기승전회화미술교습소,서울,강남구
교육,기타와드럼음악학원,서울,강남구
교육,기파랑문해원대치원2관학원,서울,강남구
교육,기파랑문해원대치점학원,서울,강남구
교육,기한성국어교습소,서울,강남구
교육,길미술학원,서울,강남구
교육,김강산댄스스튜디오학원,서울,강남구
교육,김경옥교습소,서울,강남구
교육,김기수국어대한교육학원,서울,강남구
교육,김남혜교습소,서울,강남구
교육,김대균어학원,서울,강남구
교육,김도현뉴미디어영어학원,서울,강남구
교육,김동하영어학원,서울,강남구
교육,김미화교습소,서울,강남구
교육,김민정막강수학학원,서울,강남구
교육,김범식독일어학원,서울,강남구
교육,김범준수학교습소,서울,강남구
교육,김병완칼리지학원,서울,강남구
교육,김상호이엠케이학원,서울,강남구
교육,김성수수학교습소,서울,강남구
교육,김성은영어학원,서울,강남구
교육,김소강학원,서울,강남구
교육,김소연샘네모과학교습소,서울,강남구
교육,김수용프로바둑교습소,서울,강남구
교육,김순희교습소,서울,강남구
교육,김승국통역학원,서울,강남구
교육,김영민교습소,서울,강남구
교육,김영숙교습소,서울,강남구
교육,김영일교육컨설팅학원,서울,강남구
교육,김영편입강남단과별관학원,서울,강남구
교육,김영편입강남단과캠퍼스학원,서울,강남구
교육,김영편입독학센터학원,서울,강남구
교육,김영편입연고대전문관별관학원,서울,강남구
교육,김영플러스자연계전문관학원,서울,강남구
교육,김영플러스학원,서울,강남구
교육,김예찌수학교습소,서울,강남구
교육,김용철화실미술학원,서울,강남구
교육,김용환수학교습소,서울,강남구
교육,김용희교습소,서울,강남구
교육,김윤진피아노교습소,서울,강남구
교육,김율음교습소,서울,강남구
교육,김은미교습소,서울,강남구
교육,김은연교습소,서울,강남구
교육,김은옥국어논술교습소,서울,강남구
교육,김은지한자한문교습소,서울,강남구
교육,김은희교습소,서울,강남구
교육,김은희예스셈수학교습소,서울,강남구
교육,김이채학원,서울,강남구
교육,김이홍영어전문학원,서울,강남구
교육,김인애교습소,서울,강남구
교육,김인희국어교습소,서울,강남구
교육,김재용교습소,서울,강남구
교육,김재현엔토영어교습소,서울,강남구
교육,김정강교습소,서울,강남구
교육,김정사회탐구교습소,서울,강남구
교육,김정준국어학원,서울,강남구
교육,김정해프랑스어교습소,서울,강남구
교육,김정훈수리논술교습소,서울,강남구
교육,김정희교습소,서울,강남구
교육,김종율부동산아카데미학원,서울,강남구
교육,김종현영어교습소,서울,강남구
교육,김준희수학클리닉수학교습소,서울,강남구
교육,김지수연기아카데미학원,서울,강남구
교육,김지현플러스수학학원,서울,강남구
교육,김진경국어교습소,서울,강남구
교육,김태호과학학원,서울,강남구
교육,김필립수학전문원격학원,서울,강남구
교육,김하연국어의고수학원,서울,강남구
교육,김하연피아노,서울,강남구
교육,김현정수학플러스학원,서울,강남구
교육,김현정수학학원,서울,강남구
교육,김형은수학교습소,서울,강남구
교육,김혜경영어교습소,서울,강남구
교육,김혜란교습소,서울,강남구
교육,김혜숙교습소,서울,강남구
교육,김효석아카데미학원,서울,강남구
교육,김희진120%국어교습소,서울,강남구
교육,깊은생각256학원,서울,강남구
교육,깊은생각로두스2관학원,서울,강남구
교육,깊은생각로두스학원,서울,강남구
교육,깊은생각엠로고스학원,서울,강남구
교육,깊은생각중등수학캠퍼스보습학원,서울,강남구
교육,깊은생각초등수학보습학원,서울,강남구
교육,깊은생각티씨에스(TCS)수학학원,서울,강남구
교육,깊은생각필연의길1관보습학원,서울,강남구
교육,깨단수학교습소,서울,강남구
교육,깨봉캠퍼스압구정학원,서울,강남구
교육,꼬레아트미술학원,서울,강남구
교육,꼬망세피아노교습소,서울,강남구
교육,꼼지락수학학원,서울,강남구
교육,꾸메땅스카이학습코칭학원,서울,강남구
교육,꿈꾸는도토리미술교습소,서울,강남구
교육,꿈꾸는집현전논술교습소,서울,강남구
교육,꿈꾸는화실미술교습소,서울,강남구
교육,꿈음악교습소,서울,강남구
교육,꿈의수학교습소,서울,강남구
교육,꿈짜수학2관학원,서울,강남구
교육,꿈짜수학학원,서울,강남구
교육,꿈짱에듀학원,서울,강남구
교육,나나니혼고학원,서울,강남구
교육,나다어2관학원,서울,강남구
교육,나다어3관학원,서울,강남구
교육,나다어별관학원,서울,강남구
교육,나다어학원,서울,강남구
교육,나단국어교습소,서울,강남구
교육,나랏말씀교습소,서울,강남구
교육,나래피아노,서울,강남구
교육,나를바꾸는영어영어교습소,서울,강남구
교육,나무독서실,서울,강남구
교육,나무피아노교습소,서울,강남구
교육,나미여앤피카소미술교습소,서울,강남구
교육,나비스쿰유학미술학원,서울,강남구
교육,나비스피치학원,서울,강남구
교육,나사과학교습소,서울,강남구
교육,나사오엠융합창의학원,서울,강남구
교육,나엘음악학원,서울,강남구
교육,나의비상수학교습소,서울,강남구
교육,날개달기국어교습소,서울,강남구
교육,날으다수학교습소,서울,강남구
교육,남교수영어교습소,서울,강남구
교육,남다른수학학원,서울,강남구
교육,남서울알리앙스프랑세즈어학원,서울,강남구
교육,남서울영어연구교습소,서울,강남구
교육,남선생과학학원,서울,강남구
교육,남정원수학교습소,서울,강남구
교육,남주희실용음악학원,서울,강남구
교육,남주희유학실용음악학원,서울,강남구
교육,남혁학원,서울,강남구
교육,내가키우는나무논술교습소,서울,강남구
교육,내공수학교습소,서울,강남구
교육,네모수학교습소,서울,강남구
교육,네오캣(NEO CAT)디자인관미술학원,서울,강남구
교육,네오캣(NEO CAT)미술학원,서울,강남구
교육,네오캣(NEO CAT)예비관미술학원,서울,강남구
교육,네오캣(NEO CAT)조형관미술학원,서울,강남구
교육,네오캣(NEO CAT)창의관미술학원,서울,강남구
교육,네이쳐사이언스실험탐구학원,서울,강남구
교육,넥스트제너레이션(Next Generation)과학교습소,서울,강남구
교육,넥스퍼아카데미학원,서울,강남구
교육,노리안강남수서학원,서울,강남구
교육,노바(NOVA)수학학원,서울,강남구
교육,노바수학대치학원,서울,강남구
교육,노선생전문수학교습소,서울,강남구
교육,노아알오아이학원,서울,강남구
교육,논리정연수학교습소,서울,강남구
교육,논술공감학원,서울,강남구
교육,논술보다학원,서울,강남구
교육,논술화랑학원,서울,강남구
교육,논증과추론학원,서울,강남구
교육,논현탑클래스학원,서울,강남구
교육,논현해법영어학원,서울,강남구
교육,누메나어학원,서울,강남구
교육,눈높이러닝센터개포일원학원,서울,강남구
교육,뉴(NEW)이선생수학전문학원,서울,강남구
교육,뉴라미학원,서울,강남구
교육,뉴아트유학미술교습소,서울,강남구
교육,뉴오투미술학원,서울,강남구
교육,뉴욕아트앤스튜디오미술교습소,서울,강남구
교육,뉴욕파이어학원,서울,강남구
교육,뉴이데아학원,서울,강남구
교육,뉴질랜드교육문화원어학원,서울,강남구
교육,뉴청담뮤즈음악교습소,서울,강남구
교육,뉴청샘학원,서울,강남구
교육,뉴파인반포고등관학원,서울,강남구
교육,뉴파인압구정학원,서울,강남구
교육,뉴페트라영어교습소,서울,강남구
교육,늘/피아노교습소,서울,강남구
교육,늘푸른독서실,서울,강남구
교육,늘푸른큰키나무학원,서울,강남구
교육,늘픔논술국어교습소,서울,강남구
교육,다같이디자인미술학원,서울,강남구
교육,다같이미술학원,서울,강남구
교육,다니엘랩어학원,서울,강남구
교육,다니엘랩학원,서울,강남구
교육,다독독서실,서울,강남구
교육,다독원독서실,서울,강남구
교육,다독원보습학원,서울,강남구
교육,다른수학학원,서울,강남구
교육,다른영어교습소,서울,강남구
교육,다른학원,서울,강남구
교육,다미네일아카데미학원,서울,강남구
교육,다봄국어교습소,서울,강남구
교육,다빈치교육학원,서울,강남구
교육,다빈치미술교습소,서울,강남구
교육,다산독서실,서울,강남구
교육,다산에듀수학교습소,서울,강남구
교육,다솔학원,서울,강남구
교육,다알영어교습소,서울,강남구
교육,다원교육고등관학원,서울,강남구
교육,다원교육고등학원,서울,강남구
교육,다원교육외고관학원,서울,강남구
교육,다원교육자사관학원,서울,강남구
교육,다원교육특목관학원,서울,강남구
교육,다원국어학원,서울,강남구
교육,다원매쓰아이(Math i)학원,서울,강남구
교육,다원스타학원,서울,강남구
교육,다원영어학원,서울,강남구
교육,다원영재수학학원,서울,강남구
교육,다원영재학원,서울,강남구
교육,다원중등2관학원,서울,강남구
교육,다원중등학원,서울,강남구
교육,다원초중등과학학원,서울,강남구
교육,다원초중등수학학원,서울,강남구
교육,다원초중등학원,서울,강남구
교육,다원화학학원,서울,강남구
교육,다이안(Diane)영어교습소,서울,강남구
교육,다인리더수학원,서울,강남구
교육,다짐스터디센터도곡독서실,서울,강남구
교육,다함에듀원격학원,서울,강남구
교육,다함영재보습학원,서울,강남구
교육,닥터매쓰바른학원,서울,강남구
교육,닥터정이클래스대치보습학원,서울,강남구
교육,닥터정이클래스삼성센터영어교습소,서울,강남구
교육,닥터킴즈영어교습소,서울,강남구
교육,닥터필로스대치학원,서울,강남구
교육,단계한문교습소,서울,강남구
교육,단하나의별연기학원,서울,강남구
교육,달꿈음악학원,서울,강남구
교육,달리그린미술교습소,서울,강남구
교육,달리의배꼽미술교습소,서울,강남구
교육,당근영어원격학원,서울,강남구
교육,당찬학원,서울,강남구
교육,대공수학교습소,서울,강남구
교육,대림우등생학원,서울,강남구
교육,대맥학원,서울,강남구
교육,대새수학전문학원,서울,강남구
교육,대성다수인학원,서울,강남구
교육,대성제넥스학원,서울,강남구
교육,대성한문교습소,서울,강남구
교육,대세학원,서울,강남구
교육,대신교육입시내비게이션학원,서울,강남구
교육,대영이피아이(EPI)학원,서울,강남구
교육,대오학원,서울,강남구
교육,대왕수학교습소,서울,강남구
교육,대운학원,서울,강남구
교육,대원GK글로벌에듀학원,서울,강남구
교육,대은제이에스에이과학전문보습학원,서울,강남구
교육,대제학학원,서울,강남구
교육,대찬2관학원,서울,강남구
교육,대찬A학원,서울,강남구
교육,대찬S학원,서울,강남구
교육,대찬V학원,서울,강남구
교육,대찬W학원,서울,강남구
교육,대찬바론학원,서울,강남구
교육,대찬시대학원,서울,강남구
교육,대찬영재의대센터학원,서울,강남구
교육,대찬학원,서울,강남구
교육,대치1관정상어학원,서울,강남구
교육,대치2관정상어학원,서울,강남구
교육,대치720본원학원,서울,강남구
교육,대치720입시학원,서울,강남구
교육,대치IDA학원,서울,강남구
교육,대치가온스카이학원,서울,강남구
교육,대치강안교육스카이(SKY)J학원,서울,강남구
교육,대치강안교육프리미엄(Premium)학원,서울,강남구
교육,대치강안교육학원,서울,강남구
교육,대치경시관학원,서울,강남구
교육,대치국어교습소,서울,강남구
교육,대치김앤홍(김&홍)수학전문학원,서울,강남구
교육,대치나인에듀학원,서울,강남구
교육,대치다다학원,서울,강남구
교육,대치다빈치학원,서울,강남구
교육,대치대청1학원,서울,강남구
교육,대치동강란진학상담지도교습소,서울,강남구
교육,대치동영어교습소,서울,강남구
교육,대치동조상현영어학원,서울,강남구
교육,대치동캐슬학습센터학원,서울,강남구
교육,대치드림2020학원,서울,강남구
교육,대치레전드학원,서울,강남구
교육,대치리얼수학학원,서울,강남구
교육,대치마스터학원,서울,강남구
교육,대치메카2관학원,서울,강남구
교육,대치메카학원,서울,강남구
교육,대치멘토학원,서울,강남구
교육,대치명문수학교습소,서울,강남구
교육,대치명인스카이수학학원,서울,강남구
교육,대치미래인학원,서울,강남구
교육,대치미소영어교습소,서울,강남구
교육,대치미탐초등영재학원,서울,강남구
교육,대치박기호입시컨설팅교습소,서울,강남구
교육,대치백송국어논술학원,서울,강남구
교육,대치베리타스(VERITAS)영어교습소,서울,강남구
교육,대치베스트다빈치학원,서울,강남구
교육,대치비상에듀학원,서울,강남구
교육,대치삼보어학원,서울,강남구
교육,대치삼성켈리스피치교습소,서울,강남구
교육,대치상아보습학원,서울,강남구
교육,대치상어수학학원,서울,강남구
교육,대치선탑학원,서울,강남구
교육,대치세진사탐전문학원,서울,강남구
교육,대치셈수학교습소,서울,강남구
교육,대치소마2관학원,서울,강남구
교육,대치소마학원,서울,강남구
교육,대치솔학원,서울,강남구
교육,대치수과모학원,서울,강남구
교육,대치수재보습학원,서울,강남구
교육,대치수학공격수학교습소,서울,강남구
교육,대치스마트정일학원,서울,강남구
교육,대치스마트해법수학교습소,서울,강남구
교육,대치스카이독서실,서울,강남구
교육,대치스타학원,서울,강남구
교육,대치스터디앤아트미술학원,서울,강남구
교육,대치실용음악학원,서울,강남구
교육,대치써밋학원,서울,강남구
교육,대치애플사회탐구교습소,서울,강남구
교육,대치어썸팩토리독서실,서울,강남구
교육,대치에스디엘(SDL)학원,서울,강남구
교육,대치에스티(ST)예인학원,서울,강남구
교육,대치에이닷영어학원,서울,강남구
교육,대치에이프릴어학원,서울,강남구
교육,대치열린학원,서울,강남구
교육,대치영재학원,서울,강남구
교육,대치예뜨락미술학원,서울,강남구
교육,대치오르비2관학원,서울,강남구
교육,대치오응석학원,서울,강남구
교육,대치올림피아드영재센터2관학원,서울,강남구
교육,대치올림피아드영재센터학원,서울,강남구
교육,대치와송학원,서울,강남구
교육,대치우리학원,서울,강남구
교육,대치원(元)수학학원,서울,강남구
교육,대치위너스카이수학학원,서울,강남구
교육,대치위더스엠(M)관학원,서울,강남구
교육,대치위더스프리미엄학원,서울,강남구
교육,대치이강티칭코칭학원,서울,강남구
교육,대치이데아학원,서울,강남구
교육,대치이레보습학원,서울,강남구
교육,대치이르키움학원,서울,강남구
교육,대치이상기체학원,서울,강남구
교육,대치이상수학교습소,서울,강남구
교육,대치이안어학원,서울,강남구
교육,대치이지스학원,서울,강남구
교육,대치이지영어학원,서울,강남구
교육,대치이화무용학원,서울,강남구
교육,대치인스카이에듀학원,서울,강남구
교육,대치인트로만화학원,서울,강남구
교육,대치잇올스파르타관리형프리미엄독서실,서울,강남구
교육,대치잇올스파르타독학재수학원,서울,강남구
교육,대치잉글리쉬파크어학원,서울,강남구
교육,대치정상수학학원,서울,강남구
교육,대치제이프라임학원,서울,강남구
교육,대치중심학원,서울,강남구
교육,대치진수학학원,서울,강남구
교육,대치청담어학학원,서울,강남구
교육,대치청솔학원,서울,강남구
교육,대치청연학원,서울,강남구
교육,대치최고수학학원,서울,강남구
교육,대치카리스영어학원,서울,강남구
교육,대치카이스학원,서울,강남구
교육,대치쿰100(2관)학원,서울,강남구
교육,대치쿰100학원,서울,강남구
교육,대치타파학원,서울,강남구
교육,대치탑메이드학원,서울,강남구
교육,대치탑엠케이(MK)학원,서울,강남구
교육,대치특목사관학원,서울,강남구
교육,대치티앤씨수학학원,서울,강남구
교육,대치파인만컨설팅학원,서울,강남구
교육,대치파인만학원,서울,강남구
교육,대치퍼스트클래스학원,서울,강남구
교육,대치퍼스트학원,서울,강남구
교육,대치페르마정석학원,서울,강남구
교육,대치프라우드7학원,서울,강남구
교육,대치프라임독서실,서울,강남구
교육,대치플라즈마학원,서울,강남구
교육,대치피아노교습소,서울,강남구
교육,대치필학원,서울,강남구
교육,대치하나영어교습소,서울,강남구
교육,대치한뜻음악학원,서울,강남구
교육,대치한우리독서토론논술교습소,서울,강남구
교육,대치한울수학학원,서울,강남구
교육,대치해강학원,서울,강남구
교육,대치해냄학원,서울,강남구
교육,대치해법수학학원,서울,강남구
교육,대치해법중국어교습소,서울,강남구
교육,대치현탑학원,서울,강남구
교육,대치혜성학원,서울,강남구
교육,대치휘튼학원,서울,강남구
교육,대학나무2관학원,서울,강남구
교육,대한논리청담논술교습소,서울,강남구
교육,대현학원,서울,강남구
교육,대훈영어교습소,서울,강남구
교육,대훈학원,서울,강남구
교육,댄스조아학원,서울,강남구
교육,더(THE)720학원,서울,강남구
교육,더(The)강한학원,서울,강남구
교육,더(THE)틴트미술학원,서울,강남구
교육,더감동미술학원,서울,강남구
교육,더과학교습소,서울,강남구
교육,더끌림미술학원,서울,강남구
교육,더끌림아트미술교습소,서울,강남구
교육,더루트수학교습소,서울,강남구
교육,더바이올리니스트음악교습소,서울,강남구
교육,더발레아카데미발레학원,서울,강남구
교육,더브리티시프렙(The British Prep)학원,서울,강남구
교육,더브아카데미학원,서울,강남구
교육,더블린독서실,서울,강남구
교육,더블유(W)액팅연기학원,서울,강남구
교육,더블유에스이티코리아와인비전호텔관광학원,서울,강남구
교육,더블유프렙어학원,서울,강남구
교육,더서울(THESEOUL)국제화교습소,서울,강남구
교육,더선수학교습소,서울,강남구
교육,더쇼프로젝트모델학원,서울,강남구
교육,더수시입시컨설팅학원,서울,강남구
교육,더쌤수학교습소,서울,강남구
교육,더아이노블강남본원어학원,서울,강남구
교육,더알고리즘(The Algorithm)학원,서울,강남구
교육,더엠영어교습소,서울,강남구
교육,더올림수학교습소,서울,강남구
교육,더원학원,서울,강남구
교육,더인에듀학원,서울,강남구
교육,더코어패러다임학원,서울,강남구
교육,더키움엔터테인먼트학원,서울,강남구
교육,더킹고등수학전문학원,서울,강남구
교육,더포트폴리오유학미술학원,서울,강남구
교육,더프라임수학학원,서울,강남구
교육,더프린키피아영재교육아카데미학원,서울,강남구
교육,더피아노스튜디오피아노교습소,서울,강남구
교육,더함수학전문학원,서울,강남구
교육,더함한국화학원,서울,강남구
교육,덕스어학원,서울,강남구
교육,데시앙포레해법수학교습소,서울,강남구
교육,데오럭스입시컨설팅학원,서울,강남구
교육,데프댄스(DEF DANCE)학원,서울,강남구
교육,데프실용음악학원,서울,강남구
교육,델타수학학원,서울,강남구
교육,델탑수학교습소,서울,강남구
교육,델포이영어교습소,서울,강남구
교육,도곡렉슬예랑미술학원,서울,강남구
교육,도곡미술교습소,서울,강남구
교육,도곡스토리피아노교습소,서울,강남구
교육,도곡시매쓰보습학원,서울,강남구
교육,도곡프렌즈미술교습소,서울,강남구
교육,도곡한뜻음악교습소,서울,강남구
교육,도곡한탑학원,서울,강남구
교육,도민서당한문교습소,서울,강남구
교육,도성해법수학교습소,서울,강남구
교육,도시개발신문아카데미학원,서울,강남구
교육,도어즈연극영화연출아카데미학원,서울,강남구
교육,도화2관미술학원,서울,강남구
교육,도화선한국화미술학원,서울,강남구
교육,독문화독일어통역학원,서울,강남구
교육,독서하브루타논술교습소,서울,강남구
교육,독수리수학전문학원,서울,강남구
교육,독일기타교습소,서울,강남구
교육,독해로독서를꽃피우다국어교습소,서울,강남구
교육,돈키학원,서울,강남구
교육,돌파수학학원,서울,강남구
교육,동경일본어교습소,서울,강남구
교육,동아수학교습소,서울,강남구
교육,동의엠성인고시학원,서울,강남구
교육,동현음악학원,서울,강남구
교육,두:스(頭`s)독서실,서울,강남구
교육,두각S관학원,서울,강남구
교육,두각다비치관학원,서울,강남구
교육,두각다율관학원,서울,강남구
교육,두각비전관학원,서울,강남구
교육,두각우전관학원,서울,강남구
교육,두각입시연구소길학원,서울,강남구
교육,두각진학학원,서울,강남구
교육,두각탑학원,서울,강남구
교육,두각태성관학원,서울,강남구
교육,두뇌로영재수학학원,서울,강남구
교육,두다국어교습소,서울,강남구
교육,두다국어학원,서울,강남구
교육,두들펀(Doodle fun)미술학원,서울,강남구
교육,두사이언스학원,서울,강남구
교육,두사이언스화학교습소,서울,강남구
교육,두원국어교습소,서울,강남구
교육,두원수학교습소,서울,강남구
교육,듀얼스페이스수학학원,서울,강남구
교육,듀크어학원,서울,강남구
교육,드림에듀케이션학원,서울,강남구
교육,드림에듀학원,서울,강남구
교육,드림오브엑터스아카데미학원,서울,강남구
교육,드림팩토리컴퓨터학원,서울,강남구
교육,드림피아노교습소,서울,강남구
교육,드림하이본원학원,서울,강남구
교육,드림하이수학교습소,서울,강남구
교육,디디댄스스튜디오(DD DANCE STUDIO)학원,서울,강남구
교육,디딤국어교습소,서울,강남구
교육,디랩학원,서울,강남구
교육,디비니티에듀보습학원,서울,강남구
교육,디아이파트너즈학원,서울,강남구
교육,디아주수학학원,서울,강남구
교육,디앤디학원,서울,강남구
교육,디엠댄스학원,서울,강남구
교육,디와이비최선어학원,서울,강남구
교육,디와이에스강인학원,서울,강남구
교육,디자인고흐본관미술학원,서울,강남구
교육,디자인고흐신관미술학원,서울,강남구
교육,디자인나스강남점학원,서울,강남구
교육,디자인더끌림미술학원,서울,강남구
교육,디자인분더미술교습소,서울,강남구
교육,디자인센트럴학원,서울,강남구
교육,디자인하다미술학원,서울,강남구
교육,디제이소사이어티학원,서울,강남구
교육,디파인수학전문학원,서울,강남구
교육,따뜻한수학교습소,서울,강남구
교육,따뜻한영어교습소,서울,강남구
교육,딱이만큼영어연구소학원,서울,강남구
교육,띵킹(Think-Eng)어학원,서울,강남구
교육,라도라음악학원,서울,강남구
교육,라듀원격학원,서울,강남구
교육,라드유학미술교습소,서울,강남구
교육,라라뮤직(LALA MUSIC)음악교습소,서울,강남구
교육,라라자람음악학원,서울,강남구
교육,라라잼바이올린교습소,서울,강남구
교육,라무지카음악교습소,서울,강남구
교육,라미아카데미학원,서울,강남구
교육,라미학원,서울,강남구
교육,라벨피아노교습소,서울,강남구
교육,라스트보컬학원,서울,강남구
교육,라시엘아트미술교습소,서울,강남구
교육,라온논술교습소,서울,강남구
교육,라온액터스연기아카데미신관학원,서울,강남구
교육,라온액터스연기아카데미학원,서울,강남구
교육,라온제나스피치학원,서울,강남구
교육,라윤이욱재프랑스어교습소,서울,강남구
교육,라이브아미(LIVEARMY)학원,서울,강남구
교육,라인액팅스쿨학원,서울,강남구
교육,라임라이트공연영상입시학원,서울,강남구
교육,라임영어교습소,서울,강남구
교육,라임음악교습소,서울,강남구
교육,라즈원격교습학원,서울,강남구
교육,라트학원,서울,강남구
교육,라플라스수학챌린지관학원,서울,강남구
교육,라플라스수학학원,서울,강남구
교육,라플라스어드벤스관수학학원,서울,강남구
교육,라하잉글리시에이블수학바른국어학원,서울,강남구
교육,라하잉글리시율현영어교습소,서울,강남구
교육,란이화무용학원,서울,강남구
교육,란피아노교습소,서울,강남구
교육,람아트학원,서울,강남구
교육,랜드잇원격학원,서울,강남구
교육,랩미술학원,서울,강남구
교육,랭귀지윌학원,서울,강남구
교육,랭귀지큐브압구정어학학원,서울,강남구
교육,랭귀지큐브역삼어학학원,서울,강남구
교육,러닝스푼즈학원,서울,강남구
교육,러닝압구정어학학원,서울,강남구
교육,러닝포리스트(Learning Forest)학원,서울,강남구
교육,러블리윙화술교습소,서울,강남구
교육,러셀대치2관학원,서울,강남구
교육,러셀대치학원,서울,강남구
교육,러셀바른공부자습전용관5관독서실,서울,강남구
교육,러셀바른공부자습전용관6관독서실,서울,강남구
교육,러셀바른공부자습전용관학원,서울,강남구
교육,럭셔리비지니스인스티튜트학원,서울,강남구
교육,런스팀로봇학원,서울,강남구
교육,런앤리드영어교습소,서울,강남구
교육,런연기학원,서울,강남구
교육,레드매쓰수학학원,서울,강남구
교육,레베라어학원,서울,강남구
교육,레벨업아카데미학원,서울,강남구
교육,레어랩영어교습소,서울,강남구
교육,레인보우피아노교습소,서울,강남구
교육,레츠댄스(LETZDANCE)학원,서울,강남구
교육,렉스김어학원,서울,강남구
교육,렉스피아노스튜디오(Rex Piano Studio)피아노교습소,서울,강남구
교육,렉슬플라이학원,서울,강남구
교육,로고스논술구술학원,서울,강남구
교육,로고스제4관학원,서울,강남구
교육,로고스학원,서울,강남구
교육,로그엔코딩학원,서울,강남구
교육,로그인독서실,서울,강남구
교육,로그인에듀케이션(LOGINEDUCATION)학원,서울,강남구
교육,로그인학원,서울,강남구
교육,로두스3관보습학원,서울,강남구
교육,로드맵어학원,서울,강남구
교육,로드맵학원,서울,강남구
교육,로보로보로봇과학학원,서울,강남구
교육,로사피아노교습소,서울,강남구
교육,로앤피황남기로스쿨아카데미학원,서울,강남구
교육,로얄블루유학미술학원,서울,강남구
교육,로얄아이비학원,서울,강남구
교육,로이스지피에이(Roy`s GPA)학원,서울,강남구
교육,로이액터스연기학원,서울,강남구
교육,로제타스톤영어교실교습소,서울,강남구
교육,루나리치요리아카데미학원,서울,강남구
교육,루멘학원,서울,강남구
교육,루미가넷네일아카데미학원,서울,강남구
교육,루산보습학원,서울,강남구
교육,루소트레이닝랩학원,서울,강남구
교육,루크아카데미학원,서울,강남구
교육,루트학원,서울,강남구
교육,룩미술교습소,서울,강남구
교육,룩스미아(Luxmea)수학교습소,서울,강남구
교육,룩스피아노교습소,서울,강남구
교육,류샘중국어교습소,서울,강남구
교육,류융휘수학교습소,서울,강남구
교육,류융휘수학학원,서울,강남구
교육,류지혜국어논술학원,서울,강남구
교육,르자당학원,서울,강남구
교육,르헤브스쿨오브아트유학미술학원,서울,강남구
교육,리네아아카데미학원,서울,강남구
교육,리더스논술교습소,서울,강남구
교육,리더스아카데미어학원,서울,강남구
교육,리더스어학원,서울,강남구
교육,리더스에듀보습학원,서울,강남구
교육,리더스엠비에이어학원,서울,강남구
교육,리더스영어교습소,서울,강남구
교육,리더의마케팅클래스학원,서울,강남구
교육,리드101대치영어학원,서울,강남구
교육,리드101도곡영어학원,서울,강남구
교육,리드101삼성영어학원,서울,강남구
교육,리드101압구정영어학원,서울,강남구
교육,리드101자곡영어학원,서울,강남구
교육,리드인독서중심국어교습소,서울,강남구
교육,리드인역삼독서논술교습소,서울,강남구
교육,리드홀릭학원,서울,강남구
교육,리든어학원,서울,강남구
교육,리디아의라이브러리영어교습소,서울,강남구
교육,리딩가든영어학원,서울,강남구
교육,리딩코치원서리딩영어교습소,서울,강남구
교육,리딩타운어학원,서울,강남구
교육,리보이스인스티튜트실용음악학원,서울,강남구
교육,리브원오원(live101)원격학원,서울,강남구
교육,리상논술학원,서울,강남구
교육,리앤제이영어학원,서울,강남구
교육,리얼코딩아바타원격학원,서울,강남구
교육,리엔이화피아노교습소,서울,강남구
교육,리엔주산교습소,서울,강남구
교육,리온미술학원,서울,강남구
교육,리온쥬니어미술학원,서울,강남구
교육,리온플러스미술학원,서울,강남구
교육,리즈아트스튜디오미술교습소,서울,강남구
교육,리치베이비(Rich baby)연기학원,서울,강남구
교육,리치프렙학원,서울,강남구
교육,리타스융합미술학원,서울,강남구
교육,리터니손민국어교습소,서울,강남구
교육,리트머스미술학원,서울,강남구
교육,리틀뮤즈음악학원,서울,강남구
교육,리틀쇼팽음악학원,서울,강남구
교육,리틀팍스어학원,서울,강남구
교육,리틀핸즈(Little Hands)학원,서울,강남구
교육,릴리프아카데미학원,서울,강남구
교육,림박프랑스어학원,서울,강남구
교육,링크(LINK)물리학원,서울,강남구
교육,마가학원,서울,강남구
교육,마녀수학교습소,서울,강남구
교육,마두식순수학원,서울,강남구
교육,마로학원,서울,강남구
교육,마루국어압구정학원,서울,강남구
교육,마루국어학원,서울,강남구
교육,마루원격학원,서울,강남구
교육,마리아영어(MARIA ENGLISH)교습소,서울,강남구
교육,마리아트미술교습소,서울,강남구
교육,마리엠아카데미학원,서울,강남구
교육,마스터클래스학원,서울,강남구
교육,마음의눈미술학원,서울,강남구
교육,마이뮤직칸타빌레음악교습소,서울,강남구
교육,마이아틀리에미술교습소,서울,강남구
교육,마이아틀리에미술학원,서울,강남구
교육,마이엠원수학교습소,서울,강남구
교육,마이진로컨설팅센터학원,서울,강남구
교육,마이티애견미용학원,서울,강남구
교육,마이팔레트(My Palette)미술교습소,서울,강남구
교육,마이프로젝트유학미술학원,서울,강남구
교육,마중물논술학원,서울,강남구
교육,마중물보습논술학원,서울,강남구
교육,마타수학학원,서울,강남구
교육,마풀원격학원,서울,강남구
교육,막강수학학원,서울,강남구
교육,막강학원,서울,강남구
교육,만두쌤과특별한미술교습소,서울,강남구
교육,만지학원,서울,강남구
교육,만하임바이올린음악교습소,서울,강남구
교육,말하는미술가미술교습소,서울,강남구
교육,맑은샘학원,서울,강남구
교육,맑은소리음악교습소,서울,강남구
교육,맑은소리피아노교습소,서울,강남구
교육,맘끄취미미술학원,서울,강남구
교육,매그나학원,서울,강남구
교육,매쓰더케이(math.TheK)수학교습소,서울,강남구
교육,매쓰무적학원,서울,강남구
교육,매쓰스토리수학교습소,서울,강남구
교육,매쓰점프수학교습소,서울,강남구
교육,매쓰제이비클래스(MATH JB CLASS)수학교습소,서울,강남구
교육,매쓰코드수학학원,서울,강남구
교육,매쓰탑수학학원,서울,강남구
교육,매쓰포유수학교습소,서울,강남구
교육,매쓰포인트수학학원,서울,강남구
교육,매쓰피아수학교습소,서울,강남구
교육,매치스투디오실용음악학원,서울,강남구
교육,맥사이언스과학교습소,서울,강남구
교육,맥스전성식수학교습소,서울,강남구
교육,맥스터디개포독서실,서울,강남구
교육,맥스화학교습소,서울,강남구
교육,맥퀸즈플라워학원,서울,강남구
교육,맨하탄어학원,서울,강남구
교육,맨하튼첼로교습소,서울,강남구
교육,맵플러스수학교습소,서울,강남구
교육,맹모지교학원,서울,강남구
교육,메가스터디아이티아카데미학원,서울,강남구
교육,메가스터디컴퓨터아카데미학원,서울,강남구
교육,메가엠디강남로스쿨별관학원,서울,강남구
교육,메가엠디강남에스(S)캠퍼스별관학원,서울,강남구
교육,메가엠디강남에스(S)캠퍼스학원,서울,강남구
교육,메가엠디강남완전학습관별관학원,서울,강남구
교육,메가엠디강남완전학습관학원,서울,강남구
교육,메가엠디강남캠퍼스학원,서울,강남구
교육,메가엠디강남피이이티(PEET)재수종합반전용관학원,서울,강남구
교육,메가엠디강남피이이티(PEET)종합반전용관제1학원,서울,강남구
교육,메가엠디강남피이이티(PEET)종합반전용관제2학원,서울,강남구
교육,메가엠디강남피이이티(PEET)종합반전용관제3학원,서울,강남구
교육,메가엠디강남피이이티(PEET)종합반전용관제4학원,서울,강남구
교육,메가엠디스터디독서실,서울,강남구
교육,메가엠디엠디(MD)종합반전용관학원,서울,강남구
교육,메르뷰미용학원,서울,강남구
교육,메리메리아트인스티튜트학원,서울,강남구
교육,메리앤지네일아카데미학원,서울,강남구
교육,메리지안미술교습소,서울,강남구
교육,메릭스해법수학교습소,서울,강남구
교육,메사(MESA)인재관학원,서울,강남구
교육,메사(MESA)입시연구소학원,서울,강남구
교육,메사(MESA)초등의대관학원,서울,강남구
교육,메사(MESA)특목자사관학원,서울,강남구
교육,메이드1관학원,서울,강남구
교육,메이드5관학원,서울,강남구
교육,메이드대치역점학원,서울,강남구
교육,메이저수학교습소,서울,강남구
교육,메이지유미용학원,서울,강남구
교육,메이커스어학원,서울,강남구
교육,메이큐마인웍스학원,서울,강남구
교육,메이크에이학원,서울,강남구
교육,메이킷코드랩학원,서울,강남구
교육,메이플립보습학원,서울,강남구
교육,메인트레이닝센터학원,서울,강남구
교육,메종드바이올린음악교습소,서울,강남구
교육,메카(MECCA)학원,서울,강남구
교육,메타스콜레원격학원,서울,강남구
교육,메타코드디자인미술학원,서울,강남구
교육,메테오에듀컨설팅진학상담지도교습소,서울,강남구
교육,멘사앤블럭창의학원,서울,강남구
교육,멘토스테이블(Mentors`Table)학원,서울,강남구
교육,멘토스플러스진학상담지도교습소,서울,강남구
교육,멘토스학원,서울,강남구
교육,멘토스학원2관학원,서울,강남구
교육,멘토표은주국어교습소,서울,강남구
교육,멘토플러스영어교습소,서울,강남구
교육,멜로디피아노,서울,강남구
교육,명석학원,서울,강남구
교육,명선과학교습소,서울,강남구
교육,명성국어교습소,서울,강남구
교육,명성수학교습소,서울,강남구
교육,명성아카데미음악학원,서울,강남구
교육,명인2관학원,서울,강남구
교육,명인학원,서울,강남구
교육,명지대이세돌바둑교습소,서울,강남구
교육,명진학원,서울,강남구
교육,명품수학교습소,서울,강남구
교육,모노스2관학원,서울,강남구
교육,모노스학원,서울,강남구
교육,모니카김영어스타일학원,서울,강남구
교육,모닝에듀어학원,서울,강남구
교육,모닝에듀학원,서울,강남구
교육,모다랩패션디자인학원,서울,강남구
교육,모던수학교습소,서울,강남구
교육,모던스테이지현대무용학원,서울,강남구
교육,모델라인모델학원,서울,강남구
교육,모두다른고양이미술학원,서울,강남구
교육,모두스만화애니전문학원,서울,강남구
교육,모듈러(Modular)학원,서울,강남구
교육,모든것을능가하는국어학원,서울,강남구
교육,모래공장아카데미학원,서울,강남구
교육,모션랩학원,서울,강남구
교육,모스트아카데미어학원,서울,강남구
교육,모아미술교습소,서울,강남구
교육,모아시스수학교습소,서울,강남구
교육,모아에듀학원,서울,강남구
교육,모아트스튜디오(MO ART STUDIO)실용취미미술학원,서울,강남구
교육,모인미술교습소,서울,강남구
교육,모짜르트음악교습소,서울,강남구
교육,모차르트음악교습소,서울,강남구
교육,모티브영어교습소,서울,강남구
교육,모티브학원,서울,강남구
교육,몬스터프라임과학교습소,서울,강남구
교육,몬스터학원,서울,강남구
교육,몬테키즈어학원,서울,강남구
교육,몰입학원,서울,강남구
교육,무나리아트미술교습소,서울,강남구
교육,무한도약학원,서울,강남구
교육,무한도전수학과학학원,서울,강남구
교육,묵연전통채색화학원,서울,강남구
교육,문경희영어학원,서울,강남구
교육,문릿꽃꽂이학원,서울,강남구
교육,문미경교습소,서울,강남구
교육,문스음악교습소,서울,강남구
교육,문예원웅변학원,서울,강남구
교육,문학당언어논술교습소,서울,강남구
교육,뮤닥터댄스학원,서울,강남구
교육,뮤닥터실용음악학원,서울,강남구
교육,뮤라벨성인전문음악학원,서울,강남구
교육,뮤엠개포클레어영어교습소,서울,강남구
교육,뮤엠영어교습소,서울,강남구
교육,뮤엠영어세곡학원,서울,강남구
교육,뮤엠일원데시앙영어교습소,서울,강남구
교육,뮤엠일원목련점영어교습소,서울,강남구
교육,뮤직기타음악교습소,서울,강남구
교육,뮤직스토리음악교습소,서울,강남구
교육,뮤직팰리스음악교습소,서울,강남구
교육,미강에듀학원,서울,강남구
교육,미강학원,서울,강남구
교육,미공플랜학원,서울,강남구
교육,미노스주얼리아카데미학원,서울,강남구
교육,미대재수전문대치이든학원,서울,강남구
교육,미대편입강남창조별관학원,서울,강남구
교육,미대편입순학원,서울,강남구
교육,미도움미술학원,서울,강남구
교육,미도파인만학원,서울,강남구
교육,미도한뜻음악학원,서울,강남구
교육,미라클음악학원,서울,강남구
교육,미래로입시컨설팅학원,서울,강남구
교육,미래영재보습학원,서울,강남구
교육,미래의학원,서울,강남구
교육,미래인재수학교습소,서울,강남구
교육,미래인재컨설팅학원,서울,강남구
교육,미래중심학원,서울,강남구
교육,미래지티아카데미학원,서울,강남구
교육,미래탐구고등학원,서울,강남구
교육,미래탐구별관학원,서울,강남구
교육,미래탐구중등학원,서울,강남구
교육,미래탐구학원,서울,강남구
교육,미래한국인학원,서울,강남구
교육,미립국어교습소,서울,강남구
교육,미생바둑학원,서울,강남구
교육,미소수학학원,서울,강남구
교육,미술공작소연학원,서울,강남구
교육,미술놀이터미술교습소,서울,강남구
교육,미술로생각하기반포학원,서울,강남구
교육,미스터매쓰수학교습소,서울,강남구
교육,미즈노블청담글로벌뷰티아트센터미용학원,서울,강남구
교육,미코와사람들미용교습소,서울,강남구
교육,미탐대치학원,서울,강남구
교육,미탐영재센터학원,서울,강남구
교육,미탐인학원,서울,강남구
교육,미탐프리미어학원,서울,강남구
교육,미투스카이학원,서울,강남구
교육,미퍼스트학원,서울,강남구
교육,민(MIN)영어교습소,서울,강남구
교육,민교수수학교습소,서울,강남구
교육,민랩원격학원,서울,강남구
교육,민수학교습소,서울,강남구
교육,민수학학원,서울,강남구
교육,민피아노교습소,서울,강남구
교육,밀수학교습소,서울,강남구
교육,밍중국어교습소,서울,강남구
교육,바로에이아이아카데미(BARO AI ACADEMY)학원,서울,강남구
교육,바룸학원,서울,강남구
교육,바른공부독서실,서울,강남구
교육,바른길입시교육컨설팅학원,서울,강남구
교육,바른수학교습소,서울,강남구
교육,바른아트센터2학원,서울,강남구
교육,바른아트센터미술학원,서울,강남구
교육,바모스수학학원,서울,강남구
교육,바운더리랩미술교습소,서울,강남구
교육,바이올린랜드음악교습소,서울,강남구
교육,바이칼수학원,서울,강남구
교육,바짝독서실,서울,강남구
교육,바하음악교습소,서울,강남구
교육,박금옥바이올린음악교습소,서울,강남구
교육,박기호논술학원,서울,강남구
교육,박동완영어교습소,서울,강남구
교육,박문각편입강남단과학원,서울,강남구
교육,박문각편입학원,서울,강남구
교육,박미숙교습소,서울,강남구
교육,박민선째즈피아,서울,강남구
교육,박샘다비드조소학원,서울,강남구
교육,박샘조형예술학원,서울,강남구
교육,박서형과학교습소,서울,강남구
교육,박선명과학논술교습소,서울,강남구
교육,박성희플룻교습소,서울,강남구
교육,박세니멘탈아카데미학원,서울,강남구
교육,박승철뷰티아카데미학원,서울,강남구
교육,박연진바이올린교습소,서울,강남구
교육,박영배수학교습소,서울,강남구
교육,박준영논리속독학원,서울,강남구
교육,박중수오보에교습소,서울,강남구
교육,박코치강남어학원,서울,강남구
교육,박태연한국사교습소,서울,강남구
교육,박태오물리학교습소,서울,강남구
교육,박현고급영어교습소,서울,강남구
교육,박현국어학원,서울,강남구
교육,박혜선아트스테이지아카데미학원,서울,강남구
교육,박희종논술학원,서울,강남구
교육,반노익학원,서울,강남구
교육,반디영어교습소,서울,강남구
교육,반디학원,서울,강남구
교육,반석음악학원,서울,강남구
교육,반앤반어학원,서울,강남구
교육,반짝이는상상중공예교습소,서울,강남구
교육,반포스피커스압구정영어교습소,서울,강남구
교육,발레끌레망아카데미학원,서울,강남구
교육,발레슈학원,서울,강남구
교육,발레앤모델학원,서울,강남구
교육,발자국소리가큰아이들청담미술학원,서울,강남구
교육,방배솔기타교습소,서울,강남구
교육,배기범통합과학원격학원,서울,강남구
교육,배드코치(BAD COACH)수학교습소,서울,강남구
교육,배선생학원,서울,강남구
교육,배선영국어학원,서울,강남구
교육,배영주미술교습소,서울,강남구
교육,배우들연기학원,서울,강남구
교육,배우로가는길연기학원,서울,강남구
교육,배우마당연기교습소,서울,강남구
교육,배우마당연기학원,서울,강남구
교육,배우의길연기학원,서울,강남구
교육,백년나무교육학원,서울,강남구
교육,백년대계수학교습소,서울,강남구
교육,백상국어학원,서울,강남구
교육,백샘마중물국어교습소,서울,강남구
교육,백전백승수학교습소,서울,강남구
교육,백중에이(A)학원,서울,강남구
교육,밸류인수학학원,서울,강남구
교육,밸리댄스코리아학원,서울,강남구
교육,벌리츠어학원,서울,강남구
교육,범수학학원,서울,강남구
교육,베가스잉글리쉬영어교습소,서울,강남구
교육,베르나더스아카데미(BERNARDUS ACADEMY)학원,서울,강남구
교육,베를린독일어통역학원,서울,강남구
교육,베를린입시음악학원,서울,강남구
교육,베리타스미아영어교습소,서울,강남구
교육,베테랑스어학원,서울,강남구
교육,벡터수학교습소,서울,강남구
교육,벤자민입시컨설팅학원,서울,강남구
교육,벧엘피아노교습소,서울,강남구
교육,벼리아카데미진학상담지도교습소,서울,강남구
교육,변성환수학교습소,서울,강남구
교육,별나무미술교습소,서울,강남구
교육,별빛아트미술교습소,서울,강남구
교육,별사탕연기학원,서울,강남구
교육,별하늘국어교습소,서울,강남구
교육,보라쿠끼아이오학원,서울,강남구
교육,보람과학수학학원,서울,강남구
교육,보람국어교습소,서울,강남구
교육,보이스멘토성우화술학원,서울,강남구
교육,보카퍼스트학원,서울,강남구
교육,보컬프렌즈실용음악학원,서울,강남구
교육,보탬해법영어교습소,서울,강남구
교육,본국어학원,서울,강남구
교육,본미술학원,서울,강남구
교육,본수학전문학원,서울,강남구
교육,본아트미술학원,서울,강남구
교육,봄그리고상상미술학원,서울,강남구
교육,봄날수학교습소,서울,강남구
교육,봄날의미술교습소,서울,강남구
교육,봄온아카데미학원,서울,강남구
교육,부강독서실,서울,강남구
교육,부동산경공매교육학원,서울,강남구
교육,부동산전문가포럼교육학원,서울,강남구
교육,부엉이학원,서울,강남구
교육,분더카머독서논술교습소,서울,강남구
교육,분석국어교습소,서울,강남구
교육,뷰쎄아카데미학원,서울,강남구
교육,뷰티랩아카데미학원,서울,강남구
교육,뷰티풀마인드수학학원,서울,강남구
교육,브라이트잉글리쉬(Bright English)영어교습소,서울,강남구
교육,브라이튼아카데미(Brighten Academy)어학원,서울,강남구
교육,브람스음악교습소,서울,강남구
교육,브러쉬온학원,서울,강남구
교육,브레노스매쓰몽창의융합영재관학원,서울,강남구
교육,브레인밸리2관학원,서울,강남구
교육,브레인밸리고등관학원,서울,강남구
교육,브레인밸리코딩학원,서울,강남구
교육,브레인밸리학원,서울,강남구
교육,브레인스토어코리아학원,서울,강남구
교육,브레인팩토리미술학원,서울,강남구
교육,브레인팩토리솔루션학원,서울,강남구
교육,브레인힐학원,서울,강남구
교육,브로드웨이뮤지컬센터학원,서울,강남구
교육,브리티시어학원,서울,강남구
교육,브릭스(Brix)학원,서울,강남구
교육,브릿비잉글리시영어학원,서울,강남구
교육,브릿지투더스카이학원,서울,강남구
교육,브이에스(VS)비상학원,서울,강남구
교육,브이에스랩컴퓨터아트학원,서울,강남구
교육,브이에스엠(VSM)보컬아카데미학원,서울,강남구
교육,블라썸(BLOSSOM)수학교습소,서울,강남구
교육,블랑쉬아트학원,서울,강남구
교육,블랙칸댄스학원,서울,강남구
교육,블루리본에듀학원,서울,강남구
교육,블루리본주니어학원,서울,강남구
교육,블루밍아트미술교습소,서울,강남구
교육,블루숲미술교습소,서울,강남구
교육,블루스카이학원,서울,강남구
교육,블루에듀수학교습소,서울,강남구
교육,블루큐브어학원,서울,강남구
교육,블루키대치어학원,서울,강남구
교육,블루키프렙어학원,서울,강남구
교육,블루프린트프렙원격학원,서울,강남구
교육,블룸스버리어학원,서울,강남구
교육,블리스댄스스포츠학원,서울,강남구
교육,비뉴베실용음악학원,서울,강남구
교육,비다이미술학원,서울,강남구
교육,비바댄스스포츠학원,서울,강남구
교육,비바음악학원,서울,강남구
교육,비스컴디자인학원,서울,강남구
교육,비앤알에듀케이션학원,서울,강남구
교육,비에이(BA)영어교습소,서울,강남구
교육,비에프(BF)영어학원,서울,강남구
교육,비엘영어교습소,서울,강남구
교육,비엠아이(BMI-Butterfly Math Institute)수학학원,서울,강남구
교육,비움앤채움뷰티아카데미학원,서울,강남구
교육,비전21네오관학원,서울,강남구
교육,비전21키움관학원,서울,강남구
교육,비전과멘토학원,서울,강남구
교육,비전수학교습소,서울,강남구
교육,비전앤(N)독학재수관독서실,서울,강남구
교육,비채수학원,서울,강남구
교육,비크루에어라인승무원학원,서울,강남구
교육,비타민사진학원,서울,강남구
교육,비탑영어그릿수학831학원,서울,강남구
교육,비티씨아카데미학원,서울,강남구
교육,비해당국선생국어교습소,서울,강남구
교육,빅스영어보습학원,서울,강남구
교육,빅터스연기학원,서울,강남구
교육,빛입시교육컨설팅진학상담지도교습소,서울,강남구
교육,빛찬숲칼렛국어교습소,서울,강남구
교육,빡미아과학학원,서울,강남구
교육,빨간펜수학의달인강남개포점교습소,서울,강남구
교육,빨간펜수학의달인포이초점수학교습소,서울,강남구
교육,뿌리깊은나무학원,서울,강남구
교육,뿌리깊은수학학원,서울,강남구
교육,뿌리서당영어교습소,서울,강남구
교육,뿌리수학영어학원,서울,강남구
교육,쁠마영어교습소,서울,강남구
교육,사고력수학시매쓰학원,서울,강남구
교육,사고의흐름수학교습소,서울,강남구
교육,사람인미술학원,서울,강남구
교육,사랑음악학원,서울,강남구
교육,사비(4B)미술교습소,서울,강남구
교육,사실주의연기학원,서울,강남구
교육,사운디스트학원,서울,강남구
교육,사이다경제학원,서울,강남구
교육,사이리즘아카데미미용학원,서울,강남구
교육,사이버제이엘에스원격학원,서울,강남구
교육,사이언스액션과학교습소,서울,강남구
교육,산꼭대기미술학원,서울,강남구
교육,산논술학원,서울,강남구
교육,산에듀김영준국어논술학원신관학원,서울,강남구
교육,삼광잉글리쉬에듀케이션영어교습소,서울,강남구
교육,삼릉음악교습소,서울,강남구
교육,삼보어학원,서울,강남구
교육,삼성경기보습학원,서울,강남구
교육,삼성점그린독서실,서울,강남구
교육,삼성탑독서실,서울,강남구
교육,삼성힐학원,서울,강남구
교육,삼화학원,서울,강남구
교육,상산수학교습소,서울,강남구
교육,상상력발전소보습학원,서울,강남구
교육,상상발전소입시센터학원,서울,강남구
교육,상상사진학원,서울,강남구
교육,상상인학원,서울,강남구
교육,상솔보습학원,서울,강남구
교육,상신학원,서울,강남구
교육,상아3관학원,서울,강남구
교육,상아학원,서울,강남구
교육,상온보습학원,서울,강남구
교육,상위권수학강남구청점학원,서울,강남구
교육,상위권수학학원,서울,강남구
교육,상지보습학원,서울,강남구
교육,새론학원,서울,강남구
교육,새롬피아노,서울,강남구
교육,새밝보습학원,서울,강남구
교육,새움2관학원,서울,강남구
교육,새움3관학원,서울,강남구
교육,새움5관학원,서울,강남구
교육,새움7관학원,서울,강남구
교육,새움국어관학원,서울,강남구
교육,새움라이브러리독서실,서울,강남구
교육,새움입시연구소`길`학원,서울,강남구
교육,생각과표현국어학원,서울,강남구
교육,생각비타민국어학원,서울,강남구
교육,생각쌓기사고력수학교습소,서울,강남구
교육,생각의숲국어논술전문학원,서울,강남구
교육,생각이크는수학학원,서울,강남구
교육,생각이크는학원,서울,강남구
교육,생각하는수학학원,서울,강남구
교육,생각하는영재학원,서울,강남구
교육,생각하는황소2관학원,서울,강남구
교육,생각하는황소3관학원,서울,강남구
교육,생각하는황소4관학원,서울,강남구
교육,생각하는황소압구정학원,서울,강남구
교육,생각하는황소학원,서울,강남구
교육,생담수수학교습소,서울,강남구
교육,생생수리논술학원,서울,강남구
교육,샤인댄스학원,서울,강남구
교육,샤인진학상담교습소,서울,강남구
교육,샤콘느(Chaconne)바이올린교습소,서울,강남구
교육,샬롬피아노교습소,서울,강남구
교육,샵바이올린교습소,서울,강남구
교육,서술형논술형전문학원,서울,강남구
교육,서연국어교습소,서울,강남구
교육,서연수학교습소,서울,강남구
교육,서울뮤직센터학원,서울,강남구
교육,서울미술스튜디오학원,서울,강남구
교육,서울바움수학교습소,서울,강남구
교육,서울방송스피치아카데미학원,서울,강남구
교육,서울방송연기아카데미학원,서울,강남구
교육,서울사진영상IT학원,서울,강남구
교육,서울아카데미학원,서울,강남구
교육,서울음악교습소,서울,강남구
교육,서울이화음악교습소,서울,강남구
교육,서울지이디어학원,서울,강남구
교육,서울피아노교습소,서울,강남구
교육,서울학원,서울,강남구
교육,서울한국어아카데미학원,서울,강남구
교육,서울현대음악학원,서울,강남구
교육,서원학원,서울,강남구
교육,서초크라센2관학원,서울,강남구
교육,서하미술학원,서울,강남구
교육,서현수학교습소,서울,강남구
교육,석암당서원강남분원한자교습소,서울,강남구
교육,선,서울,강남구
교육,선경어학원,서울,강남구
교육,선경제니스어학원,서울,강남구
교육,선경지파이브(G5)학원,서울,강남구
교육,선경티비아이(TBI)학원,서울,강남구
교육,선릉위드피아노학원,서울,강남구
교육,선배스터디센터독서실,서울,강남구
교육,선선수학학원,서울,강남구
교육,선수학919학원,서울,강남구
교육,선아국어논술학원,서울,강남구
교육,선재수학학원,서울,강남구
교육,선제영어학원,서울,강남구
교육,선혜영교습소,서울,강남구
교육,선호학원,서울,강남구
교육,선화피아노교습소,서울,강남구
교육,설리번스쿨어학원,서울,강남구
교육,성공학원,서울,강남구
교육,성균창의독서교습소,서울,강남구
교육,성산학원,서울,강남구
교육,성은피아노교습소,서울,강남구
교육,세계로학원,서울,강남구
교육,세곡소마수학학원,서울,강남구
교육,세곡에이프릴어학원,서울,강남구
교육,세라핌음악학원,서울,강남구
교육,세린영어교습소,서울,강남구
교육,세븐에듀원격학원,서울,강남구
교육,세븐힐즈댄스스튜디오학원,서울,강남구
교육,세실피아노교습소,서울,강남구
교육,세실학원,서울,강남구
교육,세이노대치역점학원,서울,강남구
교육,세이노메이드7관학원,서울,강남구
교육,세이노본점학원,서울,강남구
교육,세이노학원,서울,강남구
교육,세전패션스쿨학원,서울,강남구
교육,세정4층학원,서울,강남구
교육,세정5층학원,서울,강남구
교육,세정과학관학원,서울,강남구
교육,세정미소관학원,서울,강남구
교육,세정스카이2관학원,서울,강남구
교육,세정스카이학원,서울,강남구
교육,세정입시관1층학원,서울,강남구
교육,세정입시관학원,서울,강남구
교육,세정초중등관학원,서울,강남구
교육,세정토모관학원,서울,강남구
교육,세정학원,서울,강남구
교육,세종수학과학전문학원,서울,강남구
교육,세터스어학원,서울,강남구
교육,세한와이즈컨설팅학원,서울,강남구
교육,세화학원,서울,강남구
교육,센텀수학학원,서울,강남구
교육,센티움학원,서울,강남구
교육,셀리즈클래스(Sally`s Class)영어교습소,서울,강남구
교육,소금수학교습소,서울,강남구
교육,소논문통합수학학원,서울,강남구
교육,소리샘피아노교습소,서울,강남구
교육,소리피아노교습소,서울,강남구
교육,소리하라/보이스펙트보컬아카데미학원,서울,강남구
교육,소미음악교습소,서울,강남구
교육,소이연논구술학원,서울,강남구
교육,소이클리닉수학교습소,서울,강남구
교육,소잉팩토리아카데미학원,서울,강남구
교육,소천피아노학원,서울,강남구
교육,소피아프렙(Sophia Prep)어학원,서울,강남구
교육,소향아카데미학원,서울,강남구
교육,손과학에스학원,서울,강남구
교육,손과학케이학원,서울,강남구
교육,손과학학원,서울,강남구
교육,손나래영어학원,서울,강남구
교육,손랩정보영재학원,서울,강남구
교육,손오공앤국어교습소,서울,강남구
교육,손창연논리영어교습소,서울,강남구
교육,솔(sol)수학학원,서울,강남구
교육,솔로몬사고력영어학원,서울,강남구
교육,솔로앤투티음악교습소,서울,강남구
교육,솔리움영어수학학원,서울,강남구
교육,솔밭언어논술국어교습소,서울,강남구
교육,솔트수학교습소,서울,강남구
교육,솔학원,서울,강남구
교육,송곳영어교습소,서울,강남구
교육,송선생중국어교습소,서울,강남구
교육,송앤박수학보습학원,서울,강남구
교육,송영지음악학원,서울,강남구
교육,송원학원,서울,강남구
교육,송윤논술교습소,서울,강남구
교육,쇼앤라이브쇼호스트아카데미스피치학원,서울,강남구
교육,쇼팽음악교습소,서울,강남구
교육,쇼팽음악학원,서울,강남구
교육,수(SU)과학교습소,서울,강남구
교육,수경국어교습소,서울,강남구
교육,수국수학과창의력학원,서울,강남구
교육,수능프로젝트학원,서울,강남구
교육,수람학원,서울,강남구
교육,수력학원,서울,강남구
교육,수리백수학교습소,서울,강남구
교육,수리학당학원,서울,강남구
교육,수림(秀林)수학학원,서울,강남구
교육,수마쿰라우데수학전문학원,서울,강남구
교육,수미상관한국어학원,서울,강남구
교육,수미상관한논술교습소,서울,강남구
교육,수미술교습소,서울,강남구
교육,수빈아카데미학원,서울,강남구
교육,수서브람스피아노교습소,서울,강남구
교육,수서신동아독서실,서울,강남구
교육,수서엘리트독서실,서울,강남구
교육,수서예림피아노교습소,서울,강남구
교육,수서정상어학원,서울,강남구
교육,수서피아노,서울,강남구
교육,수서해법영어교실교습소,서울,강남구
교육,수아뜰리에미술교습소,서울,강남구
교육,수아름수학교습소,서울,강남구
교육,수앤수수학학원,서울,강남구
교육,수언학원,서울,강남구
교육,수연기학원,서울,강남구
교육,수이수능학원,서울,강남구
교육,수이학원,서울,강남구
교육,수인뷰티아카데미학원,서울,강남구
교육,수준영재수학학원,서울,강남구
교육,수준플러스학원,서울,강남구
교육,수찬학원,서울,강남구
교육,수천하학원,서울,강남구
교육,수풀림수학교습소,서울,강남구
교육,수풀림수학학원,서울,강남구
교육,수플러스수학학원,서울,강남구
교육,수학공격수학교습소,서울,강남구
교육,수학공화국학원,서울,강남구
교육,수학과표현학원,서울,강남구
교육,수학관클탑학원,서울,강남구
교육,수학까페학원,서울,강남구
교육,수학나라교습소,서울,강남구
교육,수학대왕원격학원,서울,강남구
교육,수학돼지학원,서울,강남구
교육,수학마루교습소,서울,강남구
교육,수학몬스터대치학원,서울,강남구
교육,수학생각수학교습소,서울,강남구
교육,수학세상학원,서울,강남구
교육,수학쎈과학학원,서울,강남구
교육,수학에날개달기학원,서울,강남구
교육,수학에미친사람들학원,서울,강남구
교육,수학위를날다학원,서울,강남구
교육,수학은언어다수학교습소,서울,강남구
교육,수학을말하다수학교습소,서울,강남구
교육,수학의멘토2관학원,서울,강남구
교육,수학의멘토학원,서울,강남구
교육,수학의문학원,서울,강남구
교육,수학의미래학원,서울,강남구
교육,수학의샘수학교습소,서울,강남구
교육,수학의열쇠학원,서울,강남구
교육,수학의원리2관보습학원,서울,강남구
교육,수학의원리학원,서울,강남구
교육,수학의제국학원,서울,강남구
교육,수학의창문학원,서울,강남구
교육,수학의창학원,서울,강남구
교육,수학의흐름2관수학교습소,서울,강남구
교육,수학의흐름학원,서울,강남구
교육,수학이랑노는토끼(BPM)학원,서울,강남구
교육,수학이좋은아이수학교습소,서울,강남구
교육,수학작가수학교습소,서울,강남구
교육,수학전문가집단학원,서울,강남구
교육,수학전문강남수학원,서울,강남구
교육,수학전문로커스학원,서울,강남구
교육,수학전문순수학원,서울,강남구
교육,수학하는부엉이학원,서울,강남구
교육,수학하마수학교습소,서울,강남구
교육,수학혁명학원,서울,강남구
교육,수현과학교습소,서울,강남구
교육,숨마투스선릉학원,서울,강남구
교육,숨아카데미(Soom academy)학원,서울,강남구
교육,숲정선수학교습소,서울,강남구
교육,쉿연기학원,서울,강남구
교육,슈만피아노교습소,서울,강남구
교육,슈베르트피아노교습소 ,서울,강남구
교육,슈브영어교습소,서울,강남구
교육,슈파스학원,서울,강남구
교육,슈퍼멘토학원,서울,강남구
교육,스누키피아수학교습소,서울,강남구
교육,스마트(smart)러닝센터학원,서울,강남구
교육,스마트학원,서울,강남구
교육,스마트해법수학개포스마트플레이스수학교습소,서울,강남구
교육,스마트해법수학교습소,서울,강남구
교육,스무살의이야기학원,서울,강남구
교육,스와트(SWAT)어학원,서울,강남구
교육,스와튼인터내셔널아카데미어학원,서울,강남구
교육,스즈키바이올린교습소,서울,강남구
교육,스카이(SKY)1학원,서울,강남구
교육,스카이(SKY)학원,서울,강남구
교육,스카이로드진학상담지도교습소,서울,강남구
교육,스카이로학원,서울,강남구
교육,스카이멘토링학원,서울,강남구
교육,스카이미술학원,서울,강남구
교육,스카이에듀원격학원,서울,강남구
교육,스카이유니버스입시전략컨설팅학원,서울,강남구
교육,스카이입시교육학원,서울,강남구
교육,스카이코드학원,서울,강남구
교육,스카이학원,서울,강남구
교육,스칼라(scholar)어학원,서울,강남구
교육,스케치렌더링미술학원,서울,강남구
교육,스킬서포트교육센터컴퓨터학원,서울,강남구
교육,스타게이트연기학원,서울,강남구
교육,스타매쓰스터디수학교습소,서울,강남구
교육,스타매쓰주니어수학교습소,서울,강남구
교육,스타실용음악학원,서울,강남구
교육,스타인스타즈아카데미학원,서울,강남구
교육,스타토리미용학원,서울,강남구
교육,스타토리뷰티아카데미학원,서울,강남구
교육,스타팩토리아카데미학원,서울,강남구
교육,스타하우스트레이닝센터연기학원,서울,강남구
교육,스탭스터디(staffstudy)연극영상학원,서울,강남구
교육,스터디(study)백도씨수학교습소,서울,강남구
교육,스터디뜰수학교습소,서울,강남구
교육,스터디메이트국어학원,서울,강남구
교육,스터디밸런스학원,서울,강남구
교육,스터디뱅크독서실,서울,강남구
교육,스터디브릭스내신관학원,서울,강남구
교육,스터디브릭스입시관학원,서울,강남구
교육,스터디브릭스학원,서울,강남구
교육,스터디수독서실,서울,강남구
교육,스터디엔카페삼우독서실,서울,강남구
교육,스터디채널수학교습소,서울,강남구
교육,스터디케어독서실,서울,강남구
교육,스터디케이학원,서울,강남구
교육,스터디패스학원,서울,강남구
교육,스터디플래닛강남일원센터독서실,서울,강남구
교육,스터디플래닛대치2센터독서실,서울,강남구
교육,스터디플래닛대치지점독서실,서울,강남구
교육,스터디플래닛독서실,서울,강남구
교육,스터디플래닛수서센터독서실,서울,강남구
교육,스터디피티2관학원,서울,강남구
교육,스터디피티4관학원,서울,강남구
교육,스터디피티학원,서울,강남구
교육,스토리봄원격학원,서울,강남구
교육,스토리수학교습소,서울,강남구
교육,스톰수학학원,서울,강남구
교육,스티븐아카데미원격학원,서울,강남구
교육,스파르타수학교습소,서울,강남구
교육,스파크수학과학학원,서울,강남구
교육,스페셜리스트국어논술전문학원,서울,강남구
교육,스페인기타교습소,서울,강남구
교육,스페인어세계통역학원,서울,강남구
교육,스펙터영어학원,서울,강남구
교육,습관만들기학원,서울,강남구
교육,시그니처어학원,서울,강남구
교육,시그마베스트학원,서울,강남구
교육,시그마엘리트(∑em)학원,서울,강남구
교육,시냅스수학학원,서울,강남구
교육,시대인재11학원,서울,강남구
교육,시대인재15학원,서울,강남구
교육,시대인재16학원,서울,강남구
교육,시대인재23학원,서울,강남구
교육,시대인재2관학원,서울,강남구
교육,시대인재33학원,서울,강남구
교육,시대인재3관학원,서울,강남구
교육,시대인재56학원,서울,강남구
교육,시대인재77학원,서울,강남구
교육,시대인재78학원,서울,강남구
교육,시대인재7관학원,서울,강남구
교육,시대인재87학원,서울,강남구
교육,시대인재88학원,서울,강남구
교육,시대인재98학원,서울,강남구
교육,시대인재99학원,서울,강남구
교육,시대인재H관학원,서울,강남구
교육,시대인재대덕관4층학원,서울,강남구
교육,시대인재대덕관5층학원,서울,강남구
교육,시대인재부엉이라이브러리신관2독서실,서울,강남구
교육,시대인재부엉이라이브러리신관2학원,서울,강남구
교육,시대인재부엉이라이브러리신관4독서실,서울,강남구
교육,시대인재부엉이라이브러리신관독서실,서울,강남구
교육,시대인재부엉이라이브러리신관학원,서울,강남구
교육,시대인재부엉이라이브러리엔(N)2독서실,서울,강남구
교육,시대인재부엉이라이브러리엔(N)2학원,서울,강남구
교육,시대인재부엉이라이브러리엔(N)독서실,서울,강남구
교육,시대인재부엉이라이브러리엔(N)학원,서울,강남구
교육,시대인재부엉이라이브러리엠(M)2관독서실,서울,강남구
교육,시대인재부엉이라이브러리엠(M)3관독서실,서울,강남구
교육,시대인재부엉이라이브러리엠(M)3관학원,서울,강남구
교육,시대인재부엉이라이브러리엠(M)4관독서실,서울,강남구
교육,시대인재부엉이라이브러리엠(M)관독서실,서울,강남구
교육,시대인재부엉이라이브러리엠(M)관학원,서울,강남구
교육,시대인재부엉이라이브러리이(E)관3학원,서울,강남구
교육,시대인재부엉이라이브러리이(E)관4독서실,서울,강남구
교육,시대인재부엉이라이브러리이(E)관5독서실,서울,강남구
교육,시대인재부엉이라이브러리이(E)관6독서실,서울,강남구
교육,시대인재부엉이라이브러리이(E)관학원,서울,강남구
교육,시대인재부엉이라이브러리지(G)관독서실,서울,강남구
교육,시대인재서바이벌관학원,서울,강남구
교육,시대인재수학관학원,서울,강남구
교육,시대인재수학스쿨센터학원,서울,강남구
교육,시대인재앤(N)관학원,서울,강남구
교육,시대인재온원격학원,서울,강남구
교육,시대인재입시알앤디(R&D)센터학원,서울,강남구
교육,시대인재학원,서울,강남구
교육,시리우스감마학원,서울,강남구
교육,시리우스베타학원,서울,강남구
교육,시리우스영재학원,서울,강남구
교육,시리우스학원,서울,강남구
교육,시매쓰압구정학원,서울,강남구
교육,시매쓰영재중등2관학원,서울,강남구
교육,시매쓰영재중등관학원,서울,강남구
교육,시사중국어학원,서울,강남구
교육,시선연기학원,서울,강남구
교육,시성영어학원,서울,강남구
교육,시소포토아카데미학원,서울,강남구
교육,시스템클리닉영어교습소,서울,강남구
교육,시아(sia)예원음악교습소,서울,강남구
교육,시아유학미술학원,서울,강남구
교육,시에이에스글로벌어학원,서울,강남구
교육,시울파인아트(SIWOOLFINEARTS)미술교습소,서울,강남구
교육,시원스터디학원,서울,강남구
교육,시작사람인미술학원,서울,강남구
교육,시카고아카데미학원,서울,강남구
교육,시카고아트미술교습소,서울,강남구
교육,시헌영어교습소,서울,강남구
교육,신관트윈클어학원,서울,강남구
교육,신구보습학원,서울,강남구
교육,신나는바이올린교습소,서울,강남구
교육,신단주크리에이티브학원,서울,강남구
교육,신라보석공예학원,서울,강남구
교육,신미래2관학원,서울,강남구
교육,신미래탐구학원,서울,강남구
교육,신반석미술교습소,서울,강남구
교육,신비미술학원,서울,강남구
교육,신사더함간호학원,서울,강남구
교육,신사제과제빵학원,서울,강남구
교육,신세계음악학원,서울,강남구
교육,신아크로학원,서울,강남구
교육,신어지보습학원,서울,강남구
교육,신어지은마학원,서울,강남구
교육,신영동수학교습소,서울,강남구
교육,신예솔피아노교습소,서울,강남구
교육,신예일음악교습소,서울,강남구
교육,신우성피아노교습소,서울,강남구
교육,신재하창작학원,서울,강남구
교육,신지호통합연구소과학교습소,서울,강남구
교육,신진희영어교습소,서울,강남구
교육,신하연영어교습소,서울,강남구
교육,신현수맞춤수학수학교습소,서울,강남구
교육,실마리수학학원,서울,강남구
교육,실비아스페인원격학원,서울,강남구
교육,실크로드학원,서울,강남구
교육,심영어교습소,서울,강남구
교육,심지영어학원,서울,강남구
교육,심포니음악학원,서울,강남구
교육,싸샤김영어교습소,서울,강남구
교육,싸이액터스연기학원,서울,강남구
교육,싸인에이보습학원,서울,강남구
교육,싸전에듀원격학원,서울,강남구
교육,쌤과통하는학원,서울,강남구
교육,쌤특례학원,서울,강남구
교육,쌤학원,서울,강남구
교육,쌩뚱영어학원,서울,강남구
교육,써니국어학원,서울,강남구
교육,써니미술학원,서울,강남구
교육,써밋아카데미학원,서울,강남구
교육,써튼영어학원,서울,강남구
교육,쎄비앙프랑스어학원,서울,강남구
교육,쏜교육컨설팅원격교습학원,서울,강남구
교육,쓰리에스강남연기학원,서울,강남구
교육,쓰리에스연기학원,서울,강남구
교육,씨게이트압구정어학학원,서울,강남구
교육,씨씨엘씨어학원,서울,강남구
교육,씨아이케이(CIK)크래다인터내셔널어학원,서울,강남구
교육,씨아이티코드아카데미(CIT Code Academy)학원,서울,강남구
교육,씨앗영어교습소,서울,강남구
교육,씨앤씨스쿨연기학원,서울,강남구
교육,씨앤에이논술학원,서울,강남구
교육,씨앤피(CNP English)영어교습소,서울,강남구
교육,씨에스보컬학원,서울,강남구
교육,씨에스제이(CSJ)영어학원,서울,강남구
교육,씨에이치(CH)영어학원,서울,강남구
교육,씨엘아카데미(CLACADEMY)컴퓨터교습소,서울,강남구
교육,씨엘유수학학원,서울,강남구
교육,씨엠에스경시1관학원,서울,강남구
교육,씨엠에스대치3관학원 ,서울,강남구
교육,씨엠에스대치영재1관학원,서울,강남구
교육,씨엠에스대치직영센터학원,서울,강남구
교육,씨엠에스영재1-1관학원,서울,강남구
교육,씨엠에스영재1-2관학원,서울,강남구
교육,씨엠에스영재관학원,서울,강남구
교육,씨엠에스영재본관학원,서울,강남구
교육,씨엠에스영재학원,서울,강남구
교육,씨엠에스중등관학원,서울,강남구
교육,씨엠에스학원,서울,강남구
교육,씨이씨(CEC)아카데미어학원,서울,강남구
교육,씨이에스어학원,서울,강남구
교육,씨이에스인터내셔널어학원,서울,강남구
교육,씨이에스학원,서울,강남구
교육,씨지티(CGT)연기학원,서울,강남구
교육,씨큐브코딩대치센터학원,서울,강남구
교육,씽크네이처강남영어교습소,서울,강남구
교육,씽크씽크미술학원,서울,강남구
교육,씽크씽크아트랩미술학원,서울,강남구
교육,아가페영어교습소,서울,강남구
교육,아게하일본어통역학원,서울,강남구
교육,아고라(agora)사회교습소,서울,강남구
교육,아담리즈수학대치센터학원,서울,강남구
교육,아담리즈수학압구정직영학원,서울,강남구
교육,아드지스영어학원,서울,강남구
교육,아뜰리에늘미술교습소,서울,강남구
교육,아뜰리에수목유학미술학원,서울,강남구
교육,아뜰리에원미술교습소,서울,강남구
교육,아띠성인피아노학원,서울,강남구
교육,아띠에미술교습소,서울,강남구
교육,아라학원,서울,강남구
교육,아란어학원,서울,강남구
교육,아람1관학원,서울,강남구
교육,아람2관학원,서울,강남구
교육,아레테아카데미(Arete Academy)학원,서울,강남구
교육,아론킴(AronKim)디자인전문아카데미학원,서울,강남구
교육,아룸배움미용교습소,서울,강남구
교육,아르고스터디센터프리미엄관리형독서실,서울,강남구
교육,아르떼디오(Artedio)학원,서울,강남구
교육,아르떼음악교습소,서울,강남구
교육,아르떼음악학원,서울,강남구
교육,아르제도곡무용학원,서울,강남구
교육,아르케영어교습소,서울,강남구
교육,아름다운사람들미용학원,서울,강남구
교육,아름다운피아노교습소,서울,강남구
교육,아름드리미술교습소,서울,강남구
교육,아름드리음악학원,서울,강남구
교육,아마로즈음악학원,서울,강남구
교육,아미고발레학원,서울,강남구
교육,아발론랭콘잉글리쉬대치어학원,서울,강남구
교육,아비다선학원,서울,강남구
교육,아우라에듀1학원,서울,강남구
교육,아우라에듀2학원,서울,강남구
교육,아우라에듀학원,서울,강남구
교육,아워드로잉취미미술학원,서울,강남구
교육,아워스터디(OUR STUDY)학원,서울,강남구
교육,아이담에듀학원,서울,강남구
교육,아이돌전문양성소댄스학원,서울,강남구
교육,아이돌전문양성소학원,서울,강남구
교육,아이들의작업실미술교습소,서울,강남구
교육,아이디디자인미술학원,서울,강남구
교육,아이러브뮤직음악학원,서울,강남구
교육,아이뮤직음악학원,서울,강남구
교육,아이비라인압구정학원,서울,강남구
교육,아이비랩(IB LAB)학원,서울,강남구
교육,아이비마스터어학학원,서울,강남구
교육,아이비셉트학원,서울,강남구
교육,아이비스터디원격학원,서울,강남구
교육,아이비스트림(IVYSTREAM)학원,서울,강남구
교육,아이비스학원,서울,강남구
교육,아이비에이원격학원,서울,강남구
교육,아이비영어교습소,서울,강남구
교육,아이비젠코리아학원,서울,강남구
교육,아이비퓨전댄스학원,서울,강남구
교육,아이비프랩(IB PREP)학원,서울,강남구
교육,아이비프렙온라인강의학원,서울,강남구
교육,아이비프렙잉글리시영어교습소,서울,강남구
교육,아이스피크2관어학원,서울,강남구
교육,아이스피크어학원,서울,강남구
교육,아이씨씨텍스타일디자인학원,서울,강남구
교육,아이씨엠(ICM)영재논술교습소,서울,강남구
교육,아이씨유학원,서울,강남구
교육,아이에스이(ISE)영어교습소 ,서울,강남구
교육,아이엔어학원,서울,강남구
교육,아이엘이(별관)어학원,서울,강남구
교육,아이엘이어학원,서울,강남구
교육,아이엘이학원,서울,강남구
교육,아이엠2관미술학원,서울,강남구
교육,아이엠3관미술학원,서울,강남구
교육,아이엠도화미술학원,서울,강남구
교육,아이엠미술학원,서울,강남구
교육,아이엠바리스타커피학원,서울,강남구
교육,아이엠비(IMB)커피전문교육학원,서울,강남구
교육,아이엠어학원,서울,강남구
교육,아이엠연기학원,서울,강남구
교육,아이온(ION)영어교습소,서울,강남구
교육,아이즈(IZE)영어학원,서울,강남구
교육,아이코닉컨셉아트학원,서울,강남구
교육,아이큐브학원,서울,강남구
교육,아인과학교습소,서울,강남구
교육,아인스일원학원,서울,강남구
교육,아임뉴댄스학원,서울,강남구
교육,아주특별한수학논술교습소,서울,강남구
교육,아침밥공부원격학원,서울,강남구
교육,아카데미라운지도곡독서실,서울,강남구
교육,아카데미아융합논술교습소,서울,강남구
교육,아카로드대치학원,서울,강남구
교육,아카로드학원,서울,강남구
교육,아코르데음악학원,서울,강남구
교육,아크메아카데미(ACME ACADEMY)어학원,서울,강남구
교육,아크영어학원,서울,강남구
교육,아테나논술교습소,서울,강남구
교육,아토믹(ATOMIC)과학학원,서울,강남구
교육,아토즈수리논구술학원,서울,강남구
교육,아토즈아카데미학원,서울,강남구
교육,아토즈영어교습소,서울,강남구
교육,아트글로우잉(ARTGLOWING)미술교습소,서울,강남구
교육,아트길미술교습소,서울,강남구
교육,아트넷미술교습소,서울,강남구
교육,아트랩미술교습소,서울,강남구
교육,아트러브유(Art Love You)미술학원,서울,강남구
교육,아트로직(Art Logic)미술학원,서울,강남구
교육,아트루베(artrouve)미술교습소,서울,강남구
교육,아트리비움초등독서토론논술교습소,서울,강남구
교육,아트모이스튜디오미술교습소,서울,강남구
교육,아트바이(Artby)미술학원,서울,강남구
교육,아트본(Art本)미술학원,서울,강남구
교육,아트봄미술교습소,서울,강남구
교육,아트브루학원,서울,강남구
교육,아트브릿지미술교습소,서울,강남구
교육,아트빈미술교습소,서울,강남구
교육,아트스타주노(ARTSTARJUNO)미술학원,서울,강남구
교육,아트아뜰리에강남점성인취미미술학원,서울,강남구
교육,아트앤디자인학원,서울,강남구
교육,아트앤조아카데미학원,서울,강남구
교육,아트앤하트미술교습소,서울,강남구
교육,아트에듀전원주니어미술학원,서울,강남구
교육,아트엠미술학원,서울,강남구
교육,아트예뜨락미술학원,서울,강남구
교육,아트움미술교습소,서울,강남구
교육,아트원미술학원,서울,강남구
교육,아트인스튜디오유학미술학원,서울,강남구
교육,아트정글미술학원,서울,강남구
교육,아트콘텐츠학원,서울,강남구
교육,아트테크디자인학원,서울,강남구
교육,아트포미술교습소,서울,강남구
교육,아트포스유학미술학원,서울,강남구
교육,아트필미술학원,서울,강남구
교육,아틀리에늘미술교습소,서울,강남구
교육,아틀리에도곡(ART.ELIER DOGOK)미술교습소,서울,강남구
교육,아틈학원,서울,강남구
교육,아티너스(ARTINUS)미술교습소,서울,강남구
교육,아티스(Artis)미술학원,서울,강남구
교육,아티즌청담미술교습소,서울,강남구
교육,아폴론교육학원,서울,강남구
교육,아하김일래수학전문학원,서울,강남구
교육,안단테블룸스쿨학원,서울,강남구
교육,안보라국어학원,서울,강남구
교육,안보라스터디학원,서울,강남구
교육,안보라언어독해학원,서울,강남구
교육,안상혁수학학원,서울,강남구
교육,안선희국어이풀수학학원,서울,강남구
교육,안세라영어교습소,서울,강남구
교육,안정현청담아트벨리댄스학원,서울,강남구
교육,안테나미술학원,서울,강남구
교육,알(AL)과학교습소,서울,강남구
교육,알바트로스영어학원,서울,강남구
교육,알벨토음악교습소,서울,강남구
교육,알아이에스키즈어학원(Ris Kids Academy),서울,강남구
교육,알앤비(Rnb)수학교습소,서울,강남구
교육,알지엠푸드아카데미학원,서울,강남구
교육,알토어학원,서울,강남구
교육,알티씨수학교습소,서울,강남구
교육,알파잉글리쉬학원,서울,강남구
교육,암기왕닷컴원격학원,서울,강남구
교육,압구정/화실미술학원,서울,강남구
교육,압구정국어논술2관학원,서울,강남구
교육,압구정국어논술전문학원,서울,강남구
교육,압구정매쓰포인트학원,서울,강남구
교육,압구정메이드학원,서울,강남구
교육,압구정명문학원,서울,강남구
교육,압구정뮤직아카데미학원,서울,강남구
교육,압구정미성독서실,서울,강남구
교육,압구정베블렌3관학원,서울,강남구
교육,압구정베블렌수학학원,서울,강남구
교육,압구정세이노학원,서울,강남구
교육,압구정소마학원,서울,강남구
교육,압구정소수서원학원,서울,강남구
교육,압구정수학교습소,서울,강남구
교육,압구정스카이수학교습소,서울,강남구
교육,압구정써밋영어교습소,서울,강남구
교육,압구정아이엘츠어학원,서울,강남구
교육,압구정아인슈타인학원,서울,강남구
교육,압구정에듀홀릭학원,서울,강남구
교육,압구정에스수학학원,서울,강남구
교육,압구정에이펙스영어교습소,서울,강남구
교육,압구정예원미술교습소,서울,강남구
교육,압구정오디음악학원,서울,강남구
교육,압구정월리영어교습소,서울,강남구
교육,압구정위드피아노학원,서울,강남구
교육,압구정융합국어학원,서울,강남구
교육,압구정이지댄스아카데미학원,서울,강남구
교육,압구정점아이엘이어학원,서울,강남구
교육,압구정지니국어논술학원,서울,강남구
교육,압구정크라센고등관학원,서울,강남구
교육,압구정크라센어학원,서울,강남구
교육,압구정통합사회교습소,서울,강남구
교육,압구정파인만고등1관학원,서울,강남구
교육,압구정파인만고등2관학원,서울,강남구
교육,압구정파인만중1관학원,서울,강남구
교육,압구정파인만중2관학원,서울,강남구
교육,압구정파인만중3관학원,서울,강남구
교육,압구정파인만초등관학원,서울,강남구
교육,압구정파인만특목관학원,서울,강남구
교육,압구정플래뮤(PLAMU)학원,서울,강남구
교육,압구정한길국어교습소,서울,강남구
교육,압구정한문교습소,서울,강남구
교육,압구정함수학학원,서울,강남구
교육,압구정휴브레인학원,서울,강남구
교육,앞서가는수학교습소,서울,강남구
교육,애니벅스프렙위코믹스미술학원,서울,강남구
교육,애니영어교습소,서울,강남구
교육,애니토리학원,서울,강남구
교육,애니포스만화학원,서울,강남구
교육,애로우잉글리시번역학원,서울,강남구
교육,애로우잉글리시학원,서울,강남구
교육,애플수학교습소,서울,강남구
교육,애플트리개포어학학원,서울,강남구
교육,애플트리압구정어학학원,서울,강남구
교육,액터빌리지학원,서울,강남구
교육,액터스웨이브연기아카데미학원,서울,강남구
교육,액트레인연기학원,서울,강남구
교육,앤드류권영어교습소,서울,강남구
교육,앤버스영어전문학원,서울,강남구
교육,앤서어학원,서울,강남구
교육,앤프렙(&Prep)학원,서울,강남구
교육,앨컴퍼니아카데미학원,서울,강남구
교육,앰버랭귀지카운슬학원,서울,강남구
교육,앰플에듀수학교습소,서울,강남구
교육,야누아학원,서울,강남구
교육,야호창작소미술학원,서울,강남구
교육,약손명가아카데미학원,서울,강남구
교육,양수정뷰티칼리지미용학원,서울,강남구
교육,양쌤수학교습소,서울,강남구
교육,양영미영어교습소,서울,강남구
교육,양인석스피치칼리지학원,서울,강남구
교육,양일훈코스메틱아카데미학원,서울,강남구
교육,양지에듀학원,서울,강남구
교육,양파아카데미학원,서울,강남구
교육,양향자푸드앤코디아카데미학원,서울,강남구
교육,어린이바하피아노교습소,서울,강남구
교육,어린이현대미술교육연구소-빅피쉬세곡미술학원,서울,강남구
교육,어린이현대미술교육연구소빅피쉬아트도곡본원미술학원,서울,강남구
교육,어스플러스연기학원,서울,강남구
교육,어썸기타학원,서울,강남구
교육,언어논술나무는학원,서울,강남구
교육,언어의빛보습학원,서울,강남구
교육,언주바이올린교습소,서울,강남구
교육,얼라이브댄스스튜디오학원,서울,강남구
교육,얼짱수학교습소,서울,강남구
교육,에그음악교습소,서울,강남구
교육,에꼴뒤벵프랑스학원,서울,강남구
교육,에꼴듀빵제빵학원,서울,강남구
교육,에꼴드릴리놀이학원,서울,강남구
교육,에꼴드바라학원,서울,강남구
교육,에더블빌리지라이브러리어학원,서울,강남구
교육,에더블빌리지어학원,서울,강남구
교육,에델린아카데미학원,서울,강남구
교육,에듀8관리형학원,서울,강남구
교육,에듀그룹맥스학원,서울,강남구
교육,에듀더원학원,서울,강남구
교육,에듀르몽드어학원,서울,강남구
교육,에듀메카학원,서울,강남구
교육,에듀모스트어학학원,서울,강남구
교육,에듀바이스맞춤교육영어교습소,서울,강남구
교육,에듀스팟학원,서울,강남구
교육,에듀쎈원격학원,서울,강남구
교육,에듀액트연기학원,서울,강남구
교육,에듀업원격학원,서울,강남구
교육,에듀엠에스헤어학원,서울,강남구
교육,에듀윌공인중개사학원,서울,강남구
교육,에듀캐슬학원,서울,강남구
교육,에듀코치개별지도개포학원,서울,강남구
교육,에듀코치개별지도대치은마학원,서울,강남구
교육,에듀코치개별지도대치한티학원,서울,강남구
교육,에듀타임보습학원,서울,강남구
교육,에듀-퍼스트학원,서울,강남구
교육,에듀포인트학원,서울,강남구
교육,에듀퓨처학원,서울,강남구
교육,에듀플렉스 에듀코치 개별지도 압구정학원,서울,강남구
교육,에듀플렉스에듀코치개별지도청담학원,서울,강남구
교육,에듀플학원,서울,강남구
교육,에디(Eddie)기타교습소,서울,강남구
교육,에디센어학원,서울,강남구
교육,에디스프렙어학원,서울,강남구
교육,에머슨라틴어교습소,서울,강남구
교육,에모리영어학원,서울,강남구
교육,에버라틴댄스A학원,서울,강남구
교육,에버라틴댄스B학원,서울,강남구
교육,에비뉴.엠(Avenue.M)뮤지컬학원,서울,강남구
교육,에비뉴아카데미학원,서울,강남구
교육,에스(S)수학학원,서울,강남구
교육,에스디영어학원,서울,강남구
교육,에스모드서울패션디자인학원,서울,강남구
교육,에스비에스(SBS)아카데미게임학원,서울,강남구
교육,에스아이비(SIB)교육센터학원,서울,강남구
교육,에스아이이케이(SIE.K)어학원,서울,강남구
교육,에스알영어교습소,서울,강남구
교육,에스앤드에스프랩학원,서울,강남구
교육,에스앤비뷰티아카데미학원,서울,강남구
교육,에스앤에스로펌인사노무학원,서울,강남구
교육,에스에스아이모드학원,서울,강남구
교육,에스에이(SA)쎈학원,서울,강남구
교육,에스에이치(SH)김선희영어학원,서울,강남구
교육,에스에프필름스쿨학원,서울,강남구
교육,에스에프필름컴퓨터아트학원,서울,강남구
교육,에스엔티(SNT)어학원,서울,강남구
교육,에스엔티(SNT)학원,서울,강남구
교육,에스엔티(SNT)학원수학관학원,서울,강남구
교육,에스엘스튜디오(SL STUDIO)학원,서울,강남구
교육,에스엠(SM)논술학원,서울,강남구
교육,에스엠매칭아카데미학원,서울,강남구
교육,에스엠신수학교습소,서울,강남구
교육,에스엠애듀2관학원,서울,강남구
교육,에스엠엠에이(SMMA)아카데미학원,서울,강남구
교육,에스엠원격교습학원,서울,강남구
교육,에스온수리영재아카데미학원,서울,강남구
교육,에스와이액팅연기학원,서울,강남구
교육,에스원(S1)아카데미학원,서울,강남구
교육,에스원사회탐구학원,서울,강남구
교육,에스원아카데미2호점학원,서울,강남구
교육,에스원학원,서울,강남구
교육,에스이(SE)원격학원,서울,강남구
교육,에스이레아카데미학원,서울,강남구
교육,에스지(SG)연기아카데미학원,서울,강남구
교육,에스지이강남삼성학원,서울,강남구
교육,에스케이어학원,서울,강남구
교육,에스티(ST)예인단과학원,서울,강남구
교육,에스티엔어학원,서울,강남구
교육,에스팀모델아카데미학원,서울,강남구
교육,에스팀아카데미학원,서울,강남구
교육,에스플러스학원,서울,강남구
교육,에스피이피(SPEP)어학원,서울,강남구
교육,에쎈영어교습소,서울,강남구
교육,에쎔과학교습소,서울,강남구
교육,에쓰앤유과학학원,서울,강남구
교육,에쓰엘아이학원,서울,강남구
교육,에이급수학학원,서울,강남구
교육,에이닷수학원격학원,서울,강남구
교육,에이루트아카데미학원,서울,강남구
교육,에이매쓰학원,서울,강남구
교육,에이뮤즈댄스학원,서울,강남구
교육,에이미술교습소,서울,강남구
교육,에이블프렙어학원,서울,강남구
교육,에이비씨(A.B.C.)학원,서울,강남구
교육,에이비씨(ABC)항공승무원학원,서울,강남구
교육,에이비알에스엠(ABRSM)음악교습소,서울,강남구
교육,에이아이아이(Aii)미술학원,서울,강남구
교육,에이앤엠(A&M)영어교습소,서울,강남구
교육,에이엔키즈어학원,서울,강남구
교육,에이엠씨스터디(aMCstudy)학원,서울,강남구
교육,에이원(A1)과학학원,서울,강남구
교육,에이원레거씨리퍼블릭학원,서울,강남구
교육,에이원아카데미보습학원,서울,강남구
교육,에이지아이(AGI)어학원,서울,강남구
교육,에이치미술교습소,서울,강남구
교육,에이치비(HB)연기학원,서울,강남구
교육,에이치앤씨에듀케이션(HNC EDUCATION)학원,서울,강남구
교육,에이치앤씨직무인증학원,서울,강남구
교육,에이치에스영어교습소,서울,강남구
교육,에이치엘아카데미학원,서울,강남구
교육,에이치연기학원,서울,강남구
교육,에이탑트레이닝시스템학원,서울,강남구
교육,에이투지2관학원,서울,강남구
교육,에이티에이포트폴리오학원,서울,강남구
교육,에이팀(A TEAM)아카데미어학원,서울,강남구
교육,에이펙스에듀학원,서울,강남구
교육,에이펙스영어교습소,서울,강남구
교육,에이펙스프리미엄학원,서울,강남구
교육,에이프로아카데미2관학원,서울,강남구
교육,에이프로아카데미학원,서울,강남구
교육,에이프로에듀원격학원,서울,강남구
교육,에이플러스독서실,서울,강남구
교육,에이플러스스피치학원,서울,강남구
교육,에이플러스피아노교습소,서울,강남구
교육,에임앤어치브아카데미학원,서울,강남구
교육,에프매쓰수학교습소,서울,강남구
교육,에프에이무용아카데미학원,서울,강남구
교육,에프엔씨아카데미학원,서울,강남구
교육,에프엘에이유학미술학원,서울,강남구
교육,에프엠에이(FMA)수학교습소,서울,강남구
교육,에프원미용학원,서울,강남구
교육,엑셀런스엄재용영어교습소,서울,강남구
교육,엑셀로뮤직아카데미학원,서울,강남구
교육,엑셀어학원,서울,강남구
교육,엑스매쓰(XMATH)학원,서울,강남구
교육,엑스텐고등영어교습소,서울,강남구
교육,엑시터어학원,서울,강남구
교육,엑터스타즈연기학원,서울,강남구
교육,엔씨에스(NCS)적성마스터(Master)학원,서울,강남구
교육,엔씨지아카데미학원,서울,강남구
교육,엔투라지이용학원,서울,강남구
교육,엔티비(NTB)학원,서울,강남구
교육,엔티수학교습소,서울,강남구
교육,엘다이어리작사작곡학원,서울,강남구
교육,엘라인발레학원,서울,강남구
교육,엘루씨뷰티아카데미학원,서울,강남구
교육,엘리스잉글리시(Ellie`s English)학원,서울,강남구
교육,엘리제르학원,서울,강남구
교육,엘리제피아노교습소,서울,강남구
교육,엘리트강남어학원,서울,강남구
교육,엘리트과학교습소,서울,강남구
교육,엘리트교실해법영어교습소,서울,강남구
교육,엘리트모델아카데미학원,서울,강남구
교육,엘리트어학학원,서울,강남구
교육,엘뮤뮤직아카데미(ELMUMusicAcademy)학원,서울,강남구
교육,엘뮤음악학원,서울,강남구
교육,엘바이올린(EL VIOLIN)음악교습소,서울,강남구
교육,엘발레스튜디오선릉점학원,서울,강남구
교육,엘브라운제2캠퍼스학원,서울,강남구
교육,엘브라운통합영재학원,서울,강남구
교육,엘브라운학원,서울,강남구
교육,엘뽀레강남대치본원학원,서울,강남구
교육,엘앤엘(LnL)어학원,서울,강남구
교육,엘에스압구정어학원,서울,강남구
교육,엘에프(LF)수학교습소,서울,강남구
교육,엘엔케이(L&K)키즈아트미술학원,서울,강남구
교육,엘와이피(LYP)수학학원,서울,강남구
교육,엘이씨어학원,서울,강남구
교육,엘이피아카데미학원,서울,강남구
교육,엘티엘일류영어학원,서울,강남구
교육,엘피(LP)댄스학원,서울,강남구
교육,엘피(LP)보컬학원,서울,강남구
교육,엘학원,서울,강남구
교육,엠뮤직아카데미피아노교습소,서울,강남구
교육,엠베스트SE삼성본원학원,서울,강남구
교육,엠브릿지학원,서울,강남구
교육,엠비씨아카데미연극학원,서울,강남구
교육,엠비에듀학원,서울,강남구
교육,엠솔150학원,서울,강남구
교육,엠솔경시관학원,서울,강남구
교육,엠솔영재관학원,서울,강남구
교육,엠솔의대관학원,서울,강남구
교육,엠솔창의교구학원,서울,강남구
교육,엠솔특목관학원,서울,강남구
교육,엠스퀘어수학학원,서울,강남구
교육,엠씨씨(MCC)어학원,서울,강남구
교육,엠아이디(MID)정시관학원,서울,강남구
교육,엠아이디학당독서논술교습소,서울,강남구
교육,엠아이어학원,서울,강남구
교육,엠앤엠수학학원,서울,강남구
교육,엠앤엠언어학원,서울,강남구
교육,엠에스수학교습소,서울,강남구
교육,엠에스씨브레인컨설팅학원,서울,강남구
교육,엠에스씨수학학원,서울,강남구
교육,엠에스인스티튜트학원,서울,강남구
교육,엠에스프렙학원,서울,강남구
교육,엠엘씨(MLC)영어전문학원,서울,강남구
교육,엠오엠수학전문학원,서울,강남구
교육,엠이케이(MEK)보습학원,서울,강남구
교육,엠제이스터디독서실,서울,강남구
교육,엠케이매쓰(MK MATH)수학교습소,서울,강남구
교육,엠케이학원,서울,강남구
교육,엠큐수학교습소,서울,강남구
교육,엠티엠연기학원(MTM연기학원),서울,강남구
교육,엠팝(M POP)수학교습소,서울,강남구
교육,엠프라이머리수학학원,서울,강남구
교육,엠피(MP)수학학원,서울,강남구
교육,여상진수리논술원격학원,서울,강남구
교육,여상진수리논술학원,서울,강남구
교육,역경패도수학전문교습소,서울,강남구
교육,역사화랑학원,서울,강남구
교육,역삼시사일본어학원,서울,강남구
교육,역삼실용음악학원,서울,강남구
교육,역삼아베크실용음악학원,서울,강남구
교육,역삼피아노교습소,서울,강남구
교육,역삼해법수학학원,서울,강남구
교육,역전타에듀학원강남캠퍼스학원,서울,강남구
교육,연기이야기연기교습소,서울,강남구
교육,연미술교습소,서울,강남구
교육,연세매쓰클리닉(YONSEI MATH CLINIC)수학교습소,서울,강남구
교육,연세수능매니아학원,서울,강남구
교육,연세음악학원,서울,강남구
교육,연세제타학원,서울,강남구
교육,연세탑(TOP)영어교습소,서울,강남구
교육,연세포레음악교습소,서울,강남구
교육,연세학원,서울,강남구
교육,연세한뜻음악학원,서울,강남구
교육,연우문예창작학원,서울,강남구
교육,연우아트아카데미학원,서울,강남구
교육,연이개수학학원,서울,강남구
교육,열린스마트학원,서울,강남구
교육,열정스토리학원,서울,강남구
교육,열정영어교습소,서울,강남구
교육,열정컨설팅진학상담지도교습소,서울,강남구
교육,영공방학원,서울,강남구
교육,영국에듀학원,서울,강남구
교육,영단어의아침영어교습소,서울,강남구
교육,영독대치캠퍼스어학원,서울,강남구
교육,영독대치학원,서울,강남구
교육,영렘브란트미술학원,서울,강남구
교육,영매쓰수학교습소,서울,강남구
교육,영매쓰수학학원,서울,강남구
교육,영어나무학원,서울,강남구
교육,영어뜰영어교습소,서울,강남구
교육,영어본능어학원,서울,강남구
교육,영은학원,서울,강남구
교육,영인에듀학원,서울,강남구
교육,영잘국상상코칭입시전략연구소학원,서울,강남구
교육,영재EM학원,서울,강남구
교육,영재사관학원,서울,강남구
교육,영재수학학원,서울,강남구
교육,영재해법수학교습소,서울,강남구
교육,영탑보습학원,서울,강남구
교육,예감학원,서울,강남구
교육,예당독서실,서울,강남구
교육,예림서예학원,서울,강남구
교육,예빛음악학원,서울,강남구
교육,예섬2관학원,서울,강남구
교육,예섬본관학원,서울,강남구
교육,예섬에스관학원,서울,강남구
교육,예섬의치한전문관학원,서울,강남구
교육,예섬프론티어학원,서울,강남구
교육,예성아카데미학원,서울,강남구
교육,예손피아노교습소,서울,강남구
교육,예솔피아노교습소,서울,강남구
교육,예스아이엠트레이닝센터학원,서울,강남구
교육,예스탑수학학원,서울,강남구
교육,예우미술교습소,서울,강남구
교육,예원음악교습소,서울,강남구
교육,예원피아노교습소,서울,강남구
교육,예장연극학원,서울,강남구
교육,예종발레무용교습소,서울,강남구
교육,예중예고예인학원,서울,강남구
교육,예지인미술교습소,서울,강남구
교육,예지피아노교습소,서울,강남구
교육,예체능재수대치이든학원,서울,강남구
교육,예체능재수전문리베리타스(LIBERITAS)학원,서울,강남구
교육,예체인음악학원,서울,강남구
교육,예향음악교습소,서울,강남구
교육,옐로우커브(YELLOCURVE)패턴학원,서울,강남구
교육,오 미술교습소,서울,강남구
교육,오거서논술교습소,서울,강남구
교육,오렌지큐브서울학원,서울,강남구
교육,오르고수학교습소,서울,강남구
교육,오르다샘앤클래스역삼점학원,서울,강남구
교육,오르비클래스원격학원,서울,강남구
교육,오르세아트미술교습소,서울,강남구
교육,오르앤수학보습학원,서울,강남구
교육,오른수학학원,서울,강남구
교육,오름국어논술교습소,서울,강남구
교육,오름미술학원,서울,강남구
교육,오름학원,서울,강남구
교육,오메가수학교습소,서울,강남구
교육,오면꽃예술학원,서울,강남구
교육,오선뮤직음악교습소,서울,강남구
교육,오원한국화미술학원,서울,강남구
교육,오즈영재교육미술교습소,서울,강남구
교육,오투존골든벨독서실,서울,강남구
교육,오티피(OTP)영어학원,서울,강남구
교육,오픈패스(OPEN PATH)학원,서울,강남구
교육,오피아학원,서울,강남구
교육,옥스포드아카데미(OXFORD ACADEMY)어학원,서울,강남구
교육,옥케이영어교습소,서울,강남구
교육,온누리피아노음악학원,서울,강남구
교육,온더데스크대치독서실,서울,강남구
교육,온더데스크도곡독서실,서울,강남구
교육,온더데스크한티독서실,서울,강남구
교육,온발레아카데미(ON BALLET ACADEMY)학원,서울,강남구
교육,온빛정보올림피아드컴퓨터교습소,서울,강남구
교육,온클래스영어교습소,서울,강남구
교육,올(ALL)수학교습소,서울,강남구
교육,올가교육보습학원,서울,강남구
교육,올댓발레학원,서울,강남구
교육,올댓잉글리쉬(AllthatEnglish)학원,서울,강남구
교육,올리브미술학원,서울,강남구
교육,올리브특례미술교습소,서울,강남구
교육,올리브학원,서울,강남구
교육,올리수학전문학원,서울,강남구
교육,올림피아드영재센터학원,서울,강남구
교육,올마이티캠퍼스학원,서울,강남구
교육,올바른수학과학전문학원,서울,강남구
교육,올바른수학학원,서울,강남구
교육,올바른영어교습소,서울,강남구
교육,올뷰뷰티교육연구학원,서울,강남구
교육,올쌤에스디엘학원,서울,강남구
교육,올어메리칸아카데미학원,서울,강남구
교육,올인고전학당보습학원,서울,강남구
교육,와세다에듀학원,서울,강남구
교육,와우아트미술학원,서울,강남구
교육,와이비엠내신학원,서울,강남구
교육,와이비엠어학원,서울,강남구
교육,와이비엠어학원1관학원,서울,강남구
교육,와이비엠영어(YBM English)영어교습소,서울,강남구
교육,와이수학전문학원,서울,강남구
교육,와이앤파트너스학원,서울,강남구
교육,와이어트인스티튜트어학원,서울,강남구
교육,와이어트인스티튜트청담어학원,서울,강남구
교육,와이에스이에듀대치진로진학상담지도교습소,서울,강남구
교육,와이제이메쓰(YJ Math)수학교습소,서울,강남구
교육,와이즈강남논술학원,서울,강남구
교육,와이즈만압구정학원,서울,강남구
교육,와이즈만영재교육대치학원,서울,강남구
교육,와이즈만영재입시센터학원,서울,강남구
교육,와이즈스터디일원센터독서실,서울,강남구
교육,와이즈조인(WiseJoin)어학원,서울,강남구
교육,와이즈클래스학원,서울,강남구
교육,와이지과학학원,서울,강남구
교육,와이케이에스(YKS)양경숙영어교습소,서울,강남구
교육,와이피아노스튜디오음악교습소,서울,강남구
교육,왕북해법영어교습소,서울,강남구
교육,요감동미술학원,서울,강남구
교육,욘센세외국어원격교습학원,서울,강남구
교육,용감한컴퍼니원격학원,서울,강남구
교육,용수학교습소,서울,강남구
교육,우리들판미술학원,서울,강남구
교육,우리보습학원,서울,강남구
교육,우리사진학원,서울,강남구
교육,우리서당한문교습소,서울,강남구
교육,우리아이인문교육연구소학원,서울,강남구
교육,우리영어교습소,서울,강남구
교육,우림학원,서울,강남구
교육,우명희과학교습소,서울,강남구
교육,우선생과학학원,서울,강남구
교육,우성속셈,서울,강남구
교육,운성학원,서울,강남구
교육,울림음악학원,서울,강남구
교육,웅진씽크빅학습센터개포학원,서울,강남구
교육,웅진씽크빅학습센터자곡학원,서울,강남구
교육,워너비영어교습소,서울,강남구
교육,워크룸신미술교습소,서울,강남구
교육,워크베르크유학미술학원,서울,강남구
교육,원(元)수학3관학원,서울,강남구
교육,원(元)수학학원,서울,강남구
교육,원더팩토리미술학원,서울,강남구
교육,원리과학교습소,서울,강남구
교육,원리영어교습소,서울,강남구
교육,원리탐구학원,서울,강남구
교육,원바이원잉글리쉬아카데미학원,서울,강남구
교육,원스탑프렙(One-Stop Prep)어학원,서울,강남구
교육,원어비국어학원,서울,강남구
교육,원인과결과학원,서울,강남구
교육,원인학원,서울,강남구
교육,원일아이숲어학원,서울,강남구
교육,원클래스라이브러리독서실,서울,강남구
교육,원클래스라이브러리일원점독서실,서울,강남구
교육,원탑보습학원,서울,강남구
교육,원투원플러스학원,서울,강남구
교육,원포인수학교습소,서울,강남구
교육,원헌드레드클래식스(100CLASSICS)어학원,서울,강남구
교육,월드음악교습소,서울,강남구
교육,월스트리트잉글리쉬삼성센터어학원,서울,강남구
교육,웨더커뮤니케이션즈학원,서울,강남구
교육,웨이브러닝어학원,서울,강남구
교육,웨이즈비수학학원,서울,강남구
교육,웨즐리영어교습소,서울,강남구
교육,웰그로잉학원,서울,강남구
교육,웹타임컴퓨터학원,서울,강남구
교육,위너수학교습소,서울,강남구
교육,위너영어교습소,서울,강남구
교육,위너영어제2관영어교습소,서울,강남구
교육,위너크루강남클래스진학지도교습소,서울,강남구
교육,위대한물리교습소,서울,강남구
교육,위대한학원,서울,강남구
교육,위더스학원,서울,강남구
교육,위드매스학원,서울,강남구
교육,위드멘토어학원,서울,강남구
교육,위드발레학원,서울,강남구
교육,위드스타편입학원,서울,강남구
교육,위드피아레트압구정학원,서울,강남구
교육,위자듀학원,서울,강남구
교육,위즈아일랜드압구정학원,서울,강남구
교육,위즈원수학교습소,서울,강남구
교육,위즈키즈영어교습소,서울,강남구
교육,위캔수학교습소,서울,강남구
교육,위코드학원,서울,강남구
교육,윈매쓰(WYNN MATH)학원,서울,강남구
교육,윈저로얄학원,서울,강남구
교육,윙스피치학원,서울,강남구
교육,유경희교습소,서울,강남구
교육,유너스학원,서울,강남구
교육,유니팝미술교습소,서울,강남구
교육,유닛소프트코딩강남학원,서울,강남구
교육,유럽비스포크테일러양성학원,서울,강남구
교육,유로1104(Euro1104)에이피(AP)교습소,서울,강남구
교육,유비스카이학원,서울,강남구
교육,유심에듀학원,서울,강남구
교육,유쌤수학교습소,서울,강남구
교육,유씨국제교육개발원어학원,서울,강남구
교육,유아이에스아메리카어학원,서울,강남구
교육,유앤아이미술교습소,서울,강남구
교육,유에스씨어학원,서울,강남구
교육,유엔씨(UNC)아카데미학원,서울,강남구
교육,유엠(UM)학원,서울,강남구
교육,유엠웨딩드레스아카데미학원,서울,강남구
교육,유영분장학원,서울,강남구
교육,유원학원,서울,강남구
교육,유지씨엠비에이(UGC MBA)전문학원,서울,강남구
교육,유케이크리에이티브아트앤디자인학원,서울,강남구
교육,유토마프리미엄학원,서울,강남구
교육,유토마학원,서울,강남구
교육,유토스학원,서울,강남구
교육,유투엠대치원학원,서울,강남구
교육,유티수학교습소,서울,강남구
교육,유패스학원,서울,강남구
교육,유형액세서리학원,서울,강남구
교육,육영원영어교습소,서울,강남구
교육,윤도영입시전략연구소학원,서울,강남구
교육,윤도영통합과학시스템학원,서울,강남구
교육,윤봉희통합과학교습소,서울,강남구
교육,윤선생아이지에스이(IGSE)아카데미도곡학원,서울,강남구
교육,윤선생아이지에스이(IGSE)청담2관학원,서울,강남구
교육,윤선생아이지에스이(IGSE)청담본원학원,서울,강남구
교육,윤선생영어교습소,서울,강남구
교육,윤선생우리집앞세곡리엔파크영어교습소,서울,강남구
교육,윤선생우리집앞영어교실율현영어교습소,서울,강남구
교육,윤수학교습소,서울,강남구
교육,윤슬미술학원,서울,강남구
교육,윤지원클리닉(CLINIC)영어교습소,서울,강남구
교육,윤지훈영어교습소,서울,강남구
교육,윤피아노교습소,서울,강남구
교육,율현음악교습소,서울,강남구
교육,윰미술학원,서울,강남구
교육,으뜸주산,서울,강남구
교육,은마바둑교습소,서울,강남구
교육,은마수학교습소,서울,강남구
교육,은수학교습소,서울,강남구
교육,은점토공예학원,서울,강남구
교육,은지호수학학원,서울,강남구
교육,은지호영감수학수능관학원,서울,강남구
교육,은피아노스튜디오피아노교습소,서울,강남구
교육,은하수미술교습소,서울,강남구
교육,은혜음악교습소,서울,강남구
교육,은혜피아노,서울,강남구
교육,의치학전문대치세종3관학원,서울,강남구
교육,이·티영어교습소,서울,강남구
교육,이가자뷰티아카데미학원,서울,강남구
교육,이감동미술학원,서울,강남구
교육,이강백기억속독교습소,서울,강남구
교육,이강서울아카데미학원,서울,강남구
교육,이강자교습소,서울,강남구
교육,이강프리미엄관서울아카데미학원,서울,강남구
교육,이강학원,서울,강남구
교육,이강학원스카이관학원,서울,강남구
교육,이강학원입시센터학원,서울,강남구
교육,이강학원학생부종합학원,서울,강남구
교육,이경빈교습소,서울,강남구
교육,이경수학학원,서울,강남구
교육,이경재바이올린교습소,서울,강남구
교육,이공자피아노교습소,서울,강남구
교육,이공학원,서울,강남구
교육,이길동수학교습소,서울,강남구
교육,이김학원,서울,강남구
교육,이끌림영어학원,서울,강남구
교육,이노블스개포영어학원,서울,강남구
교육,이노블스대치영어학원,서울,강남구
교육,이노블스도곡영어학원,서울,강남구
교육,이노블스언주영어학원,서울,강남구
교육,이노영기타교습소,서울,강남구
교육,이도국어학원,서울,강남구
교육,이동민교습소,서울,강남구
교육,이든수학학원,서울,강남구
교육,이란희수학고등관2학원,서울,강남구
교육,이란희수학학원,서울,강남구
교육,이례연기학원,서울,강남구
교육,이로하일본어학원,서울,강남구
교육,이루리2관학원,서울,강남구
교육,이루리학원,서울,강남구
교육,이루인(ERUIN)영어학원,서울,강남구
교육,이룩미술교습소,서울,강남구
교육,이룸미술학원,서울,강남구
교육,이룸스터디학원,서울,강남구
교육,이룸영어교습소,서울,강남구
교육,이룸프리미엄스터디독서실,서울,강남구
교육,이룸학원,서울,강남구
교육,이매쓰학원,서울,강남구
교육,이맥스(eMAX Englsih)어학원,서울,강남구
교육,이맥스6789학원,서울,강남구
교육,이맥스영어(emax english)원격학원,서울,강남구
교육,이명선교습소,서울,강남구
교육,이문희수학교습소,서울,강남구
교육,이미영국어논술학원,서울,강남구
교육,이미주수학전문학원,서울,강남구
교육,이미주수학학원,서울,강남구
교육,이바우펫애견미용학원,서울,강남구
교육,이병훈교육연구소진로진학학원,서울,강남구
교육,이보영의토킹클럽강남삼성분원학원,서울,강남구
교육,이비보습학원,서울,강남구
교육,이사베영어교습소,서울,강남구
교육,이서에르미술교습소,서울,강남구
교육,이서희과학탐구학원,서울,강남구
교육,이수정국어논술학원,서울,강남구
교육,이수주피아노교습소,서울,강남구
교육,이수진영어교습소,서울,강남구
교육,이수학학원,서울,강남구
교육,이-스페셜리스트영어학원,서울,강남구
교육,이씨씨대치어학학원,서울,강남구
교육,이씨엘(E.C.L)어학원,서울,강남구
교육,이아이이(EIE)매쓰캔학원,서울,강남구
교육,이안어학원,서울,강남구
교육,이알피어학원,서울,강남구
교육,이앤김(이&김)수학학원,서울,강남구
교육,이앤이학원,서울,강남구
교육,이앤케이국어교습소,서울,강남구
교육,이에스씨아카데미어학원,서울,강남구
교육,이에스씨에이씨티어학원,서울,강남구
교육,이엘(EL)수학교습소,서울,강남구
교육,이엠보습학원,서울,강남구
교육,이엠스(EMS)어학원,서울,강남구
교육,이오영어랩영어교습소,서울,강남구
교육,이용직연기학원,서울,강남구
교육,이움학원,서울,강남구
교육,이원석쇼호스트학원,서울,강남구
교육,이원학원,서울,강남구
교육,이유있는수학학원,서울,강남구
교육,이유학원,서울,강남구
교육,이정선아트스쿨학원,서울,강남구
교육,이제이(EJ)학원,서울,강남구
교육,이제헌아이엘츠어학원,서울,강남구
교육,이중나선논술교습소,서울,강남구
교육,이지국어학원,서울,강남구
교육,이지수학교습소,서울,강남구
교육,이지스국어논술학원,서울,강남구
교육,이지코리안아카데미학원,서울,강남구
교육,이진선과학교습소,서울,강남구
교육,이진선과학학원,서울,강남구
교육,이진수수학교습소,서울,강남구
교육,이찬진코딩학원,서울,강남구
교육,이창용어학원,서울,강남구
교육,이챕터스도곡학원,서울,강남구
교육,이케이(EK)아트미술학원,서울,강남구
교육,이탑영어교습소,서울,강남구
교육,이투스247라이브학원,서울,강남구
교육,이투스앤써1독서실,서울,강남구
교육,이투스앤써1학원,서울,강남구
교육,이투스앤써2독서실,서울,강남구
교육,이투스앤써2학원,서울,강남구
교육,이투스원격학원,서울,강남구
교육,이투스투포세븐강남학원,서울,강남구
교육,이피에스그룹어학원,서울,강남구
교육,이해국어학원,서울,강남구
교육,이해법수학교습소,서울,강남구
교육,이현우고도수학학원,서울,강남구
교육,이화림스피아노음악교습소,서울,강남구
교육,이화마인드음악학원,서울,강남구
교육,이화뮤즈피아노교습소,서울,강남구
교육,이화미술,서울,강남구
교육,이화미술창작소미술교습소,서울,강남구
교육,이화수학교습소,서울,강남구
교육,이화엔클렉스학원,서울,강남구
교육,이화엘음악학원,서울,강남구
교육,인공지능수학깨봉원격학원,서울,강남구
교육,인그라피학원,서울,강남구
교육,인당독서실,서울,강남구
교육,인덱스에듀과학교습소,서울,강남구
교육,인듀어런스잉글리시(Endurance English)영어학원,서울,강남구
교육,인라이트원격학원,서울,강남구
교육,인마이제이독서실,서울,강남구
교육,인사이드발레학원,서울,강남구
교육,인사이드수학교습소,서울,강남구
교육,인사이트어학원,서울,강남구
교육,인수학교습소,서울,강남구
교육,인스튜디오학원,서울,강남구
교육,인정수학교습소,서울,강남구
교육,인큐학원,서울,강남구
교육,인터프렙어학원,서울,강남구
교육,인투과학교습소,서울,강남구
교육,인트로만화학원,서울,강남구
교육,일대일수학교습소,서울,강남구
교육,일등공신영어교습소,서울,강남구
교육,일등공신원격교습학원,서울,강남구
교육,일등급플러스과학학원,서울,강남구
교육,일리노이클라리넷교습소,서울,강남구
교육,일본어황재삼학원,서울,강남구
교육,일비수학학원,서울,강남구
교육,일원그림과화실미술교습소,서울,강남구
교육,일원이해법수학교습소,서울,강남구
교육,일원중앙피아노교습소,서울,강남구
교육,일원튼튼마스터클럽영어교습소,서울,강남구
교육,일원푸르넷수학교습소,서울,강남구
교육,일프로아카데미(1%Academy)학원,서울,강남구
교육,임재한문교습소,서울,강남구
교육,임지석과학전문학원,서울,강남구
교육,임지영발레학원,서울,강남구
교육,임팩트학원,서울,강남구
교육,입시서하미술학원,서울,강남구
교육,입시스케치학원,서울,강남구
교육,입시투데이교육컨설팅학원,서울,강남구
교육,입체미술학원,서울,강남구
교육,입체와평면미술교습소,서울,강남구
교육,잇올랩(LAB)입시전략연구소학원,서울,강남구
교육,잇올스파르타관리형프리미엄독서실,서울,강남구
교육,잇올스파르타독학재수학원,서울,강남구
교육,잇올스파르타원격학원,서울,강남구
교육,잇올스파르타프리미엄관리형독서실,서울,강남구
교육,잇콘그라운드학원,서울,강남구
교육,잉글리쉬&매쓰매니저학원,서울,강남구
교육,잉글리쉬클리닉영어교습소,서울,강남구
교육,자강학원,서울,강남구
교육,자곡가우스수학전문학원,서울,강남구
교육,자곡래미안해법수학교습소,서울,강남구
교육,자곡영어교습소,서울,강남구
교육,자그마치미술교습소,서울,강남구
교육,자아의신화진학상담지도교습소,서울,강남구
교육,자유수학교습소,서울,강남구
교육,자이언학원,서울,강남구
교육,자작나무미술학원,서울,강남구
교육,작은빛과학교습소,서울,강남구
교육,작은손아트스튜디오미술교습소,서울,강남구
교육,잔디학원,서울,강남구
교육,잠룡승천학원,서울,강남구
교육,장앤레나학원,서울,강남구
교육,장인희네일아카데미학원,서울,강남구
교육,장현정수학교습소,서울,강남구
교육,장호진수학교습소,서울,강남구
교육,재능,서울,강남구
교육,재원피아노,서울,강남구
교육,재인미술교습소,서울,강남구
교육,재키의영어교습소,서울,강남구
교육,잼코딩2관학원,서울,강남구
교육,잼코딩학원,서울,강남구
교육,잼팩토리케이팝음악학원,서울,강남구
교육,적중코아스쿨학원,서울,강남구
교육,전강아카데미학원,서울,강남구
교육,전박사아카데미입시진학지도교습소,서울,강남구
교육,전선진실용음악학원,서울,강남구
교육,전자박사로봇교실로봇교습소,서울,강남구
교육,전회경영어학원,서울,강남구
교육,전희재국어교습소,서울,강남구
교육,점프셈수학교습소,서울,강남구
교육,정경아수학의품격수학교습소,서울,강남구
교육,정도수학교습소,서울,강남구
교육,정문수학교습소,서울,강남구
교육,정민영어교습소,서울,강남구
교육,정보학원,서울,강남구
교육,정샘물아카데미학원,서울,강남구
교육,정샘엑터멘토연기학원,서울,강남구
교육,정선수학교습소,서울,강남구
교육,정수학원,서울,강남구
교육,정수학학원,서울,강남구
교육,정숙자수학전문학원,서울,강남구
교육,정쌤영어교습소,서울,강남구
교육,정안미술교습소,서울,강남구
교육,정연완전학습학원,서울,강남구
교육,정연입시컨설팅학원,서울,강남구
교육,정영어학원,서울,강남구
교육,정우재수학교습소,서울,강남구
교육,정인보습학원,서울,강남구
교육,정인수학교습소,서울,강남구
교육,정진수학학원,서울,강남구
교육,정철어학원,서울,강남구
교육,정피아노스튜디오피아노교습소,서울,강남구
교육,정향국어학원,서울,강남구
교육,정향학원,서울,강남구
교육,정현영어학원,서울,강남구
교육,정희원수학교습소,서울,강남구
교육,제1장언어소통학원,서울,강남구
교육,제1청담어학원,서울,강남구
교육,제2슈베르트바이올린교습소,서울,강남구
교육,제2한빛변리사학원,서울,강남구
교육,제3교실수학교습소,서울,강남구
교육,제3지대학원,서울,강남구
교육,제3한빛변리사학원,서울,강남구
교육,제4한빛변리사학원,서울,강남구
교육,제네시스(Genesis)학원,서울,강남구
교육,제로수학교습소,서울,강남구
교육,제세현학원,서울,강남구
교육,제우스(G.eus)학원,서울,강남구
교육,제이(J)미술교습소,서울,강남구
교육,제이(J)피아노교습소,서울,강남구
교육,제이그레이실용음악학원,서울,강남구
교육,제이디씨(JDC)무용학원,서울,강남구
교육,제이랩(J.lab)유학미술교습소,서울,강남구
교육,제이민아트스터디예술대학입시종합학원,서울,강남구
교육,제이비교육3관학원,서울,강남구
교육,제이비교육4관학원,서울,강남구
교육,제이비제주국제보습학원,서울,강남구
교육,제이슨(Jason)영어교습소,서울,강남구
교육,제이씨앤씨정원미술학원,서울,강남구
교육,제이아카데미학원,서울,강남구
교육,제이알에듀영어교습소,서울,강남구
교육,제이앤변리사학원,서울,강남구
교육,제이앤에스영어교습소,서울,강남구
교육,제이앤영어교습소,서울,강남구
교육,제이앤케이(J&K)액팅연기학원,서울,강남구
교육,제이에듀원격교육학원,서울,강남구
교육,제이에듀지구과학교습소,서울,강남구
교육,제이에스(JS)연기아카데미학원,서울,강남구
교육,제이에스747보습학원,서울,강남구
교육,제이에스발레학원,서울,강남구
교육,제이에스비(JSB)어학원,서울,강남구
교육,제이에스에치과학보습학원,서울,강남구
교육,제이에스영어교습소,서울,강남구
교육,제이원수학교습소,서울,강남구
교육,제이음악교습소,서울,강남구
교육,제이케이(JK)클라리넷교습소,서울,강남구
교육,제이프랩스쿨어학원,서울,강남구
교육,제이플러스(JPLUS)수학교습소,서울,강남구
교육,제이피아노교습소,서울,강남구
교육,제일사회교습소,서울,강남구
교육,제일정보처리학원,서울,강남구
교육,제일테마보습학원,서울,강남구
교육,제제아트미술놀이터미술교습소,서울,강남구
교육,젠스영어교습소,서울,강남구
교육,젠지글로벌아카데미학원,서울,강남구
교육,조명성피아노교습소,서울,강남구
교육,조미선국어교습소,서울,강남구
교육,조셉스쿨영어학원,서울,강남구
교육,조셉플라워스쿨학원,서울,강남구
교육,조아라엘셋전문학원,서울,강남구
교육,조아사진학원,서울,강남구
교육,조앤북영어학원,서울,강남구
교육,조앤영어교습소,서울,강남구
교육,조엘통찰수학학원,서울,강남구
교육,조영준연기학원,서울,강남구
교육,조은모수학학원,서울,강남구
교육,조은샘학원,서울,강남구
교육,조은학원,서울,강남구
교육,조이댄스플러그인뮤직실용음악학원,서울,강남구
교육,조이바이올린(Joy Violin)음악교습소,서울,강남구
교육,조정숙교습소,서울,강남구
교육,조정현교습소,서울,강남구
교육,족집게어학원,서울,강남구
교육,종로신중성어학원,서울,강남구
교육,좋은친구일본어교습소,서울,강남구
교육,죠이플리딩게이트(Joyful Readinggate)영어교습소,서울,강남구
교육,주광호샘네모과학논술교습소,서울,강남구
교육,주니어학원,서울,강남구
교육,주연학원,서울,강남구
교육,주영민피아노과외교습,서울,강남구
교육,주주잉글리쉬학원,서울,강남구
교육,주현철수학교습소,서울,강남구
교육,준오아카데미미용학원,서울,강남구
교육,줄리어드음악교습소,서울,강남구
교육,줄리어드피아노교습소,서울,강남구
교육,줌매쓰1(ZOOM MATH 1)수학교습소,서울,강남구
교육,줌매쓰2(ZOOM MATH 2)수학교습소,서울,강남구
교육,줌매쓰3(ZOOM MATH 3)수학교습소,서울,강남구
교육,중간계캠퍼스경영학원,서울,강남구
교육,중국명문대입시학원,서울,강남구
교육,중심과원리학원,서울,강남구
교육,중심수학교습소,서울,강남구
교육,쥬트도산공원아뜰리에학원,서울,강남구
교육,즐거운피아노교습소,서울,강남구
교육,지(G)수학교습소,서울,강남구
교육,지구어에듀테인먼트학원,서울,강남구
교육,지니국어논술학원,서울,강남구
교육,지니국어학원,서울,강남구
교육,지니쌤독서논술교습소,서울,강남구
교육,지니어스올이즈에듀학원,서울,강남구
교육,지니영재학원,서울,강남구
교육,지니학원,서울,강남구
교육,지를향하여학원,서울,강남구
교육,지명학원,서울,강남구
교육,지성영어교습소,서울,강남구
교육,지스퀘어모델아카데미학원,서울,강남구
교육,지스트수학전문학원,서울,강남구
교육,지식의샘학원,서울,강남구
교육,지식학원,서울,강남구
교육,지씨와이에듀(GCYEdu)학원,서울,강남구
교육,지아이에이(GIA)학원,서울,강남구
교육,지안미술교습소,서울,강남구
교육,지앤아트미술교습소,서울,강남구
교육,지에스아이영어교습소,서울,강남구
교육,지에스피(GSP)영어교습소,서울,강남구
교육,지에프엑스클래스(GFXClass)학원,서울,강남구
교육,지엘(GL)대입컨설팅센터학원,서울,강남구
교육,지엘아이어학영어교습소,서울,강남구
교육,지엘아이진학컨설팅학원,서울,강남구
교육,지엘에듀어학원,서울,강남구
교육,지엘에스굿모닝영어영문학박사학원,서울,강남구
교육,지엘에스어학원,서울,강남구
교육,지엠그리핀수학보습학원,서울,강남구
교육,지엠피(GMP)수학학원,서울,강남구
교육,지엠피(GMP)학원,서울,강남구
교육,지연수학교습소,서울,강남구
교육,지오보습학원,서울,강남구
교육,지오스터디학원,서울,강남구
교육,지원아카데미학원,서울,강남구
교육,지원어학원,서울,강남구
교육,지이(GE)보습학원,서울,강남구
교육,지이엠(GEM)학원,서울,강남구
교육,지지이(GGE)역삼영어학원,서울,강남구
교육,지투학원,서울,강남구
교육,지틀에듀이과전문학원,서울,강남구
교육,지티(GT)영어교습소,서울,강남구
교육,지피에스압구정어학학원,서울,강남구
교육,지필드(G-FIELD)영재교육학원,서울,강남구
교육,지혜나무수학교습소,서울,강남구
교육,지혜의샘국어교습소,서울,강남구
교육,지혜의샘학원,서울,강남구
교육,지혜의숲사고력보습학원,서울,강남구
교육,진단과케어국어학습큐레이팅센터국어교습소,서울,강남구
교육,진단과케어학습큐레이팅센터진학상담지도교습소,서울,강남구
교육,진선영어교습소,서울,강남구
교육,진성수학학원,서울,강남구
교육,진스카이수학교습소,서울,강남구
교육,진아카데미학원,서울,강남구
교육,진에듀중등대치학원,서울,강남구
교육,진에듀초등대치학원,서울,강남구
교육,진연기학원,서울,강남구
교육,진주음악학원,서울,강남구
교육,진학원,서울,강남구
교육,진화수학학원,서울,강남구
교육,집중소대치1하임독서실,서울,강남구
교육,짱솔학원,서울,강남구
교육,차오름학원,서울,강남구
교육,차이랑중국어교습소,서울,강남구
교육,차홍아카데미학원,서울,강남구
교육,찬솔나라학원,서울,강남구
교육,찰리잉글리쉬(Charely English)영어교습소,서울,강남구
교육,참바른글씨국어교습소,서울,강남구
교육,참소리피아노교습소,서울,강남구
교육,참즐거운독서실,서울,강남구
교육,창의디자인벡터미술학원,서울,강남구
교육,창의수학학원,서울,강남구
교육,창의융합아카데미학원,서울,강남구
교육,창조음악학원,서울,강남구
교육,창지소학원,서울,강남구
교육,창투창과학교습소,서울,강남구
교육,채미선영어교습소,서울,강남구
교육,채선생국어교습소,서울,강남구
교육,책놀이터논술교습소,서울,강남구
교육,책읽기독서논술교습소,서울,강남구
교육,책읽기와글쓰기리딩엠대치학원,서울,강남구
교육,책읽기와글쓰기리딩엠도곡학원,서울,강남구
교육,책읽기와글쓰기리딩엠삼성학원,서울,강남구
교육,책읽기와글쓰기리딩엠역삼학원,서울,강남구
교육,책읽는루브르아뜰리에미술교습소,서울,강남구
교육,책읽는미술관학원,서울,강남구
교육,챔피온과학교습소,서울,강남구
교육,천개의고원중1관학원,서울,강남구
교육,천개의고원중2관학원,서울,강남구
교육,천개의고원중3고등관학원,서울,강남구
교육,천개의고원초등관학원,서울,강남구
교육,천성미바이올린교습소,서울,강남구
교육,천일문라이브러리독서실,서울,강남구
교육,천지인학원,서울,강남구
교육,철벽수학인터넷학원,서울,강남구
교육,청남수학교습소,서울,강남구
교육,청담러닝원격학원,서울,강남구
교육,청담리드인독서중심국어학원,서울,강남구
교육,청담뮤즈음악교습소,서울,강남구
교육,청담미술학원,서울,강남구
교육,청담뷰티학원,서울,강남구
교육,청담수도컴퓨터학원,서울,강남구
교육,청담스위틀학원,서울,강남구
교육,청담아이가르텐어학원,서울,강남구
교육,청담아카데미영어교습소,서울,강남구
교육,청담아카데미학원,서울,강남구
교육,청담어학원대치브랜치2관학원,서울,강남구
교육,청담에이블영어교습소,서울,강남구
교육,청담에이스어학원,서울,강남구
교육,청담에이케이(AK)보컬학원,서울,강남구
교육,청담에이프릴어학원,서울,강남구
교육,청담제네시스학원,서울,강남구
교육,청담페이지바이페이지프로젝트독서논술학원,서울,강남구
교육,청담하모니음악교습소,서울,강남구
교육,청담해법수학학원,서울,강남구
교육,청담홍익미술교습소,서울,강남구
교육,청량원학원,서울,강남구
교육,청명단과전문학원,서울,강남구
교육,청명학원,서울,강남구
교육,청미르무용학원,서울,강남구
교육,청송독서실,서울,강남구
교육,청시지아카데미학원,서울,강남구
교육,청실기타교실기타교습소,서울,강남구
교육,청운보습학원,서울,강남구
교육,청원조진태국어교습소,서울,강남구
교육,청출어람학원,서울,강남구
교육,청하서당한문교습소,서울,강남구
교육,체험수학학원,서울,강남구
교육,첼로관현악음악교습소,서울,강남구
교육,초관동양화교습소,서울,강남구
교육,초이스(CHOICE)영어교습소,서울,강남구
교육,최강보습학원,서울,강남구
교육,최바이올린교습소,서울,강남구
교육,최상독서실,서울,강남구
교육,최상수학교습소,서울,강남구
교육,최상위권수학대치2관학원,서울,강남구
교육,최상위권수학학원,서울,강남구
교육,최상위수학교습소,서울,강남구
교육,최상위수학전문학원,서울,강남구
교육,최상위학원,서울,강남구
교육,최선생의패러독스수학교습소,서울,강남구
교육,최선어학원,서울,강남구
교육,최앤강영화학원,서울,강남구
교육,최용훈국어학원,서울,강남구
교육,최은희음악교습소,서울,강남구
교육,최종성수학교습소,서울,강남구
교육,최혜란교습소,서울,강남구
교육,최혜영피아노교습소,서울,강남구
교육,친친디건물주학원,서울,강남구
교육,카르마피직스(KARMAPHYSICS)물리교습소,서울,강남구
교육,카르페디엠과학교습소,서울,강남구
교육,카멜리아아트미술교습소,서울,강남구
교육,카이스트과학사랑교습소,서울,강남구
교육,카이스트플러스수학교습소,서울,강남구
교육,카일룸프렙학원,서울,강남구
교육,카페바리스타아카데미학원,서울,강남구
교육,칸드로이드코딩학원,서울,강남구
교육,칸토음악학원,서울,강남구
교육,칸트수학교습소,서울,강남구
교육,칼론(KALON)학원,서울,강남구
교육,캠브리지영어보습학원,서울,강남구
교육,캠퍼스세븐학원,서울,강남구
교육,캠프제이(CAMP-J)학원,서울,강남구
교육,커피바리스타교육학원,서울,강남구
교육,커피플랜트아카데미학원,서울,강남구
교육,컨셉트바이제이영어교습소,서울,강남구
교육,컬럼비아잉글리쉬아카데미영어교습소,서울,강남구
교육,컬쳐컴플렉스어학원,서울,강남구
교육,케이(K)빅터영어학원수학학원,서울,강남구
교육,케이(K)스터디독서실,서울,강남구
교육,케이브이에듀케이션학원,서울,강남구
교육,케이비이씨(KBEC)발레아카데미학원 ,서울,강남구
교육,케이씨아이에듀원격학원,서울,강남구
교육,케이씨아이중국어학원,서울,강남구
교육,케이에스(KS)연기학원,서울,강남구
교육,케이에스에이학원,서울,강남구
교육,케이에스트레이닝센터연기학원,서울,강남구
교육,케이엔에스(KNS)별관어학원,서울,강남구
교육,케이엔에스(KNS)영어학원,서울,강남구
교육,케이엔에스글로벌2관학원,서울,강남구
교육,케이엔에스에듀초중등1관어학원,서울,강남구
교육,케이엔에스에듀초중등2관영어학원,서울,강남구
교육,케이엔에스초중등3관영어학원,서울,강남구
교육,케이엠(KM)수학교습소,서울,강남구
교육,케이엠오원(KMO1)학원,서울,강남구
교육,케이엠유학원,서울,강남구
교육,케이엠지수학학원,서울,강남구
교육,케이원어학원,서울,강남구
교육,케이유유이씨(KUUEC)어학원,서울,강남구
교육,케이저랭귀지학원,서울,강남구
교육,케이제이(KJ)영재센터대치학원,서울,강남구
교육,케이지아이티뱅크강남점학원,서울,강남구
교육,케이채수학학원,서울,강남구
교육,케이투수학학원,서울,강남구
교육,케이투아이(K2I)수학교습소,서울,강남구
교육,케이튜터수학압구정관학원,서울,강남구
교육,케이튜터수학학원,서울,강남구
교육,케이티케이(KTK)아카데미학원,서울,강남구
교육,케이포인트아카데미학원,서울,강남구
교육,케이플러스모델학원,서울,강남구
교육,코끼리를삼킨보아뱀입시미술학원,서울,강남구
교육,코드잉글리쉬(Code English)영어교습소,서울,강남구
교육,코딩골드스쿨컴퓨터학원,서울,강남구
교육,코딩샘온라인원격학원,서울,강남구
교육,코리아보석학원,서울,강남구
교육,코모리치헤어학원,서울,강남구
교육,코스4.0학원,서울,강남구
교육,코스메틱앤스파트레이닝센터학원,서울,강남구
교육,코스모가죽학원,서울,강남구
교육,코스믹아고라일원점부설학원,서울,강남구
교육,코암인터내셔날아카데미어학학원,서울,강남구
교육,코어매쓰학원,서울,강남구
교육,코어부원정학원,서울,강남구
교육,코어수학교습소,서울,강남구
교육,코이아카데미연기학원,서울,강남구
교육,코칭영어교습소,서울,강남구
교육,콴다클래스(QANDA CLASS)원격학원,서울,강남구
교육,쿠나애니메이션만화교습소,서울,강남구
교육,쿤스틀러입체미술학원,서울,강남구
교육,쿨김아카데미에스에이티(SAT)영어교습소,서울,강남구
교육,쿨수학교습소,서울,강남구
교육,퀴넬르네일피부속눈썹왁싱전문학원,서울,강남구
교육,퀸음악교습소,서울,강남구
교육,퀸즈영어학원,서울,강남구
교육,퀸즈이화음악학원,서울,강남구
교육,큐링크학원,서울,강남구
교육,큐브어학원,서울,강남구
교육,크라벨어학원,서울,강남구
교육,크레마(crema)수학학원,서울,강남구
교육,크레마수학전문고등수학관학원,서울,강남구
교육,크레아뜰리에미술교습소,서울,강남구
교육,크레오(CREO)학원,서울,강남구
교육,크로스트음악교습소,서울,강남구
교육,크루팩토리승무원학원,서울,강남구
교육,크루핸즈온승무원학원,서울,강남구
교육,크리스스튜디오영어어학원,서울,강남구
교육,크리스스파르타토플어학원,서울,강남구
교육,크리티크학원,서울,강남구
교육,클라디학원,서울,강남구
교육,클라라영어교습소,서울,강남구
교육,클라쎄독일어학원,서울,강남구
교육,클라우스수학학원,서울,강남구
교육,클래스에듀학원,서울,강남구
교육,클래식모드문화음악교습소,서울,강남구
교육,클랙탑학원,서울,강남구
교육,클레스원미술교습소,서울,강남구
교육,키(KEY)원격학원,서울,강남구
교육,키멤버스(KeyMembers)학원,서울,강남구
교육,키아나연기학원,서울,강남구
교육,키움스피치면접학원,서울,강남구
교육,키워드매쓰원격학원,서울,강남구
교육,키작은나무미술교습소,서울,강남구
교육,키즈12리더스학원,서울,강남구
교육,키즈12스팀(STEAM)교과수학교습소,서울,강남구
교육,키즈12아트미술교습소,서울,강남구
교육,키즈스피치마루지웅변학원,서울,강남구
교육,키즈아트아카데미음악학원,서울,강남구
교육,키포유잉글리쉬(KEY FOR YOU ENGLISH)영어교습소,서울,강남구
교육,키포인트학원,서울,강남구
교육,킨더메르헨학원,서울,강남구
교육,킨더아트(Kinderart)미술교습소,서울,강남구
교육,킴(kim)쌤`s샤코디수학교습소,서울,강남구
교육,킴벨과학교습소,서울,강남구
교육,킴스애견미용학원,서울,강남구
교육,킹스잉글리쉬(King`s English)영어학원,서울,강남구
교육,킹스키즈어학학원,서울,강남구
교육,타르트(Ttart)유학미술교습소,서울,강남구
교육,타임교육컨설팅센터학원,서울,강남구
교육,타임사진학원,서울,강남구
교육,타임퍼더(TiME further)학원,서울,강남구
교육,탁월한수학학원,서울,강남구
교육,탄츠플레이무용학원,서울,강남구
교육,탐수학교습소,서울,강남구
교육,탐앤탐스아카데미커피학원,서울,강남구
교육,탑1%영어학원,서울,강남구
교육,탑과학학원,서울,강남구
교육,탑리딩영어학원,서울,강남구
교육,탑매쓰학원,서울,강남구
교육,탑멘토학원,서울,강남구
교육,탑브레인학원,서울,강남구
교육,탑스터디학원,서울,강남구
교육,탑아너스잉글리쉬(TOPHONORSENGLISH)학원,서울,강남구
교육,탑창조미술학원,서울,강남구
교육,탑클라스창조의아침미술학원,서울,강남구
교육,탑클래스더끌림미술학원,서울,강남구
교육,탑클래스수학교습소,서울,강남구
교육,탑텐스터디대치엠케이(MK)2관학원,서울,강남구
교육,탑티어학원,서울,강남구
교육,태동양화미술교습소,서울,강남구
교육,태백수학교습소,서울,강남구
교육,태성수학전문학원,서울,강남구
교육,터치스톤프렙(TOUCHSTONE PREP)학원,서울,강남구
교육,터치잉글리시영어학원,서울,강남구
교육,터키문화원커리어업학원,서울,강남구
교육,테라(TERA)보습학원,서울,강남구
교육,테크브루아카데미학원,서울,강남구
교육,텔레오입시전문학원,서울,강남구
교육,토나아카데미(T.O.N.A academy)학원,서울,강남구
교육,토니앤가이아카데미미용학원,서울,강남구
교육,토마토스쿨학원,서울,강남구
교육,토마토음악학원,서울,강남구
교육,토마토폴학원,서울,강남구
교육,토마토피아노교습소,서울,강남구
교육,토브153연기학원,서울,강남구
교육,토즈도곡이(2)스마트독서실,서울,강남구
교육,토즈도곡타워팰리스스마트독서실,서울,강남구
교육,토즈스터디센터개포독서실,서울,강남구
교육,토즈스터디센터논현독서실,서울,강남구
교육,토즈스터디센터대청역독서실,서울,강남구
교육,토즈스터디센터대치3독서실,서울,강남구
교육,토즈스터디센터도곡3독서실,서울,강남구
교육,토즈스터디센터세곡독서실,서울,강남구
교육,토즈스터디센터수서독서실,서울,강남구
교육,토즈스터디센터압구정2독서실,서울,강남구
교육,토즈압구정스마트독서실,서울,강남구
교육,토탈어학원,서울,강남구
교육,토탈에듀예일보습학원,서울,강남구
교육,토토로하우스어학원,서울,강남구
교육,톡스앤필뷰티아카데미학원,서울,강남구
교육,톰미술교습소,서울,강남구
교육,투맨미술학원,서울,강남구
교육,트리플(TRIPLE)어학원,서울,강남구
교육,트리플과학교습소,서울,강남구
교육,트리플에이영어교습소,서울,강남구
교육,트윈클어학원,서울,강남구
교육,특목센터3관학원,서울,강남구
교육,특목센터학원,서울,강남구
교육,튼튼영어마스터클럽도곡학원,서울,강남구
교육,틈미술학원,서울,강남구
교육,틈아트미술학원,서울,강남구
교육,티비티(TBT)학원,서울,강남구
교육,티스쿨학원,서울,강남구
교육,티시사이언스학원,서울,강남구
교육,티애듀어학원,서울,강남구
교육,티앤비에듀케이션학원,서울,강남구
교육,티앤엠(T&M)미술학원,서울,강남구
교육,티에이치(TH)액팅아카데미학원,서울,강남구
교육,티엔아카데미원격학원,서울,강남구
교육,티엘씨에듀센터어학원,서울,강남구
교육,티움미술학원,서울,강남구
교육,티원이스포츠아카데미학원,서울,강남구
교육,티포인트에듀학원,서울,강남구
교육,틴트미술학원,서울,강남구
교육,팀빅학원,서울,강남구
교육,팅글원격교습학원,서울,강남구
교육,파라미타학원,서울,강남구
교육,파라오미술학원,서울,강남구
교육,파라오프리미엄미술학원,서울,강남구
교육,파라투스수학전문학원,서울,강남구
교육,파르테논어학원,서울,강남구
교육,파리클라라네일아트자격증미용학원,서울,강남구
교육,파슨스엠파크어학원,서울,강남구
교육,파슨스파크(PARSONS PARK)학원,서울,강남구
교육,파워매쓰수학교습소,서울,강남구
교육,파워영재학원,서울,강남구
교육,파워플러스영어교습소,서울,강남구
교육,파워하우스실용음악학원,서울,강남구
교육,파인만고수학원,서울,강남구
교육,파인만입시컨설팅학원,서울,강남구
교육,파인앤씨미술학원,서울,강남구
교육,파인영어학원,서울,강남구
교육,파인즈영어학원,서울,강남구
교육,판스토리음악학원,서울,강남구
교육,판연기아카데미학원,서울,강남구
교육,패러곤보습학원,서울,강남구
교육,패스마스터(PathMaster)컨설팅진학상담지도교습소,서울,강남구
교육,패스트원강남학원,서울,강남구
교육,패스트캠퍼스강남학원,서울,강남구
교육,패스플러스(path+)융합입시연구센터학원,서울,강남구
교육,팩트디자인자동차아카데미학원,서울,강남구
교육,팬텀학원,서울,강남구
교육,퍼스널잉글리쉬어학원,서울,강남구
교육,퍼스트인(First 人)학원,서울,강남구
교육,펀수학본원학원,서울,강남구
교육,펀웨이학원,서울,강남구
교육,페디아플러스(paedea plus)역삼학원,서울,강남구
교육,페디아플러스대치학원,서울,강남구
교육,페디아플러스압구정학원,서울,강남구
교육,페디아플러스청담학원,서울,강남구
교육,페르미영재수학교습소,서울,강남구
교육,페메원격학원,서울,강남구
교육,페이퍼오션영어교습소,서울,강남구
교육,페트라영어학원,서울,강남구
교육,펜덕스영어학원,서울,강남구
교육,펜타영재교육학원,서울,강남구
교육,펜토매쓰피엘수학학원,서울,강남구
교육,펜톤미술학원,서울,강남구
교육,펠리스스페인어학원,서울,강남구
교육,펠리즈액트앤아트(Feliz Act&Art)학원,서울,강남구
교육,펨토스에듀학원,서울,강남구
교육,평정교육학원,서울,강남구
교육,포도나무미술학원,서울,강남구
교육,포도밭열매관학원,서울,강남구
교육,포도밭학원,서울,강남구
교육,포르테아카데미학원,서울,강남구
교육,포엥트발레교습소,서울,강남구
교육,포즈무용(POZDANCE)학원,서울,강남구
교육,폴라나어학원,서울,강남구
교육,폴러스폴댄스학원,서울,강남구
교육,폴링앤튜링미래영재교육센터학원,서울,강남구
교육,폴아카데미어학학원,서울,강남구
교육,푸른시각미술교습소,서울,강남구
교육,풍경소리미술학원,서울,강남구
교육,퓨쳐플랜학원,서울,강남구
교육,프라미에수학교습소,서울,강남구
교육,프라우드7학원,서울,강남구
교육,프라우드세븐학원,서울,강남구
교육,프라이드제이어학원,서울,강남구
교육,프라이머리수학대치학원,서울,강남구
교육,프라이빗노트온라인원격학원,서울,강남구
교육,프라임리더스학원,서울,강남구
교육,프라임스템주니어학원,서울,강남구
교육,프라임에듀학원,서울,강남구
교육,프라임해법영어교습소,서울,강남구
교육,프랙탈학원,서울,강남구
교육,프랜들리에듀학원,서울,강남구
교육,프랜시스파커어학원,서울,강남구
교육,프레빠학원,서울,강남구
교육,프레임101수학교습소,서울,강남구
교육,프레즐사이언스학원,서울,강남구
교육,프레파유학미술학원,서울,강남구
교육,프렘어학원,서울,강남구
교육,프렙드(prepped)영어교습소,서울,강남구
교육,프로보아카데미학원,서울,강남구
교육,프로세스논술컨설팅학원,서울,강남구
교육,프로퍼수학학원,서울,강남구
교육,프로픽아카데미게임그래픽학원,서울,강남구
교육,프뢰벨영어은물어학원,서울,강남구
교육,프리나발레핏학원,서울,강남구
교육,프리모수학전문교습소,서울,강남구
교육,프리미어세즈마학원,서울,강남구
교육,프리미어학원,서울,강남구
교육,프리미엄맞춤수업원격학원,서울,강남구
교육,프리미엄맞춤수업학원,서울,강남구
교육,프리미엄아인슈타인학원,서울,강남구
교육,프리투하이잉글리쉬학원,서울,강남구
교육,프리픽스댄스2관학원,서울,강남구
교육,프리픽스댄스학원,서울,강남구
교육,프린서플어학원,서울,강남구
교육,플라즈마수학학원,서울,강남구
교육,플라즈마영재학원,서울,강남구
교육,플라즈마학원,서울,강남구
교육,플래뮤미술학원,서울,강남구
교육,플래뮤아트센터대치미술학원,서울,강남구
교육,플래티넘아카데미어학원,서울,강남구
교육,플랜업학원,서울,강남구
교육,플러스독서실,서울,강남구
교육,플러스아츠학원,서울,강남구
교육,플레온학원,서울,강남구
교육,플레이송스학원,서울,강남구
교육,플레이코딩아카데미학원,서울,강남구
교육,플레이팩토강남학원,서울,강남구
교육,플로포즈꽃예술학원,서울,강남구
교육,피나클영어교습소,서울,강남구
교육,피데스교육학원,서울,강남구
교육,피매쓰(P.math)수학교습소,서울,강남구
교육,피바디바이올린교습소,서울,강남구
교육,피씨에이코리아학원,서울,강남구
교육,피아노랜드음악교습소,서울,강남구
교육,피아노리브레(Piano Libre)학원,서울,강남구
교육,피아노블러바드뮤직스쿨(Piano Boulevard Music School)음악학원,서울,강남구
교육,피아노산책음악교습소,서울,강남구
교육,피아노스토리(PianStory)피아노교습소,서울,강남구
교육,피아노의숲음악교습소,서울,강남구
교육,피아노이야기음악교습소,서울,강남구
교육,피아노이야기학원,서울,강남구
교육,피아노치는친구들,서울,강남구
교육,피아노포르테음악교습소,서울,강남구
교육,피아이국제관학원,서울,강남구
교육,피아이어학원,서울,강남구
교육,피앤이어학원,서울,강남구
교육,피앤케이학원,서울,강남구
교육,피에스아이아카데미학원,서울,강남구
교육,피에스에이개포어학학원,서울,강남구
교육,피에스에이압구정어학학원,서울,강남구
교육,피에스유(PSU)에듀센터어학원,서울,강남구
교육,피이브(fiive)원격학원,서울,강남구
교육,피카소가반한아이미술학원,서울,강남구
교육,피카소사랑미술교습소,서울,강남구
교육,피크에듀학원,서울,강남구
교육,피터팬수학학원,서울,강남구
교육,피트단기강남캠퍼스학원,서울,강남구
교육,피플미술학원,서울,강남구
교육,필독국어교습소,서울,강남구
교육,필랜드헤이스쿨스학원,서울,강남구
교육,필러아카데미(pillar academy)원격학원,서울,강남구
교육,필립영어학원,서울,강남구
교육,필수학학원,서울,강남구
교육,필에듀학원,서울,강남구
교육,필영재학원,서울,강남구
교육,필즈더클래식2관학원,서울,강남구
교육,필즈더클래식학원,서울,강남구
교육,필즈보습학원,서울,강남구
교육,필즈수학교습소,서울,강남구
교육,핑크엠댄스학원,서울,강남구
교육,하기온영어교습소,서울,강남구
교육,하나수학교습소,서울,강남구
교육,하나영어학원,서울,강남구
교육,하노버음악학원,서울,강남구
교육,하늘나무미술교습소,서울,강남구
교육,하늘발레무용교습소,서울,강남구
교육,하늘소리음악교습소,서울,강남구
교육,하늘을나는그림책압구정학원,서울,강남구
교육,하르트유학미술학원,서울,강남구
교육,하버드영재수학교습소,서울,강남구
교육,하베스트독서실,서울,강남구
교육,하비(havy)실용음악학원,서울,강남구
교육,하비스트학원,서울,강남구
교육,하얀세상미술교습소,서울,강남구
교육,하얀세상미술학원,서울,강남구
교육,하영그린아카데미학원,서울,강남구
교육,하우스터디강남개포센터독서실,서울,강남구
교육,하우스터디대청센터독서실,서울,강남구
교육,하우스터디대치독서실,서울,강남구
교육,하우와이(HOWHY)보습학원,서울,강남구
교육,하이그레이드수학학원,서울,강남구
교육,하이델베르크음악교습소,서울,강남구
교육,하이든음악학원,서울,강남구
교육,하이레벨수학교습소,서울,강남구
교육,하이매쓰큐학원,서울,강남구
교육,하이매쓰학원,서울,강남구
교육,하이베스트넷학원,서울,강남구
교육,하이브릿지연기학원,서울,강남구
교육,하이앤드에듀(HighEnd Edu.)학원,서울,강남구
교육,하이온영어교습소,서울,강남구
교육,하이원학원,서울,강남구
교육,하이클래스학원,서울,강남구
교육,하이터치수학학원,서울,강남구
교육,하이텐수학교습소,서울,강남구
교육,하이팝아카데미학원,서울,강남구
교육,하이퍼리뷰학원,서울,강남구
교육,하이퍼스트제1관학원,서울,강남구
교육,하이퍼스트제2관학원,서울,강남구
교육,하이플러스(High+Math)교습소,서울,강남구
교육,하트앤아트미술교습소,서울,강남구
교육,학(學)여울논술교습소,서울,강남구
교육,학고재독서실,서울,강남구
교육,학고재신관독서실,서울,강남구
교육,학고재학원,서울,강남구
교육,학연수학교습소,서울,강남구
교육,학예원피아노교습소,서울,강남구
교육,학원/날개를달다학원,서울,강남구
교육,한국국제어학원,서울,강남구
교육,한국글로벌널리지학원,서울,강남구
교육,한국다례교습소,서울,강남구
교육,한국배우예술학원,서울,강남구
교육,한국뷰로베리타스학원,서울,강남구
교육,한국비만토탈뷰티학원,서울,강남구
교육,한국사의달인원격교습학원,서울,강남구
교육,한국스카이학원,서울,강남구
교육,한국역학대학철학학원,서울,강남구
교육,한국영재학원,서울,강남구
교육,한국와인아카데미학원,서울,강남구
교육,한국이스포츠아카데미학원,서울,강남구
교육,한국쯔지요리학원,서울,강남구
교육,한국호텔학원,서울,강남구
교육,한글과컴퓨터학원,서울,강남구
교육,한누네학원,서울,강남구
교육,한빛독서실,서울,강남구
교육,한빛미술교습소,서울,강남구
교육,한빛변리사학원,서울,강남구
교육,한석만수학학원,서울,강남구
교육,한성아이디디자인스쿨학원,서울,강남구
교육,한솔강남브레인학원,서울,강남구
교육,한솔건축토목학원,서울,강남구
교육,한솔바이올린교습소,서울,강남구
교육,한솔에너지아카데미학원,서울,강남구
교육,한솔에이플러스(A+)영어수학학원,서울,강남구
교육,한솔플라톤아카데미학원,서울,강남구
교육,한솔플러스수학학원,서울,강남구
교육,한솔피아노,서울,강남구
교육,한솔피아노교습소,서울,강남구
교육,한수위수학교습소,서울,강남구
교육,한수학교습소,서울,강남구
교육,한수학학원,서울,강남구
교육,한스잉글리쉬(Han`s English)영어교습소,서울,강남구
교육,한영인아카데미학원,서울,강남구
교육,한예종색소폰음악교습소,서울,강남구
교육,한우리강남개원독서토론논술교습소,서울,강남구
교육,한우리강남개일독서토론논술교습소,서울,강남구
교육,한우리일원독서토론논술학원,서울,강남구
교육,한우리자곡독서논술교습소,서울,강남구
교육,한울미술교습소,서울,강남구
교육,한울보습학원,서울,강남구
교육,한울수학학원,서울,강남구
교육,한클라리넷음악교습소,서울,강남구
교육,한티음악교습소,서울,강남구
교육,한현석속기,서울,강남구
교육,한휘학당수학교습소,서울,강남구
교육,함께하는미술공간미술교습소,서울,강남구
교육,함께하는수학교습소,서울,강남구
교육,함영원명품수학관학원,서울,강남구
교육,함영원보습학원,서울,강남구
교육,함영원수학경시학원,서울,강남구
교육,함영원영어학원,서울,강남구
교육,함영원입시전문학원,서울,강남구
교육,핫국어교습소,서울,강남구
교육,해강맥학원,서울,강남구
교육,해강수학교습소,서울,강남구
교육,해금나라해금교습소,서울,강남구
교육,해냄특례학원,서울,강남구
교육,해냄학원,서울,강남구
교육,해님피아노 교습소,서울,강남구
교육,해든국어교습소,서울,강남구
교육,해뜨는보습(2관)학원,서울,강남구
교육,해라시아시강원국어교습소,서울,강남구
교육,해를학원,서울,강남구
교육,해리포터영어교습소,서울,강남구
교육,해법구룡엘리트영어교습소,서울,강남구
교육,해법도성영어교습소,서울,강남구
교육,해법수학교습소,서울,강남구
교육,해법수학교실대치학원,서울,강남구
교육,해법수학해법영어학원,서울,강남구
교육,해법영어교습소,서울,강남구
교육,해법일원중국어교습소,서울,강남구
교육,해법중국어개포중국어교습소,서울,강남구
교육,해법중국어자곡중국어교습소,서울,강남구
교육,해봄음악교습소,서울,강남구
교육,해빛나인어학원1관학원,서울,강남구
교육,해빛나인어학원2관학원,서울,강남구
교육,해빛리더스학원,서울,강남구
교육,해성스터디뱅크독서실,서울,강남구
교육,해솔수학교습소,서울,강남구
교육,해오름독서실,서울,강남구
교육,해옹미술교습소,서울,강남구
교육,해율국악학원,서울,강남구
교육,해즈(HAS)미술교습소,서울,강남구
교육,해커스공무원경찰임용별관학원,서울,강남구
교육,해커스공무원경찰임용학원,서울,강남구
교육,해커스공무원제2별관학원,서울,강남구
교육,핵심엠케이(MK)고릴라수학교습소,서울,강남구
교육,햇빛국어교습소,서울,강남구
교육,햇살정원의대관학원,서울,강남구
교육,행복한3월학원,서울,강남구
교육,허브에듀학원,서울,강남구
교육,허브엠디진학상담지도교습소,서울,강남구
교육,허정희수학교습소,서울,강남구
교육,헤라클레스미술학원,서울,강남구
교육,헤라클레스조형관미술학원,서울,강남구
교육,헤리티지아트유학미술학원,서울,강남구
교육,헤스트교육센터학원,서울,강남구
교육,헤일리잉글리쉬영어교습소,서울,강남구
교육,헥사곤수학학원,서울,강남구
교육,헬렌영어교습소,서울,강남구
교육,헬로아트미술교습소,서울,강남구
교육,헬시언플라워학원,서울,강남구
교육,현대에이플러스보습학원,서울,강남구
교육,현대웅변교습소,서울,강남구
교육,현대음악학원,서울,강남구
교육,현대피아노교습소,서울,강남구
교육,현대피아노조율기술학원,서울,강남구
교육,현상훈수학학원,서울,강남구
교육,현상훈수학학원2관학원,서울,강남구
교육,현수학교습소,서울,강남구
교육,현용자교습소,서울,강남구
교육,현음악교습소,서울,강남구
교육,형진영어학원,서울,강남구
교육,혜성과학교습소,서울,강남구
교육,혜성과학탐구학원,서울,강남구
교육,혜성코멧학원,서울,강남구
교육,혜안영어교습소,서울,강남구
교육,혜윰수학교습소,서울,강남구
교육,혜인즈블라썸플로리스트화훼학원,서울,강남구
교육,호건영어교습소,서울,강남구
교육,호리존독서실,서울,강남구
교육,호묵스미디어교육학원,서울,강남구
교육,호박사최강수학학원,서울,강남구
교육,호산나음악교습소,서울,강남구
교육,호수피아노교습소,서울,강남구
교육,호연지기(浩然之氣)학원,서울,강남구
교육,홀릭학원,서울,강남구
교육,홍성민영어에듀학원,서울,강남구
교육,홍성민영어학원,서울,강남구
교육,홍양자교습소,서울,강남구
교육,홍운서예교습소,서울,강남구
교육,홍익루시아트미술교습소,서울,강남구
교육,홍익미술교습소,서울,강남구
교육,홍익미술창작소미술교습소,서울,강남구
교육,홍익학원,서울,강남구
교육,홍익화실미술교습소,서울,강남구
교육,화랑서예과외교습소,서울,강남구
교육,환미술교습소,서울,강남구
교육,황수비수학학원,서울,강남구
교육,황영영어교습소,서울,강남구
교육,황용철수학교습소,서울,강남구
교육,회화랑미술학원,서울,강남구
교육,효성수학학원,서울,강남구
교육,후스토연기학원,서울,강남구
교육,후쌤`s책글공간융합독서논술교습소,서울,강남구
교육,후천적국어일등급만들기국어교습소,서울,강남구
교육,훈민정음국어교습소,서울,강남구
교육,훈민정필바른글씨국어교습소,서울,강남구
교육,휴브레인입시컨설팅센터학원,서울,강남구
교육,흑과백조소학원,서울,강남구
교육,히스토리아사회교습소,서울,강남구
교육,힐스국어논술사회전문학원,서울,강남구
교육,힐스독서논술교습소,서울,강남구
교육,힘멜에듀센터미술학원,서울,강남구
교육,힙스어학원,서울,강남구
교육,초심스터디카페 대치학원가사거리점,서울,강남구
교육,노블스터디카페 강남점,서울,강남구
교육,비에이블스터디카페 압구정시그니처센터,서울,강남구
교육,스터디카페 포레 대치본점,서울,강남구
교육,고릴라스페이스,서울,강남구
교육,스카이캐슬스터디카페대치점,서울,강남구
교육,시작스터디카페 한티점,서울,강남구
교육,작심스터디카페 삼성중앙역점,서울,강남구
교육,작심스터디카페 서울대치은마점,서울,강남구
교육,초심스터디카페 강남역점,서울,강남구
교육,위넌스터디카페 강남구청역점,서울,강남구
교육,더공간스터디카페 강남역점,서울,강남구
교육,작심스터디카페 서울역삼점,서울,강남구
교육,그루스터디카페 강남대치사거리센터,서울,강남구
교육,작심스터디카페 서울압구정점,서울,강남구
교육,비에이블스터디카페 대치2센터,서울,강남구
교육,스플스터디카페 도곡센터,서울,강남구
교육,모멘텀,서울,강남구
교육,비에이블스터디카페 대치센터,서울,강남구
교육,허슬버슬,서울,강남구
교육,시작스터디카페 대치점,서울,강남구
교육,스터디카페포레 대치2호점,서울,강남구
교육,위캔스터디카페 대치본점,서울,강남구
교육,작심스터디카페 대치세정본점,서울,강남구
교육,잇올 스파르타 스터디카페 청담점,서울,강남구
교육,작심스터디카페 대치학원가3호점,서울,강남구
교육,랭스터디카페 대치점,서울,강남구
교육,비에이블스터디카페 개포센터,서울,강남구
교육,비온탑스터디카페 일원본점,서울,강남구
교육,어라운드스터디카페 강남역삼점,서울,강남구
교육,몽비현,서울,강남구
교육,에스랩스터디카페 강남3호점,서울,강남구
교육,블루문스터디카페 도곡점,서울,강남구
교육,플랜트스터디카페 개포점,서울,강남구
교육,플랜트스터디카페독서실,서울,강남구
교육,소월스터디카페,서울,강남구
교육,어라운드스터디카페 청담점,서울,강남구
교육,비에이블스터디카페 청담센터,서울,강남구
교육,초심스터디카페 강남도곡점,서울,강남구
교육,만권당스터디카페,서울,강남구
교육,로프트스터디카페,서울,강남구
교육,스플24스터디카페,서울,강남구
교육,하우스터디 압구정스터디카페,서울,강남구
교육,선배스터디센터 스터디카페,서울,강남구
교육,이지스스터디카페 학여울점,서울,강남구
교육,초심스터디카페 대치은마점,서울,강남구
교육,데일리스터디카페 대치점,서울,강남구
교육,비에이블스터디카페 세곡센터,서울,강남구
교육,지구어에듀테인먼트,서울,강남구
교육,얼리버드스터디카페 청담점,서울,강남구
교육,시간공방,서울,강남구
교육,잇츠스터디카페 대치본점,서울,강남구
교육,시간과공간 스터디카페 대치본점,서울,강남구
교육,타임스터디카페 개포점,서울,강남구
교육,와이즈 스터디카페,서울,강남구
교육,비허밍스터디카페 가맹본부,서울,강남구
교육,스터디카페 네스트24 강남역1호점,서울,강남구
교육,위민 도곡점,서울,강남구
교육,이룸premium스터디카페,서울,강남구
교육,스터디고 강남개포점,서울,강남구
교육,솔리드스터디카페 한티점,서울,강남구
교육,비에이블스터디카페 도곡센터,서울,강남구
교육,그루스터디센터 서울대치센터,서울,강남구
교육,지헤림스터디룸 대치센터,서울,강남구
교육,앉아스터디카페,서울,강남구
교육,SCT 스터디카페,서울,강남구
교육,스터디카페 Nest24 강남역1호점,서울,강남구
교육,로프트스터디카페 2호점,서울,강남구
교육,시작스터디카페 대치5호점,서울,강남구
교육,솔리드스터디카페 대치점,서울,강남구
교육,커넥트 라이브러리,서울,강남구
교육,디딤스터디카페 개포점,서울,강남구
교육,토브스터디카페 자곡점,서울,강남구
교육,얼라이브스터디카페 대치센터,서울,강남구
교육,그루스터디카페 강남세곡센터,서울,강남구
교육,시작스터디카페 한티2호점,서울,강남구
교육,르하임스터디카페 강남세곡점,서울,강남구
교육,we스터디카페,서울,강남구
교육,링크스터디카페 압구정점,서울,강남구
교육,랭스스터디카페 강남직영점,서울,강남구
교육,타임유 스터디카페 대치한티역점,서울,강남구
교육,라곰스터디카페 대치점,서울,강남구
교육,메가로스쿨 조성우스터디카페&연구소,서울,강남구
교육,시작스터디카페 대치3호점,서울,강남구
교육,작심스터디카페 대치914점,서울,강남구
교육,타겟스터디카페,서울,강남구
교육,맨하탄 비즈&스터디카페,서울,강남구
교육,스터디엔카페 수서삼우센터,서울,강남구
교육,모던스터디라운지MVM,서울,강남구
교육,이지스스터디카페 한티점,서울,강남구
교육,위넌스터디카페 일원점,서울,강남구
교육,셀독24스터디카페 도곡점,서울,강남구
교육,공본스터디카페 대치센터,서울,강남구
교육,도동스터디카페,서울,강남구
교육,시작스터디카페 대치7호점,서울,강남구
교육,공본스터디카페 세곡센터,서울,강남구
교육,스플24 한티역센터,서울,강남구
교육,포부스터디카페,서울,강남구
교육,스터디카페스타북스,서울,강남구
교육,엘알마스터디카페 강남대치점,서울,강남구
교육,잉스스터디카페,서울,강남구
교육,엘알마스터디카페,서울,강남구
교육,지니24 스터디카페 개포점,서울,강남구
교육,메이커스 관리형 스터디카페,서울,강남구
교육,시작스터디카페 대치8호점,서울,강남구
교육,새김수학스터디카페,서울,강남구
교육,시작스터디카페 대치2호점,서울,강남구
교육,명당스터디카페,서울,강남구
교육,혼공의품격,서울,강남구
교육,러닝스터디카페,서울,강남구
교육,몬스터라이브러리,서울,강남구
교육,스터디고스터디카페 강남개포점,서울,강남구
교육,시작스터디카페 대치4호점,서울,강남구
교육,개포 스터디카페 포레,서울,강남구
교육,자강스터디카페,서울,강남구
교육,함께수학스터디카페,서울,강남구
교육,대치스터디카페,서울,강남구
교육,유박스스터디 카페 대치점,서울,강남구
