카테고리,이름,도시,행정구역
교육,인헌중학교,서울,관악구
교육,신림중학교,서울,관악구
교육,신관중학교,서울,관악구
교육,성보중학교,서울,관악구
교육,서울문영여자중학교,서울,관악구
교육,삼성중학교,서울,관악구
교육,봉원중학교,서울,관악구
교육,봉림중학교,서울,관악구
교육,미성중학교,서울,관악구
교육,당곡중학교,서울,관악구
교육,남서울중학교,서울,관악구
교육,남강중학교,서울,관악구
교육,난우중학교,서울,관악구
교육,구암중학교,서울,관악구
교육,광신중학교,서울,관악구
교육,관악중학교,서울,관악구
교육,서울청룡초등학교,서울,관악구
교육,서울조원초등학교,서울,관악구
교육,서울인헌초등학교,서울,관악구
교육,서울은천초등학교,서울,관악구
교육,서울원신초등학교,서울,관악구
교육,서울원당초등학교,서울,관악구
교육,서울신우초등학교,서울,관악구
교육,서울신성초등학교,서울,관악구
교육,서울신봉초등학교,서울,관악구
교육,서울신림초등학교,서울,관악구
교육,서울삼성초등학교,서울,관악구
교육,서울사당초등학교,서울,관악구
교육,서울봉현초등학교,서울,관악구
교육,서울봉천초등학교,서울,관악구
교육,서울미성초등학교,서울,관악구
교육,서울당곡초등학교,서울,관악구
교육,서울남부초등학교,서울,관악구
교육,서울난향초등학교,서울,관악구
교육,서울난우초등학교,서울,관악구
교육,서울난곡초등학교,서울,관악구
교육,서울구암초등학교,서울,관악구
교육,광신방송예술고등학교,서울,관악구
교육,영락의료과학고등학교,서울,관악구
교육,서울새롬학교,서울,관악구
교육,구암고등학교,서울,관악구
교육,꿈타래학교,서울,관악구
교육,서울관광고등학교,서울,관악구
교육,서울문영여자고등학교,서울,관악구
교육,미림여자정보과학고등학교,서울,관악구
교육,서울산업정보학교,서울,관악구
교육,서울정문학교,서울,관악구
교육,서울여자상업고등학교,서울,관악구
교육,영락고등학교,서울,관악구
교육,성보고등학교,서울,관악구
교육,서울미술고등학교,서울,관악구
교육,미림여자고등학교,서울,관악구
교육,남강고등학교,서울,관악구
교육,광신고등학교,서울,관악구
교육,인헌고등학교,서울,관악구
교육,신림고등학교,서울,관악구
교육,삼성고등학교,서울,관악구
교육,당곡고등학교,서울,관악구
교육,랭스터디카페 신림점,서울,관악구
교육,작심스터디카페 서울대입구역점,서울,관악구
교육,지니24스터디카페 난곡점,서울,관악구
교육,랭스터디카페 서울대입구역점,서울,관악구
교육,히든스페이스,서울,관악구
교육,열공다방 스터디카페 신림점,서울,관악구
교육,더포도 스터디카페,서울,관악구
교육,초심스터디카페 신림점,서울,관악구
교육,위넌스터디카페 서울대입구점,서울,관악구
교육,스터디룸위드 사당점,서울,관악구
교육,공간샘스터디카페 봉천2호점,서울,관악구
교육,스페이스액트 신림스터디카페,서울,관악구
교육,플랜에이스터디카페 서울대입구역센터,서울,관악구
교육,집중소 신림4하임 스터디카페,서울,관악구
교육,거북이의기적,서울,관악구
교육,몽땅연필스터디카페 낙성대점,서울,관악구
교육,르하임스터디카페 신림대학동점,서울,관악구
교육,플랜트스터디카페 관악쑥고개라운지,서울,관악구
교육,아이비스터디카페,서울,관악구
교육,모어댄스터디카페 낙성대1호점,서울,관악구
교육,르하임스터디카페 서울대점,서울,관악구
교육,포인트스터디카페 서울대점,서울,관악구
교육,삶은계란 스터디라운지,서울,관악구
교육,스터디카페 U 사당점,서울,관악구
교육,공간샘스터디카페 봉천점,서울,관악구
교육,시작스터디카페 서울대입구역직영점,서울,관악구
교육,집중소스터디카페,서울,관악구
교육,꿈그림스터디카페,서울,관악구
교육,위넌스터디카페 대학동1호점,서울,관악구
교육,비에이블스터디카페 서울대학교센터,서울,관악구
교육,초월 스터디카페,서울,관악구
교육,리움스터디카페,서울,관악구
교육,더공간스터디카페 신림대학동점,서울,관악구
교육,하우스터디 낙성대 스터디카페,서울,관악구
교육,감성스터디카페 서울대입구점,서울,관악구
교육,비에이블스터디카페 샤로수길센터,서울,관악구
교육,셀독24스터디카페,서울,관악구
교육,프레쉬스터디카페 신림점,서울,관악구
교육,비에이블스터디카페 관악성현센터,서울,관악구
교육,프라임스터디카페,서울,관악구
교육,탑플라이트스터디카페서울대점,서울,관악구
교육,청스터디카페,서울,관악구
교육,프렌즈스터디카페신림점,서울,관악구
교육,작심스터디카페 신림1호점,서울,관악구
교육,채움스터디카페,서울,관악구
교육,아이블스터디카페 난곡점,서울,관악구
교육,스터디카페수,서울,관악구
교육,어라운드스터디카페 서울대점,서울,관악구
교육,셀독24스터디카페 신림대학점,서울,관악구
교육,엘더스터디카페 서울대입구점,서울,관악구
교육,작심스터디카페 낙성대점,서울,관악구
교육,두잇스터디카페 난곡점,서울,관악구
교육,시드스터디카페,서울,관악구
교육,책상숲스터디카페 낙성대점,서울,관악구
교육,셀독24스터디카페 서울대입구점,서울,관악구
교육,아이비스터디카페,서울,관악구
교육,베리타스 스터디카페,서울,관악구
교육,올공스터디룸,서울,관악구
교육,셀독24 스터디카페 봉천현대시장점,서울,관악구
교육,위넌스터디카페 봉천현대시장점,서울,관악구
교육,어라운드스터디카페 신림점,서울,관악구
교육,라곰스터디카페 신림점,서울,관악구
교육,웰스터디카페,서울,관악구
교육,라운지탐탐 서울대입구점,서울,관악구
교육,위플레이스,서울,관악구
교육,서당스터디라운지 서울대입구점,서울,관악구
교육,허니몽스터디카페,서울,관악구
교육,스터디고 난곡점,서울,관악구
교육,스터디카페&독서실 낙성대점,서울,관악구
교육,스터디템퍼스 봉천점,서울,관악구
교육,초월스터디카페 대학동2호점,서울,관악구
교육,캠스터디카페 신림센터,서울,관악구
교육,아이디어스스터디카페,서울,관악구
교육,마이플레이스 스터디카페,서울,관악구
교육,초월스터디카페 대학동3호점,서울,관악구
교육,하이티어스터디카페,서울,관악구
교육,스터디카페,서울,관악구
교육,모락 서울대입구 2호점,서울,관악구
교육,1997댄스학원,서울,관악구
교육,3030영어교습소,서울,관악구
교육,3030영어학원,서울,관악구
교육,4비화실미술교습소,서울,관악구
교육,가야컴퓨터학원,서울,관악구
교육,가온스터디센터은천독서실,서울,관악구
교육,가자수학교습소,서울,관악구
교육,강남독서실,서울,관악구
교육,강남에이토즈학원,서울,관악구
교육,강남예일보습어학원,서울,관악구
교육,강남제일학원,서울,관악구
교육,강산국어학원,서울,관악구
교육,강쌤수학의달인학원,서울,관악구
교육,강은숙음악학원,서울,관악구
교육,건영음악학원,서울,관악구
교육,건영해법영어교습소,서울,관악구
교육,경단기수석관고시학원,서울,관악구
교육,경독사스파르타독서실,서울,관악구
교육,경문에듀수학교습소,서울,관악구
교육,경희피아노교습소,서울,관악구
교육,고등관강남예일학원,서울,관악구
교육,고사리미술교습소,서울,관악구
교육,고운소리음악학원,서울,관악구
교육,고흐미술교습소,서울,관악구
교육,고흐의꿈꾸는다락방미술교습소,서울,관악구
교육,고흐피아노음악교습소,서울,관악구
교육,골든픽잉글리쉬학원,서울,관악구
교육,공감수학학원,서울,관악구
교육,공감영어교습소,서울,관악구
교육,공부와락원격학원,서울,관악구
교육,공부의신영어교습소,서울,관악구
교육,공잘보습학원,서울,관악구
교육,공터영어구암센터영어교습소,서울,관악구
교육,공터영어학원,서울,관악구
교육,관서음악학원,서울,관악구
교육,관악1이아이이(EIE)어학원,서울,관악구
교육,관악난향한우리독서토론논술교습소,서울,관악구
교육,관악드림타운이해법수학교습소,서울,관악구
교육,관악모아수학학원,서울,관악구
교육,관악몬테소리학원,서울,관악구
교육,관악베리타스보습학원,서울,관악구
교육,관악분원정상어학원,서울,관악구
교육,관악삼성독서논술교습소,서울,관악구
교육,관악스카이플러스학원,서울,관악구
교육,관악스터디뱅크독서실,서울,관악구
교육,관악영재사관학원,서울,관악구
교육,관악음악학원,서울,관악구
교육,관악정예학원,서울,관악구
교육,관악지엠에스뉴스터디학원,서울,관악구
교육,관악청담어학원,서울,관악구
교육,관악청담에이프릴어학원,서울,관악구
교육,관악청명보습학원,서울,관악구
교육,관악폴리어학원,서울,관악구
교육,관악푸른나무미술교습소,서울,관악구
교육,관악한솔주니어랩영어교습소,서울,관악구
교육,관악해법수학교습소,서울,관악구
교육,관악현대뮤엠영어교습소,서울,관악구
교육,관악현대삼성영어학원,서울,관악구
교육,관인엘가음악학원,서울,관악구
교육,교신학원,서울,관악구
교육,구로민병철어학원,서울,관악구
교육,구선생수학교습소,서울,관악구
교육,구암봉천기탄사고력교실논술교습소,서울,관악구
교육,국동국어고샘수학학원,서울,관악구
교육,국제이용학원,서울,관악구
교육,군도군무원경영학원,서울,관악구
교육,그랜드전문음악학원,서울,관악구
교육,그리다미술교습소,서울,관악구
교육,그리심미술교습소,서울,관악구
교육,그린미술교습소,서울,관악구
교육,그림과사람들미술교습소,서울,관악구
교육,그림꿈미술교습소,서울,관악구
교육,그림나무미술교습소,서울,관악구
교육,그림나무숲미술교습소,서울,관악구
교육,그림마을미술학원,서울,관악구
교육,그림숲미술교습소,서울,관악구
교육,그림숲세광미술교습소,서울,관악구
교육,글로벌아이티(IT)인재개발학원,서울,관악구
교육,글에고리원격학원,서울,관악구
교육,기린바둑학원,서울,관악구
교육,길수학교습소,서울,관악구
교육,김선아영수학원,서울,관악구
교육,김쌤잘하는수학교습소,서울,관악구
교육,김창훈수학교습소,서울,관악구
교육,김채환스파르타합격관리독학원,서울,관악구
교육,김현애보습학원,서울,관악구
교육,김홍학원,서울,관악구
교육,깊은생각보습학원,서울,관악구
교육,꿈꾸는공작소미술교습소,서울,관악구
교육,꿈꾸는뮤직스튜디오음악교습소,서울,관악구
교육,꿈의숲미술교습소,서울,관악구
교육,꿈이크는보습학원,서울,관악구
교육,꿈있는독서실,서울,관악구
교육,끌뮤음악교습소,서울,관악구
교육,나노주산암산교습소,서울,관악구
교육,나무미술교습소,서울,관악구
교육,난피아노교습소,서울,관악구
교육,난향삼성영어교습소,서울,관악구
교육,난향트리니티음악학원,서울,관악구
교육,남부한우리학원,서울,관악구
교육,남정임미술학원,서울,관악구
교육,남현수학교습소,서울,관악구
교육,남현영어교습소,서울,관악구
교육,네오미술교습소,서울,관악구
교육,네오진명보습학원,서울,관악구
교육,노벨학원,서울,관악구
교육,놀작마이아트슈에뜨아트미술교습소,서울,관악구
교육,높은음자리음악교습소,서울,관악구
교육,눈높이러닝센터구암보습학원,서울,관악구
교육,눈높이러닝센터남현러닝보습학원,서울,관악구
교육,눈높이러닝센터신림난곡보습학원,서울,관악구
교육,눈높이러닝센터신사보습학원,서울,관악구
교육,눈높이러닝센터신원보습학원,서울,관악구
교육,눈높이러닝센터인헌보습학원,서울,관악구
교육,뉴런영어교습소,서울,관악구
교육,뉴베르디음악학원,서울,관악구
교육,뉴스카이독서실,서울,관악구
교육,뉴탑클래스학원,서울,관악구
교육,늘음악교습소,서울,관악구
교육,다마스쿠스학원,서울,관악구
교육,다이나믹연기학원,서울,관악구
교육,다인음악교습소,서울,관악구
교육,닥터정이클래스관악보습학원,서울,관악구
교육,달무일월연기학원,서울,관악구
교육,달콤한음악교습소,서울,관악구
교육,대교솔루니신림조원독서논술교습소,서울,관악구
교육,대교온라인학원,서울,관악구
교육,대니엘윤의주식코칭학원,서울,관악구
교육,대림간호학원,서울,관악구
교육,대성컴퓨터회계학원,서울,관악구
교육,대웅독서실,서울,관악구
교육,대진보습학원,서울,관악구
교육,대치에스학원,서울,관악구
교육,대치정상수학과학전문학원,서울,관악구
교육,대한간호학원,서울,관악구
교육,대한요리제과학원,서울,관악구
교육,대한폴댄스연맹봉천점학원,서울,관악구
교육,대한폴댄스연맹학원,서울,관악구
교육,댄스조아무용학원,서울,관악구
교육,더관리형독서실,서울,관악구
교육,더블유실용음악학원,서울,관악구
교육,더샾음악학원,서울,관악구
교육,더올림학원,서울,관악구
교육,더캠퍼스학원,서울,관악구
교육,더클래스학원,서울,관악구
교육,더클래스해법독서논술교습소,서울,관악구
교육,더포스아카데미학원,서울,관악구
교육,더피아니즘음악교습소,서울,관악구
교육,덕승마스터학원,서울,관악구
교육,델타수학학원,서울,관악구
교육,독한공무원학원,서울,관악구
교육,동아그레이스영어교습소,서울,관악구
교육,동아샛별나라미술교습소,서울,관악구
교육,두드림학원,서울,관악구
교육,두산미술교습소,서울,관악구
교육,두산음악학원,서울,관악구
교육,두영아뜨리에미술교습소,서울,관악구
교육,드림앤피아노음악학원,서울,관악구
교육,드림탑수학교습소,서울,관악구
교육,디오디오댄스학원,서울,관악구
교육,디자인가우디미술학원,서울,관악구
교육,따뜻한아이티컴퓨터학원,서울,관악구
교육,라몽트독서실,서울,관악구
교육,라비드당스무용학원,서울,관악구
교육,라온사고력놀이수학교습소,서울,관악구
교육,라온수학전문학원,서울,관악구
교육,라온음악교습소,서울,관악구
교육,라임수학교습소,서울,관악구
교육,래(來)미술학원,서울,관악구
교육,레몬트리미술교습소,서울,관악구
교육,로프트독서실,서울,관악구
교육,론다플라워아카데미학원,서울,관악구
교육,루디아음악학원,서울,관악구
교육,루트수학학원,서울,관악구
교육,륀느발레학원,서울,관악구
교육,리더스스터디독서실,서울,관악구
교육,리드앤톡관악성현센터영어학원,서울,관악구
교육,리드앤톡영어학원,서울,관악구
교육,리베라라음악학원,서울,관악구
교육,리안뷰티아카데미학원,서울,관악구
교육,리틀피카소미술교습소,서울,관악구
교육,리학원,서울,관악구
교육,마들렌음악학원,서울,관악구
교육,마스터수학교습소,서울,관악구
교육,마스터키영어교습소,서울,관악구
교육,마중물제1관보습학원,서울,관악구
교육,마중물제2관학원,서울,관악구
교육,마테시스2관수학학원,서울,관악구
교육,마테시스수학학원,서울,관악구
교육,맑은샘피아노음악교습소,서울,관악구
교육,맑음과학교습소,서울,관악구
교육,맘스(Mom?s)창의나래수학학원,서울,관악구
교육,매스매티카수학학원,서울,관악구
교육,매쓰스터디수학교습소,서울,관악구
교육,매쓰플러스보습학원,서울,관악구
교육,매쓰홀릭수학교습소,서울,관악구
교육,맥스터디학원,서울,관악구
교육,메가드림독서실,서울,관악구
교육,메가탑보습학원,서울,관악구
교육,메가트리전문수학교습소,서울,관악구
교육,메가피셋학원,서울,관악구
교육,메인스트림실용음악학원,서울,관악구
교육,메트로영어학원,서울,관악구
교육,메티스학원,서울,관악구
교육,명륜당독서실,서울,관악구
교육,명륜학원,서울,관악구
교육,명문보습학원,서울,관악구
교육,모모아트미술교습소,서울,관악구
교육,모션이즈학원,서울,관악구
교육,몬스(MONS)의미술교습소,서울,관악구
교육,문단열의아이스펀지잉글리쉬관악어학원,서울,관악구
교육,문창학원,서울,관악구
교육,뮤아센관악센터미술교습소,서울,관악구
교육,뮤엠영어뉴웨이학원,서울,관악구
교육,뮤엠영어당곡드림학원,서울,관악구
교육,뮤엠영어사당니콜점영어교습소,서울,관악구
교육,뮤엠영어인헌보습학원,서울,관악구
교육,뮤엠영어학원,서울,관악구
교육,뮤즈벨리댄스학원,서울,관악구
교육,뮤즈아이음악학원,서울,관악구
교육,뮤지큐음악동화음악교습소,서울,관악구
교육,뮤직스테이션실용음악학원,서울,관악구
교육,뮤직엠음악교습소,서울,관악구
교육,뮤직플러스음악교습소,서울,관악구
교육,뮤직플러스음악학원,서울,관악구
교육,미나영어아카데미영어교습소,서울,관악구
교육,미댄스스포츠학원,서울,관악구
교육,미래사관보습학원,서울,관악구
교육,미래지도자보습학원,서울,관악구
교육,미래창조학원,서울,관악구
교육,미래학원,서울,관악구
교육,미래한국인학원,서울,관악구
교육,미술로생각하기관악서울대미술학원,서울,관악구
교육,민병철주니어어학원,서울,관악구
교육,민트음악학원,서울,관악구
교육,바오밥미술창작소미술학원,서울,관악구
교육,바하음악교습소,서울,관악구
교육,박문각서울법학원,서울,관악구
교육,박선생독서논술교습소,서울,관악구
교육,반올림피아노교습소,서울,관악구
교육,발레리아무용학원,서울,관악구
교육,발품학원,서울,관악구
교육,배론스터디독서실,서울,관악구
교육,버클리프리미엄독서실,서울,관악구
교육,베르디음악학원,서울,관악구
교육,베리타스사법고시학원,서울,관악구
교육,베리타스스터디독서실,서울,관악구
교육,베리타스스파르타고시학원,서울,관악구
교육,베리타스스파르타독서실,서울,관악구
교육,베리타스스파르타에스원고시학원,서울,관악구
교육,베리타스스파르타에이원고시학원,서울,관악구
교육,베리타스스파르타에이원독서실,서울,관악구
교육,베리타스스파르타케이투고시학원,서울,관악구
교육,베베궁킨더어학원,서울,관악구
교육,베스트한솔보습학원,서울,관악구
교육,벨라보체음악학원,서울,관악구
교육,벽산은음악교습소,서울,관악구
교육,벽산해법수학교습소,서울,관악구
교육,보이스킹실용음악학원,서울,관악구
교육,본모토기타교습소,서울,관악구
교육,봄미술교습소,서울,관악구
교육,봄봄피아노교습소,서울,관악구
교육,봉드럼교습소,서울,관악구
교육,봉천강한수학교습소,서울,관악구
교육,봉천에듀플렉스에듀코치학원,서울,관악구
교육,봉천우성해법수학교습소,서울,관악구
교육,봉천한샘보습학원,서울,관악구
교육,봉천한솔플러스보습학원,서울,관악구
교육,봉천해법영어교습소,서울,관악구
교육,봉현영어교습소,서울,관악구
교육,브레멘음악학원,서울,관악구
교육,블레싱음악교습소,서울,관악구
교육,블루리더스독서실,서울,관악구
교육,블루먼트연기학원,서울,관악구
교육,블루밍뮤엠영어교습소,서울,관악구
교육,비끄아트신림점미술교습소,서울,관악구
교육,비너스발레학원,서울,관악구
교육,비바체음악교습소,서울,관악구
교육,비상잉글리시아이은천점학원,서울,관악구
교육,비상하는또또학원,서울,관악구
교육,비앤비수학학원,서울,관악구
교육,비엔나음악학원,서울,관악구
교육,비콘영어전문학원,서울,관악구
교육,비트영어교습소,서울,관악구
교육,빨간토끼창작소미술교습소,서울,관악구
교육,빨간펜수학의달인신림푸르지오수학교습소,서울,관악구
교육,빨간펜수학의달인은천수학교습소,서울,관악구
교육,뼈다귀영어교습소,서울,관악구
교육,뿌리영어보습학원,서울,관악구
교육,사고력톡톡수학교습소,서울,관악구
교육,사랑음악학원,서울,관악구
교육,삼보아카데미독서실,서울,관악구
교육,삼성산컴퓨터학원,서울,관악구
교육,삼성영어관악푸르지오영어교습소,서울,관악구
교육,삼성영어미성학원,서울,관악구
교육,삼성영어은천영어교습소,서울,관악구
교육,삼성예원피아노교습소,서울,관악구
교육,삼성음악학원,서울,관악구
교육,상상그리다미술교습소,서울,관악구
교육,상상톡톡미술교습소,서울,관악구
교육,상상프로젝트아트스튜디오학원,서울,관악구
교육,상지독서실,서울,관악구
교육,상지에듀학원,서울,관악구
교육,새로이학원,서울,관악구
교육,새싹음악교습소,서울,관악구
교육,새예진피아노교습소,서울,관악구
교육,새이화음악학원,서울,관악구
교육,새하은음악학원,서울,관악구
교육,생각수학교습소,서울,관악구
교육,생각수학보습학원,서울,관악구
교육,샤론피아노교습소,서울,관악구
교육,서강에스엘피관악어학원,서울,관악구
교육,서강참보습학원,서울,관악구
교육,서문보습학원,서울,관악구
교육,서울대보습학원-143,서울,관악구
교육,서울대분원합격의법학원독서실,서울,관악구
교육,서울대삼성영어교습소,서울,관악구
교육,서울대입구씨앤씨미술학원,서울,관악구
교육,서울대입구역이지어학원,서울,관악구
교육,서울대입구역합격의법학원,서울,관악구
교육,서울무용아카데미학원,서울,관악구
교육,서울무용학원,서울,관악구
교육,서울봉천작심독서실,서울,관악구
교육,서울예술음악학원,서울,관악구
교육,서울음악교습소,서울,관악구
교육,서울커피교육학원,서울,관악구
교육,서울크리스챤스쿨학원,서울,관악구
교육,서초수도건설학원,서울,관악구
교육,석사주산교습소,서울,관악구
교육,석세스취업학원,서울,관악구
교육,선뮤직음악학원,서울,관악구
교육,성민수학교습소,서울,관악구
교육,성보독서실,서울,관악구
교육,성운보컬알에이치티실용음악학원,서울,관악구
교육,성지학원,서울,관악구
교육,성현바이올린음악교습소,서울,관악구
교육,세광음악학원,서울,관악구
교육,세린음악교습소,서울,관악구
교육,세종독서실,서울,관악구
교육,세진보습학원,서울,관악구
교육,셀파우등생학원,서울,관악구
교육,소리나무음악교습소,서울,관악구
교육,소리터음악교습소,서울,관악구
교육,소올미술교습소,서울,관악구
교육,소올피아노교습소,서울,관악구
교육,소울음악교습소,서울,관악구
교육,솔로몬와이즈학원,서울,관악구
교육,솔루니남현논술교습소,서울,관악구
교육,솔잎샘수학영어학원,서울,관악구
교육,솔피아노학원,서울,관악구
교육,수리술사보습학원,서울,관악구
교육,수림독서실,서울,관악구
교육,수뽀수학교습소,서울,관악구
교육,수인영어교습소,서울,관악구
교육,수재수학교습소,서울,관악구
교육,수준수학교습소,서울,관악구
교육,수키영어교습소,서울,관악구
교육,수학노리터수학교습소,서울,관악구
교육,수학세상수학교습소,서울,관악구
교육,수학여행보습학원,서울,관악구
교육,수학을읽다수학교습소,서울,관악구
교육,수학코치원격학원,서울,관악구
교육,숙명무용학원,서울,관악구
교육,숨실용음악학원,서울,관악구
교육,숭문고시독서실,서울,관악구
교육,쉬즈네일미용학원,서울,관악구
교육,쉽게배우는수학수학교습소,서울,관악구
교육,스마티움관악성현독서실,서울,관악구
교육,스카이멘토원격학원,서울,관악구
교육,스카이직업전문학원,서울,관악구
교육,스카이플러스보습학원,서울,관악구
교육,스카이플러스중등보습학원,서울,관악구
교육,스터디드림학원,서울,관악구
교육,스터디뱅크해성독서실,서울,관악구
교육,스터디움독서실,서울,관악구
교육,스텔라영어학원,서울,관악구
교육,스텔라음악학원,서울,관악구
교육,스트룸독서실,서울,관악구
교육,스티나영어학원,서울,관악구
교육,스페이스독서실,서울,관악구
교육,시대인재디(D)학원,서울,관악구
교육,시대인재에스학원,서울,관악구
교육,신고려보습학원,서울,관악구
교육,신림본원크림미술학원,서울,관악구
교육,신림위드피아노학원,서울,관악구
교육,신림유니팝미술학원,서울,관악구
교육,신림한솔플러스수학교습소,서울,관악구
교육,신사보습학원,서울,관악구
교육,신사해법영어교습소,서울,관악구
교육,신세계음악교습소,서울,관악구
교육,신영수속셈학원,서울,관악구
교육,신영어교습소,서울,관악구
교육,신한림법학원,서울,관악구
교육,신화창조학원,서울,관악구
교육,쎈수학러닝센터낙성대수학교습소,서울,관악구
교육,쎈영어교습소,서울,관악구
교육,쎔수학교습소,서울,관악구
교육,쏘윌아이학원,서울,관악구
교육,씨엔씨(CNC)영어교습소,서울,관악구
교육,씨엔씨보습학원,서울,관악구
교육,씨엘에스영어학원,서울,관악구
교육,씨엠에스관악영재2관학원,서울,관악구
교육,씨엠에스관악영재학원,서울,관악구
교육,씨지파이브학원,서울,관악구
교육,아고고스학원,서울,관악구
교육,아낌없이주는교실수학교습소,서울,관악구
교육,아다지오엣트(ADAGIOet)음악교습소,서울,관악구
교육,아담리즈놀이수학학원,서울,관악구
교육,아르꼬망세미술학원,서울,관악구
교육,아르꼬망세음악학원,서울,관악구
교육,아르떼뮤직음악학원,서울,관악구
교육,아름다운음악교습소,서울,관악구
교육,아름드리피아노음악교습소,서울,관악구
교육,아벨보습학원,서울,관악구
교육,아벨에듀보습학원,서울,관악구
교육,아소플독서논술교습소,서울,관악구
교육,아이러브음악학원,서울,관악구
교육,아이뮤직아카데미음악학원,서울,관악구
교육,아이비음악학원,서울,관악구
교육,아이소리음악교습소,서울,관악구
교육,아이에스엘보습학원,서울,관악구
교육,아이은음악학원,서울,관악구
교육,아이지에스이아카데미(IGSE Academy)관악성현영어학원,서울,관악구
교육,아이피카소은천미술교습소,서울,관악구
교육,아카데미라운지신림1독서실,서울,관악구
교육,아테네학당독서실,서울,관악구
교육,아트댄스학원,서울,관악구
교육,아트루미너스미술교습소,서울,관악구
교육,아트앤하트서울관악푸르지오미술교습소,서울,관악구
교육,아트앤하트서울대입구관악청룡미술교습소,서울,관악구
교육,아트원예술학원,서울,관악구
교육,아트정미술학원,서울,관악구
교육,아트플러스미술교습소,서울,관악구
교육,아틀라스원리사회교습소,서울,관악구
교육,아틀리에힐미술교습소,서울,관악구
교육,아프로만영재보습학원,서울,관악구
교육,안녕음악교습소,서울,관악구
교육,안단테음악교습소,서울,관악구
교육,알투학원,서울,관악구
교육,알파수학교습소,서울,관악구
교육,애니마션미술학원,서울,관악구
교육,앤플러스학원,서울,관악구
교육,야베스음악학원,서울,관악구
교육,양지간호조무사학원,서울,관악구
교육,어린음악대음악학원,서울,관악구
교육,어린화가마을미술교습소,서울,관악구
교육,어반플레이댄스아카데미학원,서울,관악구
교육,어반플레이댄스학원,서울,관악구
교육,어썸스터디타워독서실,서울,관악구
교육,어썸팩토리독서실,서울,관악구
교육,어울린미술공간미술교습소,서울,관악구
교육,에듀맥학원,서울,관악구
교육,에듀윌공인중개사학원,서울,관악구
교육,에듀킨미용학원,서울,관악구
교육,에스앤에스에듀보습학원,서울,관악구
교육,에스오티어학원,서울,관악구
교육,에이블독서실,서울,관악구
교육,에이비알통역학원,서울,관악구
교육,에이스타독서실,서울,관악구
교육,에이알기타교습소,서울,관악구
교육,에이엠수학학원,서울,관악구
교육,에이치수학교습소,서울,관악구
교육,에이치잉글리쉬랭귀지인스티튜학원,서울,관악구
교육,에이치피에스킨더하우스어학원,서울,관악구
교육,에임수학학원,서울,관악구
교육,에임하이영수학원,서울,관악구
교육,에프에이에스원리미술학원,서울,관악구
교육,에프이에스영어학원,서울,관악구
교육,엔데버학원,서울,관악구
교육,엔이화음악교습소,서울,관악구
교육,엔조이(Enjoy)수학교습소,서울,관악구
교육,엔티에스수학학원,서울,관악구
교육,엔티에스학원,서울,관악구
교육,엘리제음악학원,서울,관악구
교육,엘에이뮤직실용음악학원,서울,관악구
교육,엠더블유실용음악학원,서울,관악구
교육,엠씨에이(MCA)아카데미학원,서울,관악구
교육,엠씨클래스수학교습소,서울,관악구
교육,엠앤엠튜터스학원,서울,관악구
교육,엠앤이영어수학학원,서울,관악구
교육,엠에스수학보습학원,서울,관악구
교육,엠에스에스수학교습소,서울,관악구
교육,엠피에스맨해튼음악교습소,서울,관악구
교육,여기는관리형독서실,서울,관악구
교육,연세성악교습소,서울,관악구
교육,연세아카데미보습학원,서울,관악구
교육,연세에듀플러스학원,서울,관악구
교육,연세영어수학의신수학학원,서울,관악구
교육,연세음악학원,서울,관악구
교육,열혈학원,서울,관악구
교육,영가스파르타센터신림독서실,서울,관악구
교육,영국이엠학원,서울,관악구
교육,영어사관학원,서울,관악구
교육,영재스터디수학교습소,서울,관악구
교육,영재음악학원,서울,관악구
교육,영재지앤비영어학원,서울,관악구
교육,영재지혜공터영어학원,서울,관악구
교육,영재지혜학원,서울,관악구
교육,영전보습학원,서울,관악구
교육,예당피아노음악학원,서울,관악구
교육,예림피아노교습소,서울,관악구
교육,예명음악학원,서울,관악구
교육,예복수학교습소,서울,관악구
교육,예손피아노교습소,서울,관악구
교육,예은무용교습소,서울,관악구
교육,예은음악학원,서울,관악구
교육,예음피아노교습소,서울,관악구
교육,예지음악학원,서울,관악구
교육,오드와이댄스학원,서울,관악구
교육,오렌지음악학원,서울,관악구
교육,오름보습학원,서울,관악구
교육,오민선국어교습소,서울,관악구
교육,오엠디예술종합무용학원,서울,관악구
교육,오플러스독서실,서울,관악구
교육,온누리보습학원,서울,관악구
교육,올리비아영어교습소,서울,관악구
교육,옳은수학교습소,서울,관악구
교육,와이비엠(YBM)영어교육학원,서울,관악구
교육,와이비엠잉글루보습학원,서울,관악구
교육,와이앤드김댄스학원,서울,관악구
교육,와이즈리더영어독서학원,서울,관악구
교육,와이즈만영재학원,서울,관악구
교육,와일즈수학교습소,서울,관악구
교육,우리컴퓨터전산회계학원,서울,관악구
교육,우주영재과학교습소,서울,관악구
교육,우쿨렐레앤기타교습소,서울,관악구
교육,웅진씽크빅학습센터성현학원,서울,관악구
교육,원리영어학원,서울,관악구
교육,원웨이음악교습소,서울,관악구
교육,원일보습학원,서울,관악구
교육,원탑수학교습소,서울,관악구
교육,월광서재봉천독서실,서울,관악구
교육,웰탑스터디독서실,서울,관악구
교육,위브독서실,서울,관악구
교육,위스터디영어교습소,서울,관악구
교육,위아스아카데미학원,서울,관악구
교육,위즈해법영어교습소,서울,관악구
교육,유니팝은천센터미술교습소,서울,관악구
교육,유림실용음악학원,서울,관악구
교육,유림음악교습소,서울,관악구
교육,유씨수학학원,서울,관악구
교육,윤경음악학원,서울,관악구
교육,윤선생아이지에스이아카데미(IGSE Academy)보라매학원,서울,관악구
교육,윤선생영어숲신림북부보습학원,서울,관악구
교육,윤선생우리집앞영어교실인헌영어교습소,서울,관악구
교육,윤선생우리집앞영어봉현영어교습소,서울,관악구
교육,윤선음악교습소,서울,관악구
교육,윤음악교습소,서울,관악구
교육,윤플루트음악교습소,서울,관악구
교육,율아민화미술교습소,서울,관악구
교육,은강음악학원,서울,관악구
교육,은모래음악교습소,서울,관악구
교육,은천한우리독서토론논술교습소,서울,관악구
교육,은천해법영어교습소,서울,관악구
교육,이락음악교습소,서울,관악구
교육,이루리영어교습소,서울,관악구
교육,이룸독서실,서울,관악구
교육,이룸수학교습소,서울,관악구
교육,이민주피아노교습소,서울,관악구
교육,이브발레학원,서울,관악구
교육,이상화쌤수학보습학원,서울,관악구
교육,이샘수학교습소,서울,관악구
교육,이쌤영어학원,서울,관악구
교육,이안음악교습소,서울,관악구
교육,이앤아이음악학원,서울,관악구
교육,이에스엘(ESL)영어학원,서울,관악구
교육,이엠(EM)학원,서울,관악구
교육,이지댄스학원,서울,관악구
교육,이지엠학원,서울,관악구
교육,이지음악교습소,서울,관악구
교육,이지피아노교습소,서울,관악구
교육,이지학원,서울,관악구
교육,이투스투포세븐학원,서울,관악구
교육,이플러스영수학원,서울,관악구
교육,이화뮤직플로우음악학원,서울,관악구
교육,이화배꽃음악교습소,서울,관악구
교육,이화보습학원,서울,관악구
교육,이화아뜰리에미술교습소,서울,관악구
교육,이화음악교습소,서울,관악구
교육,이화음악학원,서울,관악구
교육,이희영국어보습학원,서울,관악구
교육,익스플로어잉글리쉬영어교습소,서울,관악구
교육,인수학교습소,서울,관악구
교육,인싸이트통찰학원,서울,관악구
교육,인재미술교습소,서울,관악구
교육,인투더하모니카학원,서울,관악구
교육,인해법학원,서울,관악구
교육,인헌독서실,서울,관악구
교육,인헌한우리독서토론논술교습소,서울,관악구
교육,인헌해법수학교습소,서울,관악구
교육,일등급고등영어교습소,서울,관악구
교육,일등급영어교습소,서울,관악구
교육,일등해법학원,서울,관악구
교육,일신영수에듀케어학원,서울,관악구
교육,일심보습학원,서울,관악구
교육,일원독서실,서울,관악구
교육,일이영해법영어교습소,서울,관악구
교육,일퍼센트의행운수학교습소,서울,관악구
교육,잇올스파르타관리형독서실,서울,관악구
교육,잇올스파르타관리형학원,서울,관악구
교육,잇올스파르타신림관리형독서실,서울,관악구
교육,잉글리쉬플러스영어교습소,서울,관악구
교육,자마르실용음악학원,서울,관악구
교육,장쌤수학교습소,서울,관악구
교육,장학독서실,서울,관악구
교육,재미미술교습소,서울,관악구
교육,전문직단기고시학원,서울,관악구
교육,점프업수학교습소,서울,관악구
교육,정원미술교습소,서울,관악구
교육,정은미술교습소,서울,관악구
교육,정호올림피아드보습학원,서울,관악구
교육,제니영어교습소,서울,관악구
교육,제니잉글리쉬영어교습소,서울,관악구
교육,제로인테리어필름학원,서울,관악구
교육,제이비엠수학전문학원,서울,관악구
교육,제이앤제이음악교습소,서울,관악구
교육,제이에스과학교습소,서울,관악구
교육,제이케이음악교습소,서울,관악구
교육,조아좋아이젠수학교습소,서울,관악구
교육,조원해법수학교습소,서울,관악구
교육,조이바이올린교습소,서울,관악구
교육,조이에듀방과후영어교습소,서울,관악구
교육,조이음악학원,서울,관악구
교육,조이풀음악교습소,서울,관악구
교육,종로엠신림보습학원,서울,관악구
교육,좋은녀석들연기학원,서울,관악구
교육,줄리스보습학원,서울,관악구
교육,지니어스논술교습소,서울,관악구
교육,지엔에스(GnS)영수학원,서울,관악구
교육,지온아트미술교습소,서울,관악구
교육,지희피아노교습소,서울,관악구
교육,직관과통찰수학교습소,서울,관악구
교육,진달래미술교습소,서울,관악구
교육,진명독서실,서울,관악구
교육,진선샘수학교습소,서울,관악구
교육,진수학학원,서울,관악구
교육,집중소신림2하임집현당독서실,서울,관악구
교육,집중소신림3하임집현당독서실,서울,관악구
교육,차일드유영어학원,서울,관악구
교육,참좋은음악학원,서울,관악구
교육,창의나무수학교습소,서울,관악구
교육,창의놀이터수학교습소,서울,관악구
교육,창의사고력플레이팩토놀이수학교습소,서울,관악구
교육,창의톡톡학원,서울,관악구
교육,창작공간미술교습소,서울,관악구
교육,철학교육논술학원,서울,관악구
교육,청도한자교습소,서울,관악구
교육,청룡해법영어교습소,서울,관악구
교육,청맥보습학원,서울,관악구
교육,청어람독서실,서울,관악구
교육,초록물고기미술교습소,서울,관악구
교육,초이스영어교습소,서울,관악구
교육,최강어학원,서울,관악구
교육,최강황샘수학보습학원,서울,관악구
교육,최고수학교습소,서울,관악구
교육,최상위삼성수학교습소,서울,관악구
교육,최상위에듀수학교습소,서울,관악구
교육,최선생수학교실수학교습소,서울,관악구
교육,최이진실용음악학원,서울,관악구
교육,추쌤수학교습소,서울,관악구
교육,충현독서실,서울,관악구
교육,츄피아노(chupiano)음악교습소,서울,관악구
교육,칸타빌레바이올린교습소,서울,관악구
교육,커넥츠독학관독서실,서울,관악구
교육,커뮤니케이션수학교습소,서울,관악구
교육,케이&와이수학학원,서울,관악구
교육,케이엔제이(KNJ)학원,서울,관악구
교육,케이지씨에이(KGCA)게임아카데미학원,서울,관악구
교육,코스모스음악학원,서울,관악구
교육,코어잉글리시보습학원,서울,관악구
교육,코코잉글리쉬어학원,서울,관악구
교육,퀼른음악학원,서울,관악구
교육,큐브애견미용학원,서울,관악구
교육,크리스챤쇼보뷰티미용학원,서울,관악구
교육,크림입시미술학원,서울,관악구
교육,큰샛별피아노교습소,서울,관악구
교육,큰솔아이들학원,서울,관악구
교육,키맨학원,서울,관악구
교육,키스트보습학원,서울,관악구
교육,타니폴댄스신림학원,서울,관악구
교육,탑스터디보습학원,서울,관악구
교육,탑애견미용학원,서울,관악구
교육,탑클래스학원,서울,관악구
교육,탑플러스해법영어교습소,서울,관악구
교육,탑한빛학원,서울,관악구
교육,태성독서실,서울,관악구
교육,태인독서실,서울,관악구
교육,태인학원,서울,관악구
교육,텔스영어학원,서울,관악구
교육,토즈스터디센터서울대입구역독서실,서울,관악구
교육,토즈스터디센터신림고시촌독서실,서울,관악구
교육,토즈스터디센터신림독서실,서울,관악구
교육,퇴근후미술원성인취미미술학원,서울,관악구
교육,티원수학학원,서울,관악구
교육,파라투스영어수학학원,서울,관악구
교육,파라투스학원,서울,관악구
교육,파스칼수학2관학원,서울,관악구
교육,파스칼영어학원,서울,관악구
교육,파인스즈키음악교습소,서울,관악구
교육,파인아트미술교습소,서울,관악구
교육,펀아트아뜨리에미술교습소,서울,관악구
교육,포레스트미술교습소,서울,관악구
교육,포투스수학학원,서울,관악구
교육,폴러스폴댄스학원,서울,관악구
교육,푸르지오음악학원,서울,관악구
교육,푸른바다음악학원,서울,관악구
교육,푸른피아노교습소,서울,관악구
교육,프라임간호학원,서울,관악구
교육,프라임공인노무사학원,서울,관악구
교육,프라임법고시학원,서울,관악구
교육,프라임변호사시험전용독서실,서울,관악구
교육,프라임세종역량평가학원,서울,관악구
교육,프라임열린학원,서울,관악구
교육,프라임외교원관학원,서울,관악구
교육,프라임합격관독서실,서울,관악구
교육,프레임논술교습소,서울,관악구
교육,프렌치아트스튜디오FAS미술교습소,서울,관악구
교육,프롬나드아트앤디자인미술교습소,서울,관악구
교육,플라톤아카데미관악독서논술교습소,서울,관악구
교육,플라톤아카데미난향독서논술교습소,서울,관악구
교육,플라톤아카데미미성독서논술교습소,서울,관악구
교육,플라톤아카데미봉천독서논술교습소,서울,관악구
교육,플라톤아카데미은천독서논술교습소,서울,관악구
교육,플래뮤미술학원,서울,관악구
교육,플랜듀보습학원,서울,관악구
교육,플러스잉글리쉬영어교습소,서울,관악구
교육,플레이더어반댄스아카데미학원,서울,관악구
교육,피아노리브레사당센터학원,서울,관악구
교육,피아노스토리음악교습소,서울,관악구
교육,피아노스토리음악학원,서울,관악구
교육,피아노와포르테음악교습소,서울,관악구
교육,피아노치는아이들음악교습소,서울,관악구
교육,피아노피아피아노조율학원,서울,관악구
교육,필탑보습학원,서울,관악구
교육,핌미술교습소,서울,관악구
교육,핑거비음악교습소,서울,관악구
교육,핑거팩토리실용음악교습소,서울,관악구
교육,하나에듀원격학원,서울,관악구
교육,하나컴퓨터학원,서울,관악구
교육,하늘음악교습소,서울,관악구
교육,하브루타학원,서울,관악구
교육,하양까망음악교습소,서울,관악구
교육,하영음악학원,서울,관악구
교육,하우스터디구암센터독서실,서울,관악구
교육,하우스터디프리미엄독서실,서울,관악구
교육,하우패스고시학원,서울,관악구
교육,하음음악교습소,서울,관악구
교육,하이(Hi)수학교습소,서울,관악구
교육,하이디피아노음악교습소,서울,관악구
교육,하이켈스영어교습소,서울,관악구
교육,하전서예교습소,서울,관악구
교육,한국도시계획기사학원,서울,관악구
교육,한국역학교육학원,서울,관악구
교육,한국커피교육학원,서울,관악구
교육,한림법학원,서울,관악구
교육,한빛독서실,서울,관악구
교육,한솔드림영어교습소,서울,관악구
교육,한솔커피바리스타제과제빵학원,서울,관악구
교육,한솔플러스수학학원,서울,관악구
교육,한솔피아노교습소,서울,관악구
교육,한얼독서실,서울,관악구
교육,합격의법학원,서울,관악구
교육,합격의터독서실,서울,관악구
교육,해나랑영어교습소,서울,관악구
교육,해법수학난우초점수학교습소,서울,관악구
교육,해법수학인헌수학교습소,서울,관악구
교육,해오름엔보습학원,서울,관악구
교육,해피트리음악교습소,서울,관악구
교육,행복한음악학원,서울,관악구
교육,행운러닝센터보습학원,서울,관악구
교육,헬로우실용음악학원,서울,관악구
교육,현대피아노교습소,서울,관악구
교육,형설보습학원,서울,관악구
교육,호산나미술교습소,서울,관악구
교육,호산나음악교습소,서울,관악구
교육,홍익아트랩미술교습소,서울,관악구
교육,홍익아트스튜디오미술교습소,서울,관악구
교육,휴먼시아해법영어교습소,서울,관악구
교육,희원영어교습소,서울,관악구
교육,희음악학원,서울,관악구
교육,힐감성미술교습소,서울,관악구
