교통,1002,인천,서구
교통,1004,인천,서구
교통,69,인천,서구
교통,60,인천,서구
교통,G6001,인천,서구
교통,Jan-33,인천,서구
교통,841,인천,서구
교통,Jan-81,인천,서구
교통,81,인천,서구
교통,50,인천,서구
교통,82,인천,서구
교통,1,인천,서구
교통,90,인천,서구
교통,Jan-90,인천,서구
교통,1000,인천,서구
교통,1100,인천,서구
교통,1101,인천,서구
교통,1200,인천,서구
교통,9501,인천,서구
교통,9802,인천,서구
교통,9802,인천,서구
교통,M6628,인천,서구
교통,9300,인천,서구
교통,7700,인천,서구
교통,66,인천,서구
교통,78,인천,서구
교통,300,인천,서구
교통,80,인천,서구
교통,76,인천,서구
교통,76A,인천,서구
교통,87,인천,서구
교통,302,인천,서구
교통,584,인천,서구
교통,30,인천,서구
교통,급행97,인천,서구
교통,순환83,인천,서구
교통,302B,인천,서구
교통,24,인천,서구
교통,28,인천,서구
교통,308,인천,서구
교통,02월 01일,인천,서구
교통,556,인천,서구
교통,79,인천,서구
교통,14,인천,서구
교통,01월 24일,인천,서구
교통,111,인천,서구
교통,111B,인천,서구
교통,22,인천,서구
교통,526,인천,서구
교통,92,인천,서구
교통,11,인천,서구
교통,47,인천,서구
교통,Jan-67,인천,서구
교통,12,인천,서구
교통,1,인천,서구
교통,인천e음88,인천,서구
교통,인천e음87,인천,서구
교통,43,인천,서구
교통,Jan-43,인천,서구
교통,103,인천,서구
교통,112,인천,서구
교통,93,인천,서구
교통,15,인천,서구
교통,594,인천,서구
교통,13,인천,서구
교통,01월 17일,인천,서구
교통,591,인천,서구
교통,대곡5,인천,서구
교통,70,인천,서구
교통,310,인천,서구
교통,700-1,인천,서구
교통,800,인천,서구
교통,800A,인천,서구
교통,592,인천,서구
교통,800B,인천,서구
교통,595,인천,서구
교통,인천e음86,인천,서구
교통,03월 02일,인천,서구
교통,593,인천,서구
교통,42,인천,서구
교통,701,인천,서구
교통,702,인천,서구
교통,202,인천,서구
교통,01월 28일,인천,서구
교통,44,인천,서구
교통,7,인천,서구
교통,306,인천,서구
교통,306A,인천,서구
교통,307,인천,서구
교통,인천e음84,인천,서구
교통,인천e음85,인천,서구
교통,72,인천,서구
교통,202A,인천,서구
교통,510,인천,서구
교통,4,인천,서구
교통,223A,인천,서구
교통,63,인천,서구
교통,급행91,인천,서구
교통,81,인천,서구
교통,9,인천,서구
교통,16,인천,서구
교통,(구)신현주공,인천,서구
교통,(주)경동세라믹스,인천,서구
교통,(주)경인양행앞,인천,서구
교통,(주)에코마이스터,인천,서구
교통,1차풍림아이원,인천,서구
교통,2차풍림아이원,인천,서구
교통,41번구종점,인천,서구
교통,E편한세상,인천,서구
교통,GS칼텍스,인천,서구
교통,JS노송병원,인천,서구
교통,KCC아파트,인천,서구
교통,KT서인천지사,인천,서구
교통,LG아파트후문,인천,서구
교통,LG전자(주),인천,서구
교통,LG전자인천캠퍼스,인천,서구
교통,LH웨스턴블루힐아파트,인천,서구
교통,LH웨스턴블루힐정문,인천,서구
교통,NKG물류센터,인천,서구
교통,SK.GS주유소,인천,서구
교통,SK뷰아파트,인천,서구
교통,SK은혜주유소,인천,서구
교통,SK인천석유화학,인천,서구
교통,SK주유소,인천,서구
교통,가구전시장,인천,서구
교통,가림고등학교,인천,서구
교통,가야,인천,서구
교통,가원초등학교,인천,서구
교통,가재울사거리,인천,서구
교통,가재울역,인천,서구
교통,가정(루원시티)역,인천,서구
교통,가정1동행정복지센터,인천,서구
교통,가정3동성당,인천,서구
교통,가정LH3단지정문앞,인천,서구
교통,가정고등학교,인천,서구
교통,가정동성당,인천,서구
교통,가정동주유소,인천,서구
교통,가정보금자리,인천,서구
교통,가정보금자리3블럭아파트,인천,서구
교통,가정여중입구,인천,서구
교통,가정중앙시장역,인천,서구
교통,가정휴먼시아3단지,인천,서구
교통,가좌2동행정복지센터,인천,서구
교통,가좌3동행정복지센터,인천,서구
교통,가좌4동행정복지센터,인천,서구
교통,가좌고등학교,인천,서구
교통,가좌공단,인천,서구
교통,가좌교회,인천,서구
교통,가좌농협,인천,서구
교통,가좌동차고,인천,서구
교통,가좌동차고지,인천,서구
교통,가좌두산위브104동앞,인천,서구
교통,가좌사거리,인천,서구
교통,가좌진주아파트,인천,서구
교통,가좌체육공원,인천,서구
교통,가좌초등학교,인천,서구
교통,가좌현대아파트,인천,서구
교통,가좌홈플러스(쌍마아파트),인천,서구
교통,가좌환경사업소,인천,서구
교통,가좌환경사업소북측,인천,서구
교통,가현오일뱅크,인천,서구
교통,가현중학교,인천,서구
교통,가현초교앞(루에블리아파트),인천,서구
교통,가현초교앞(센트럴타운아파트),인천,서구
교통,간재울초등학교,인천,서구
교통,강남시장,인천,서구
교통,거북시장,인천,서구
교통,건지사거리,인천,서구
교통,검단공구상가,인천,서구
교통,검단금호아파트,인천,서구
교통,검단농기구센터,인천,서구
교통,검단농협,인천,서구
교통,검단동행정복지센터(검단고교),인천,서구
교통,검단메가박스,인천,서구
교통,검단사거리역,인천,서구
교통,검단오류공단,인천,서구
교통,검단오류역,인천,서구
교통,검단오류풍림아이원,인천,서구
교통,검단원흥아파트,인천,서구
교통,검단지식산업센타,인천,서구
교통,검단초등학교,인천,서구
교통,검단출장소,인천,서구
교통,검단탑종합병원,인천,서구
교통,검단하나아파트,인천,서구
교통,검바위역,인천,서구
교통,검암경서동행정복지센터,인천,서구
교통,검암사거리,인천,서구
교통,검암역(시내방면),인천,서구
교통,검암역(원당방면),인천,서구
교통,검암역입구,인천,서구
교통,검암역입구(시천교밑),인천,서구
교통,검암중학교,인천,서구
교통,경남아너스빌,인천,서구
교통,경남아너스빌아파트,인천,서구
교통,경남아파트,인천,서구
교통,경동택배,인천,서구
교통,경명초등학교,인천,서구
교통,경서농원,인천,서구
교통,경서동입구,인천,서구
교통,경서지구입구,인천,서구
교통,경서초등학교,인천,서구
교통,경연초등학교,인천,서구
교통,경연초중학교,인천,서구
교통,경인계량소,인천,서구
교통,경인아라뱃길여객터미널,인천,서구
교통,경인특장,인천,서구
교통,경인폐차사업소,인천,서구
교통,경인항다목적부두,인천,서구
교통,골드클래스,인천,서구
교통,공단공원앞,인천,서구
교통,공단본부,인천,서구
교통,공단사거리,인천,서구
교통,공단유통상가,인천,서구
교통,공단자동차,인천,서구
교통,공영산업,인천,서구
교통,공영의청사,인천,서구
교통,공장단지입구,인천,서구
교통,공촌마을,인천,서구
교통,공촌사거리,인천,서구
교통,공촌사거리(한국아파트),인천,서구
교통,공촌정수장,인천,서구
교통,관리공단본부,인천,서구
교통,광명메이루즈,인천,서구
교통,광명메이루즈정문,인천,서구
교통,국립생물자연관,인천,서구
교통,국립생물자원관입구,인천,서구
교통,국제금융단지,인천,서구
교통,국제성모병원,인천,서구
교통,귀뚜라미보일러,인천,서구
교통,그린빌라,인천,서구
교통,근로자문화센터,인천,서구
교통,금강종합상가,인천,서구
교통,금강탱크터미널,인천,서구
교통,금곡동,인천,서구
교통,금곡종점,인천,서구
교통,금란마트,인천,서구
교통,금성목재,인천,서구
교통,금오동,인천,서구
교통,금호어울림아파트,인천,서구
교통,금호종합열처리,인천,서구
교통,길훈아파트,인천,서구
교통,김포교회,인천,서구
교통,나은병원,인천,서구
교통,낚시터입구,인천,서구
교통,남광하우스토리,인천,서구
교통,남양목재,인천,서구
교통,녹청자박물관,인천,서구
교통,뉴서울아파트,인천,서구
교통,다정부부한의원,인천,서구
교통,단봉초등학교,인천,서구
교통,당하금호어울림1차,인천,서구
교통,당하농원,인천,서구
교통,당하대주파크빌,인천,서구
교통,당하동탑스빌아파트,인천,서구
교통,당하동행정복지센터,인천,서구
교통,당하마트,인천,서구
교통,당하메디칼,인천,서구
교통,당하지구아파트,인천,서구
교통,당하초등학교,인천,서구
교통,당하탑스빌아파트,인천,서구
교통,당하푸르지오,인천,서구
교통,당하풍림아이원2차,인천,서구
교통,대덕강업앞,인천,서구
교통,대동아파트,인천,서구
교통,대림아파트,인천,서구
교통,대림통상,인천,서구
교통,대문목재,인천,서구
교통,대상스틸,인천,서구
교통,대성베르힐아파트(가정성당),인천,서구
교통,대신철강,인천,서구
교통,대우자동차운전학원,인천,서구
교통,대우푸르지오,인천,서구
교통,대우풍림아파트,인천,서구
교통,대우하나아파트,인천,서구
교통,대은교회,인천,서구
교통,대인고등학교,인천,서구
교통,대주아파트,인천,서구
교통,대주파크빌,인천,서구
교통,대현목재,인천,서구
교통,덕현금속,인천,서구
교통,도림주철관1공장,인천,서구
교통,도림주철관공업(주),인천,서구
교통,독골사거리,인천,서구
교통,독정역(서구동구예비군훈련장),인천,서구
교통,동문굿모닝힐,인천,서구
교통,동문아파트,인천,서구
교통,동방,인천,서구
교통,동부익스프레스,인천,서구
교통,동부제철,인천,서구
교통,동성.길훈아파트,인천,서구
교통,동성아파트,인천,서구
교통,동아아파트,인천,서구
교통,동아전기,인천,서구
교통,동아정밀,인천,서구
교통,동양엔파트,인천,서구
교통,동양하이테크,인천,서구
교통,동일폐차장,인천,서구
교통,두밀경노당,인천,서구
교통,둑실동(효성산업),인천,서구
교통,드림파크수영장,인천,서구
교통,드림파크어울림,인천,서구
교통,라이프아파트,인천,서구
교통,레이크블루,인천,서구
교통,레이크파크,인천,서구
교통,로봇랜드입구,인천,서구
교통,로봇타워,인천,서구
교통,로얄타운,인천,서구
교통,롯데슈퍼,인천,서구
교통,롯데우람아파트,인천,서구
교통,롯데캐슬,인천,서구
교통,루에블리아파트,인천,서구
교통,루원시티사거리,인천,서구
교통,루원시티프라디움,인천,서구
교통,루원시티프라디움105동,인천,서구
교통,루원제일풍경채정문앞,인천,서구
교통,루원호반베르디움,인천,서구
교통,린스트라우스,인천,서구
교통,린스트라우스정문,인천,서구
교통,린스트리우스,인천,서구
교통,마전고등학교,인천,서구
교통,마전역,인천,서구
교통,마전지구1,인천,서구
교통,마전지구2,인천,서구
교통,마전지구3,인천,서구
교통,마전지구대원아파트,인천,서구
교통,마전지구버스차고지,인천,서구
교통,마전초등학교,인천,서구
교통,모다아울렛,인천,서구
교통,모래방죽사거리,인천,서구
교통,모아미래도,인천,서구
교통,목재단지,인천,서구
교통,목재부두사거리,인천,서구
교통,무형문화재전수관,인천,서구
교통,미주탕,인천,서구
교통,바로크아파트,인천,서구
교통,바리미마을,인천,서구
교통,반도유보라,인천,서구
교통,방죽삼거리,인천,서구
교통,배수지입구,인천,서구
교통,백두아파트,인천,서구
교통,백석고가(하이마트),인천,서구
교통,백석중.고등학교,인천,서구
교통,백석중사거리,인천,서구
교통,범양상가,인천,서구
교통,범양아파트,인천,서구
교통,범양아파트(종점),인천,서구
교통,베어즈베스트골프장,인천,서구
교통,베어즈베스트청라GC,인천,서구
교통,보람프라자앞,인천,서구
교통,복합환승센터,인천,서구
교통,봉수초등학교,인천,서구
교통,봉수파출소,인천,서구
교통,부대앞,인천,서구
교통,부영엔지니어링,인천,서구
교통,북인천하부TG(미정차),인천,서구
교통,북항다목적부두,인천,서구
교통,북항배후단지입구,인천,서구
교통,북항사업소,인천,서구
교통,북항입구,인천,서구
교통,불로대곡동행정복지센터,인천,서구
교통,불로중학교,인천,서구
교통,비지니스센터,인천,서구
교통,빈정내사거리,인천,서구
교통,사원아파트입구,인천,서구
교통,사조해표,인천,서구
교통,산업용품센타,인천,서구
교통,삼라마이다스아파트,인천,서구
교통,삼보아파트,인천,서구
교통,삼양사인천1공장,인천,서구
교통,삼영물류,인천,서구
교통,삼영아파트,인천,서구
교통,삼영테크,인천,서구
교통,삼정프라자,인천,서구
교통,서곳치안센터,인천,서구
교통,서구국민체육센터,인천,서구
교통,서구문화회관,인천,서구
교통,서구보건소,인천,서구
교통,서구보훈회관,인천,서구
교통,서구영어마을,인천,서구
교통,서구청역(1번출구),인천,서구
교통,서구청역(3번출구),인천,서구
교통,서구청역(4번출구),인천,서구
교통,서부경찰서,인천,서구
교통,서부공단입구,인천,서구
교통,서부산업단지,인천,서구
교통,서인천가구단지,인천,서구
교통,서인천고등학교,인천,서구
교통,서인천농협,인천,서구
교통,서인천세무서,인천,서구
교통,서인천자동차검사소,인천,서구
교통,서해그랑블,인천,서구
교통,서해아파트,인천,서구
교통,석남고가사거리,인천,서구
교통,석남동차고지,인천,서구
교통,석남서초등학교,인천,서구
교통,석남신사거리,인천,서구
교통,석남아파트,인천,서구
교통,석남중앙교회,인천,서구
교통,석남중학교,인천,서구
교통,석남초등학교,인천,서구
교통,성민병원,인천,서구
교통,성보공업,인천,서구
교통,성신아크릴산업,인천,서구
교통,성웅아파트,인천,서구
교통,쇠골큰말,인천,서구
교통,쉐보레출고사무소,인천,서구
교통,스포월드골프연습장,인천,서구
교통,시천경로당,인천,서구
교통,시천교,인천,서구
교통,시천동,인천,서구
교통,신명아파트,인천,서구
교통,신명아파트앞,인천,서구
교통,신현북초등학교,인천,서구
교통,신현쇼핑,인천,서구
교통,신현여자중학교후문,인천,서구
교통,신현중학교,인천,서구
교통,신현초등학교,인천,서구
교통,신현치안센타,인천,서구
교통,신현치안센터,인천,서구
교통,신화빌라,인천,서구
교통,신화슈퍼,인천,서구
교통,실내게이트볼장(신현중학교),인천,서구
교통,심곡극동아파트,인천,서구
교통,심곡동광명아파트,인천,서구
교통,심곡어린이도서관,인천,서구
교통,심곡천봉수교,인천,서구
교통,심곡초등학교(국제성모병원),인천,서구
교통,쌍마아파트,인천,서구
교통,쑥공원,인천,서구
교통,아라뱃길물류센터,인천,서구
교통,아시아드경기장(공촌사거리)역,인천,서구
교통,아시아드대광로제비앙아파트,인천,서구
교통,아쿠아글로리,인천,서구
교통,안동포교회,인천,서구
교통,안동포사거리,인천,서구
교통,안동포사거리입구,인천,서구
교통,안풍산업삼거리,인천,서구
교통,어울림아파트202동앞,인천,서구
교통,에덴하우스,인천,서구
교통,에스케이에너지,인천,서구
교통,에스틸,인천,서구
교통,엑슬루타워,인천,서구
교통,엘리지안타운,인천,서구
교통,엠파크타워,인천,서구
교통,연합의원,인천,서구
교통,연희공원,인천,서구
교통,연희동광명아파트(사계절썰매장),인천,서구
교통,연희동행정복지센터,인천,서구
교통,열우물테니스경기장,인천,서구
교통,영은슈퍼,인천,서구
교통,영종대교휴게소,인천,서구
교통,오류동역입구,인천,서구
교통,온누리병원,인천,서구
교통,완정공단입구,인천,서구
교통,완정사거리,인천,서구
교통,완정역,인천,서구
교통,완정초등학교.검단도서관,인천,서구
교통,왕길고가,인천,서구
교통,왕길동,인천,서구
교통,왕길동(기점),인천,서구
교통,왕길동종점,인천,서구
교통,왕길역,인천,서구
교통,우림필유아파트,인천,서구
교통,우성아파트,인천,서구
교통,우진기계,인천,서구
교통,원당고등학교,인천,서구
교통,원당사거리.검단선사박물관,인천,서구
교통,원당중고등학교,인천,서구
교통,원적산터널서측,인천,서구
교통,원진운수차고지,인천,서구
교통,원창동(기점),인천,서구
교통,원창동(종점),인천,서구
교통,원흥아파트,인천,서구
교통,월드메드디앙아파트,인천,서구
교통,월드메르디앙아파트,인천,서구
교통,월드아파트,인천,서구
교통,웰카운티,인천,서구
교통,웰카운티17단지,인천,서구
교통,웰카운티1차,인천,서구
교통,유니온프라자,인천,서구
교통,유승아파트,인천,서구
교통,유현사거리,인천,서구
교통,율도근린공원,인천,서구
교통,율도선착장입구,인천,서구
교통,율도입구,인천,서구
교통,은영아파트,인천,서구
교통,은지초등학교사거리,인천,서구
교통,은혜주유소,인천,서구
교통,인재개발원,인천,서구
교통,인재개발원입구,인천,서구
교통,인천그랜드컨트리클럽,인천,서구
교통,인천보건고등학교,인천,서구
교통,인천북항부두운영시설,인천,서구
교통,인천서부교육지원청,인천,서구
교통,인천서부여성회관,인천,서구
교통,인천아시아드복합테마공원,인천,서구
교통,인천아시아드주경기장(서문),인천,서구
교통,인천아시아드주경기장4번출입구,인천,서구
교통,인천여객터미널,인천,서구
교통,인천연합의원,인천,서구
교통,인천영어마을,인천,서구
교통,인천체육고등학교,인천,서구
교통,인천체육고등학교입구,인천,서구
교통,인천환경공단입구,인천,서구
교통,자이금호힐스테이트,인천,서구
교통,자이더테라스1단지,인천,서구
교통,자이더테라스2단지,인천,서구
교통,제물포중학교,인천,서구
교통,제일풍경채,인천,서구
교통,제일풍경채2차321동앞,인천,서구
교통,제일풍경채2차323동앞,인천,서구
교통,제일풍경채2차331동앞,인천,서구
교통,좌동마을,인천,서구
교통,좌동마을입구,인천,서구
교통,주물단지,인천,서구
교통,중앙사료,인천,서구
교통,중앙아파트,인천,서구
교통,중앙호수공원입구(호반베르디움),인천,서구
교통,중흥S클래스,인천,서구
교통,중흥S클래스1차,인천,서구
교통,중흥S클래스2차,인천,서구
교통,진웅종점,인천,서구
교통,진주5단지503동앞,인천,서구
교통,진주상가,인천,서구
교통,진주아파트2단지,인천,서구
교통,진주아파트2단지6동,인천,서구
교통,진주아파트3단지,인천,서구
교통,진주아파트4단지,인천,서구
교통,진표에너지,인천,서구
교통,참빛감리교회,인천,서구
교통,청라1동행정복지센터,인천,서구
교통,청라2동행정복지센터,인천,서구
교통,청라BRT차고지입구,인천,서구
교통,청라고등학교,인천,서구
교통,청라골프아카데미,인천,서구
교통,청라국제도서관,인천,서구
교통,청라국제도시역,인천,서구
교통,청라국제도시역(영종방향),인천,서구
교통,청라국제어린이집,인천,서구
교통,청라국제업무단지(골드클래스),인천,서구
교통,청라달튼국제학교,인천,서구
교통,청라도,인천,서구
교통,청라동문굿모닝힐,인천,서구
교통,청라로봇랜드,인천,서구
교통,청라백세요양병원,인천,서구
교통,청라복합문화센터,인천,서구
교통,청라센텀로제비앙,인천,서구
교통,청라센트럴에일린의뜰,인천,서구
교통,청라센트럴에일린의뜰104동,인천,서구
교통,청라센트럴에일린의뜰106동,인천,서구
교통,청라우미린,인천,서구
교통,청라웰카운티221동,인천,서구
교통,청라웰카운티223동,인천,서구
교통,청라자이,인천,서구
교통,청라중봉대로,인천,서구
교통,청라중앙호수공원입구,인천,서구
교통,청라중학교,인천,서구
교통,청라초등학교,인천,서구
교통,청라컨벤션웨딩홀부페,인천,서구
교통,청라파크자이상가,인천,서구
교통,청라푸르지오,인천,서구
교통,청라한화꿈에그린,인천,서구
교통,청라힐스테이트,인천,서구
교통,청람중학교,인천,서구
교통,청람초등학교,인천,서구
교통,청마마을,인천,서구
교통,청소년수련관,인천,서구
교통,청양골,인천,서구
교통,청천농장,인천,서구
교통,초은고등학교,인천,서구
교통,코린산업,인천,서구
교통,코세스물류창고,인천,서구
교통,코스모스아파트,인천,서구
교통,쿠팡물류센터,인천,서구
교통,타운하우스공장.명진화학,인천,서구
교통,태산아파트,인천,서구
교통,태신보세창고,인천,서구
교통,태양공단,인천,서구
교통,태영아파트,인천,서구
교통,태평아파트1차(A),인천,서구
교통,태평아파트1차(B),인천,서구
교통,태평아파트2차(A),인천,서구
교통,태평아파트2차(B),인천,서구
교통,태평아파트사거리,인천,서구
교통,태평양인천물류센터,인천,서구
교통,트러스(서구장애인직업재활시설),인천,서구
교통,풍림1차아파트,인천,서구
교통,풍림2차,인천,서구
교통,풍림3차아파트,인천,서구
교통,풍림엑슬루타워,인천,서구
교통,프린피아통합물류센터,인천,서구
교통,하나금융그룹통합데이터센터,인천,서구
교통,하늘채아파트,인천,서구
교통,하이마트,인천,서구
교통,한국가스공사,인천,서구
교통,한국가스공사인천지역본부,인천,서구
교통,한국전력,인천,서구
교통,한국지엠청라연구소,인천,서구
교통,한국타이어인천물류센터,인천,서구
교통,한국특수주물(주),인천,서구
교통,한들마을입구,인천,서구
교통,한들마을입구(유아교육진흥원),인천,서구
교통,한들방죽들,인천,서구
교통,한라비발디,인천,서구
교통,한미반도체,인천,서구
교통,한사랑어린이집,인천,서구
교통,한성아파트,인천,서구
교통,한성자동차학원,인천,서구
교통,한스엔지니어링,인천,서구
교통,한신빌리지(A),인천,서구
교통,한신빌리지(B),인천,서구
교통,한신빌리지(C),인천,서구
교통,한신빌리지아파트,인천,서구
교통,한신아파트,인천,서구
교통,한신휴아파트,인천,서구
교통,한양공구,인천,서구
교통,한양수자인,인천,서구
교통,한양화학,인천,서구
교통,한일베라체,인천,서구
교통,한일튜브(주),인천,서구
교통,한전서인천지점,인천,서구
교통,한주글로벌,인천,서구
교통,한진인천북항,인천,서구
교통,한화꿈에그린,인천,서구
교통,해성단조,인천,서구
교통,해수워터피아,인천,서구
교통,해원고등학교,인천,서구
교통,해원중학교,인천,서구
교통,해원중학교후문,인천,서구
교통,해피하임.기업은행앞,인천,서구
교통,핸즈코퍼레이션,인천,서구
교통,현광아파트,인천,서구
교통,현대써비스,인천,서구
교통,현대자동차서비스,인천,서구
교통,호반베르디움,인천,서구
교통,호반베르디움14단지,인천,서구
교통,호반베르디움214동앞,인천,서구
교통,호반베르디움2차,인천,서구
교통,호반베르디움3차아파트,인천,서구
교통,호수공원,인천,서구
교통,호수공원음악분수,인천,서구
교통,홈씨씨인천점,인천,서구
교통,홈플러스,인천,서구
교통,화력발전소,인천,서구
교통,황곡노인정,인천,서구
교통,황곡상회,인천,서구
교통,황룡사입구,인천,서구
교통,효성아파트,인천,서구
교통,휴먼시아후문,인천,서구
교통,희성금속,인천,서구
교통,힐데스하임,인천,서구
교통,검단오류역,인천,서구
교통,왕길역,인천,서구
교통,검단사거리역,인천,서구
교통,마전역,인천,서구
교통,완정역,인천,서구
교통,독정역(서구동구예비군훈련장),인천,서구
교통,검암역,인천,서구
교통,검바위역,인천,서구
교통,아시아드경기장역,인천,서구
교통,서구청역,인천,서구
교통,가정역,인천,서구
교통,가정중앙시장역,인천,서구
교통,석남역,인천,서구
교통,서부여성회관역,인천,서구
교통,인천가좌역,인천,서구
교통,가재울역,인천,서구
교통,주안국가산단역,인천,서구
교통,청라국제도시역,인천,서구
교통,인천2호선,인천,서구
교통,공항철도,인천,서구
교통,7호선,인천,서구
