의료,가족요양원
의료,사랑의요양원
의료,샤미나드의집
의료,연세노인전문요양원
의료,사랑의 요양원 3호점
의료,미소요양원
의료,봄날인천요양원
의료,소나무요양원
의료,협성요양원
의료,부흥더케어요양원
의료,부평행복마지
의료,효도마을요양원 부평점
의료,송암 노인요양원
의료,조은요양원
의료,늘사랑전문요양원
의료,즐거운요양원
의료,아름다운 실버타운
의료,행복한요양원
의료,신명요양원
의료,은빛전문요양원
의료,부평의료복지요양원
의료,참사랑요양원
의료,라온실버케어요양원
의료,인천프라임요양원
의료,고은손요양원
의료,생생요양원
의료,동수성모요양원
의료,행복노인전문요양원
의료,정드림요양원
의료,효사랑요양원
의료,들꽃피는 실버요양원
의료,사랑채요양원
의료,밝은햇살요양원
의료,바른요양원
의료,사랑드림요양원
의료,지평재활요양원
의료,축복전문요양원
의료,참존요양원
의료,가족사랑삼산요양원
의료,부평어르신요양원
의료,동암샛별요양원
의료,오셀복지요양원
의료,글로리요양원
의료,효바라기 방문요양센터
의료,사랑의요양원
의료,한사랑요양원
의료,하선노인전문요양원
의료,100세효요양원
의료,간호박사요양원
의료,참삶요양원
의료,효드림노인요양센터
의료,기쁨요양원
의료,온정데이케어센터
의료,굿힐링요양원
의료,사랑의요양원 2호점
의료,동행재가복지센터
의료,신혜요양원
의료,참마음요양원
의료,자경요양원
의료,참빛요양원
의료,더나은요양원
의료,천사요양보호센터
의료,섬김요양원
의료,너싱홈 효드림
의료,가원실버센터 부평점
의료,둥글요양원
의료,사랑드림요양복지센터
의료,인천재가노인복지센터
