상권,KB국민은행 부평종합금융센터
상권,우리은행 부평금융센터
상권,KB국민은행 청천동종합금융센터
상권,KB국민은행 부흥오거리지점
상권,신한은행 부평중앙지점
상권,IBK기업은행 부평지점
상권,하나은행 부평대로지점
상권,우리은행 갈산역지점
상권,신한은행 부평지점
상권,하나은행 부평지점
상권,KB국민은행 동암지점
상권,하나은행 부평역지점
상권,KB희망금융플라자 인천북
상권,우리은행 부평중앙지점
상권,하나은행 삼산동지점
상권,NH농협은행 부평금융센터
상권,KB국민은행 인천삼산지점
상권,KB국민은행 산곡동지점
상권,KB국민은행 갈산지점
상권,신한은행 산곡중앙지점
상권,IBK기업은행 청천동지점
상권,NH농협은행 부개지점
상권,신한은행 부평구청지점
상권,우리은행 산곡동지점
상권,IBK기업은행 주안공단사랑지점
상권,신한은행 산곡동지점
상권,NH농협은행 동암금융센터
상권,신한은행 인천주안금융센터
상권,IBK기업은행 갈산역지점
상권,IBK기업은행 인천삼산지점
상권,NH농협은행 인천삼산지점
상권,한국씨티은행 부평지점
상권,IBK기업은행 부평기업스마트지점
상권,IBK기업은행 주안공단희망지점
상권,신한은행 부평기업금융센터
상권,NH농협은행 청천동지점
상권,우리은행 인천성모병원출장소
상권,NH농협은행 산곡동지점
상권,NH농협은행 일신동지점
상권,SC제일은행 부평지점
상권,KB국민은행 한국지엠출장소
상권,웰컴저축은행 부평지점
상권,OK저축은행 부평지점
상권,광주은행 부평지점
상권,전북은행 부평소매금융센터
상권,청천새마을금고 본점
상권,부평동부새마을금고 본점
상권,부평제일새마을금고 본점
상권,부평중앙새마을금고 본점
상권,부평새마을금고 삼산1동지점
상권,부평새마을금고 본점
상권,부일새마을금고 본점
상권,부평남부새마을금고 본점
상권,부평남부새마을금고 동수지점
상권,부평새마을금고 갈산1동지점
상권,부평중앙새마을금고 신트리지점
상권,부평중앙새마을금고 부평시장지점
상권,부일새마을금고 동아지점
상권,신성새마을금고 동암지점
상권,산곡십정새마을금고 본점
상권,부평동부새마을금고 부개2지점
상권,부일새마을금고 부개지점
상권,청천새마을금고 대우지점
상권,신성새마을금고 본점
상권,부평새마을금고 삼산2동지점
상권,부평동부새마을금고 부개1지점
상권,청천새마을금고 금호지점
상권,부평제일새마을금고 백운지점
상권,새마을금고 산곡지점
상권,산곡2.4동새마을금고 본점
상권,산곡십정새마을금고 십정지점
상권,산곡2.4동새마을금고 2지점
상권,산곡십정새마을금고 철마지점
상권,부평새마을금고 갈산2동지점
상권,산곡2.4동새마을금고 1지점
상권,금화저축은행
상권,산곡십정새마을금고 산곡지점
상권,신성새마을금고 동부지점
상권,OSB저축은행 부평지점
상권,산곡십정새마을금고 부흥지점
상권,KB저축은행 인천지점
상권,산곡2.4동새마을금고 3지점
상권,IBK기업은행365 진선미예식장 버스승강장
상권,부평제일새마을금고 산곡지점
상권,KB국민은행ATM 신트리공원 365자동화점
상권,인성저축은행 부평지점
상권,KB국민은행ATM 청천동점
상권,신한은행 365코너 부평역지하상가C동
상권,하나은행365 구.산곡동
상권,신한은행 365코너 동암역
상권,IBK기업은행365 부평 보건소정류장
상권,IBK기업은행365 1호선부평역남광장
상권,금화저축은행 본점
상권,하나은행365 경남2단지상가 2층무인점
상권,IBK기업은행365 부평역(대한극장) 버스승강장
상권,우리은행 365코너 대한빌딩
상권,하나은행365 구.부평중앙지점
상권,NH농협은행 365코너 인천원예농협부평시장지소
상권,하나은행365 부평역사 광장앞
상권,한국투자저축은행 부평지점
상권,신한은행 365코너 인천삼산동지점
상권,신한은행 365코너 부개동지점
상권,신한은행 365코너 청천동대우아파트상가
상권,신한은행 365코너 부평시장역
상권,IBK기업은행365 부평시장 버스승강장
상권,하나은행365 한화아파트
상권,IBK기업은행365 동암역/북광장 뒤
상권,하나은행365 부평힘찬병원(2층)
상권,우리은행 365코너 부평북지점
상권,신한은행 365코너 삼산경찰서
상권,하나은행365 부평역사 롯데마트2층
상권,IBK기업은행365 보금당
상권,KB국민은행ATM 산곡동점
상권,SC제일은행 365코너 부평
상권,NH농협은행 365코너 인천축산농협부평지소
상권,KB국민은행ATM 인천삼산점
상권,IBK기업은행365 산곡동 입구 버스승강장
상권,IBK기업은행365 부평보건소
상권,우리은행 365코너 부평중앙지점
상권,KB국민은행ATM 인천미래타운2단지점
상권,IBK기업은행365 부개푸르지오아파트
상권,IBK기업은행365 글로리병원
상권,신한은행 365코너 산곡5차현대아파트
상권,CU ATM 부평지하상가점
상권,신한은행 365코너 백운역
상권,우리은행 365코너 부평금융센터점
상권,신한은행 365코너 아이즈빌아울렛
상권,우리은행 365코너 부평동아 아파트2단지
상권,신한은행ATM 부평중앙지점
상권,롯데ATM 롯데시네마 부평역사
상권,신한은행 365코너 신성미소지움아파트
상권,IBK기업은행365 부평 대덕아크로존
상권,KB국민은행ATM 동암점
상권,신한은행 365코너 2001아울렛부평점
상권,우체국365코너 인천갈산동우체국
상권,신한은행ATM 산곡중앙지점
상권,IBK기업은행365 아이즈빌(부평CGV) 버스승강장
상권,신한은행 365코너 여성가족재단
상권,NH농협은행 365코너 산곡동지점
상권,롯데ATM 롯데시네마 부평
상권,하나은행365 삼산타운6단지
상권,CU ATM 인천삼산점
상권,IBK기업은행365 새올요양병원
상권,IBK기업은행365 삼산체육관앞 버스승강장
상권,SC제일은행 365코너 인천부평구청역1
상권,IBK기업은행365 부광식당앞
상권,IBK기업은행365 부평마사회
상권,신한은행 365코너 인천삼산타운2단지
상권,우리은행 365코너 주안장로교회 정문
상권,근해안강망수협 365코너 부개남지점
상권,IBK기업은행365 부평 삼천당 약국
상권,롯데ATM 세븐일레븐 부평역지하상가(CD)
상권,IBK기업은행365 기아산업
상권,신한은행 365코너 부평구청
상권,신한은행 365코너 인천나누리병원
상권,IBK기업은행365 미래타운주공3단지 아파트
상권,IBK기업은행365 현대아파트버스승강장
상권,우체국365코너
상권,롯데ATM 롯데마트 부평역2층 5
상권,하나은행365 삼산타운1단지상가
상권,롯데ATM 세븐일레븐 샬레아넬리스(CD)
상권,IBK기업은행365 유명약국
상권,IBK기업은행365 삼화고속1
상권,우리은행 365코너 부평동아아파트1단지점
상권,IBK기업은행365 부천개인택시조합
상권,신한은행ATM 부평지점
상권,IBK기업은행365 부평10종점푸른서점앞
상권,부흥신협 365코너 본점
상권,IBK기업은행365 동수시장
상권,IBK기업은행365 부평점365
상권,IBK기업은행365 신성미소지움 버스승강장
상권,IBK기업은행365 인천수협
상권,롯데ATM 세븐일레븐 인천부평남부(CD)
상권,IBK기업은행365 청천동점365
상권,CU ATM 부평코아점
상권,우체국365코너
상권,CU ATM 삼산한길점
상권,CU ATM 부평동암2호점
상권,IBK기업은행365 점외365토탈위탁(경인)
상권,신협365코너 부평제일부일지점
상권,CU ATM 갈산중앙점
상권,IBK기업은행365 서해그랑빌 아파트
상권,CU ATM 청천향기점
상권,KB국민은행ATM 갈산점
상권,새마을금고365코너 산곡십정
상권,CU ATM 부평더샵점
상권,신협365코너
상권,NH농협은행 365코너 송내동지점
상권,CU ATM 부평에이에프점
상권,CU ATM 부평남부역점
상권,롯데ATM 롯데마트 삼산B2층 3
상권,CU ATM 부개대동점
상권,IBK기업은행365 갈산종합슈퍼사거리
상권,우체국365코너
상권,CU ATM 인천산곡본점
상권,IBK기업은행365 부평장애인종합복지관
상권,CU ATM 부평해인점
상권,롯데ATM 세븐일레븐 인천삼산사랑
상권,IBK기업은행365 부평힘찬병원
상권,롯데ATM 세븐일레븐 부평대경(CD)
상권,롯데ATM 세븐일레븐 인천십정공단
상권,CU ATM 삼산미래타운점
상권,새마을금고365코너
상권,우체국365코너
상권,IBK기업은행365 삼산주공4단지/아파트상가앞
상권,SC제일은행 365코너 인천부평시장역
상권,롯데ATM 세븐일레븐 동암대우빌점(CD)
상권,신한은행 365코너 린나이코리아
상권,CU ATM 부평오거리점
상권,NH농협은행 365코너 일신동지점
상권,IBK기업은행365 선일슈퍼
상권,IBK기업은행 갈산역 1층로비
상권,롯데ATM 롯데마트 삼산B1층 3
상권,IBK기업은행365 점외365토탈위탁(경인)
상권,IBK기업은행365 인천삼산점365
상권,CU ATM 부평마이빌점
상권,우체국365코너
상권,우리은행 365자동화코너 인천성모병원출장소
상권,CU ATM 부평우림점
상권,CU ATM 부평성모점
상권,IBK기업은행365 2001아울렛(동쪽출입문)
상권,신한은행 365코너 산곡우성아파트
상권,롯데ATM 세븐일레븐 부평5동
상권,KB국민은행ATM 부개동점
상권,롯데ATM 세븐일레븐 부평(CD)
상권,CU ATM 백운현대점
상권,롯데ATM 세븐일레븐 부개뉴서울(CD)
상권,CU ATM 부평형제점
상권,CU ATM 산곡아이파크점
상권,수협ATM 신곡남지점
상권,롯데ATM 세븐일레븐 부평코오롱하늘(CD)
상권,CU ATM 부평시장점
상권,롯데ATM 세븐일레븐부평파라움
상권,인성저축은행 ATM
상권,롯데ATM 세븐일레븐 인천부평쌍용
상권,롯데ATM 세븐일레븐 인천삼산중앙
상권,CU ATM 부평사랑점
상권,롯데ATM 세븐일레븐 부평문화
상권,IBK기업은행365 근로복지공단 인천산재병원
상권,롯데ATM 세븐일레븐 부평산곡우성(CD)
상권,CU ATM 다운타운2호점
상권,IBK기업은행365 갈산역점365
상권,우체국365코너
상권,롯데ATM 세븐일레븐 인천부평궁전
상권,IBK기업은행365 갈산백조아파트
상권,CU ATM 부평동암남부점
상권,롯데ATM 세븐일레븐 인천부평로터리
상권,CU ATM 부평라일점
상권,IBK기업은행365 주안공단희망365
상권,CU ATM 부평제일점
상권,CU ATM 부평해피점
상권,CU ATM 삼산중앙점
상권,롯데ATM 세븐일레븐 청천타운
상권,CU ATM 부평정일점
상권,CU ATM 갈산하나점
상권,CU ATM 부평래미안점
상권,금화저축은행365자동화코너
상권,CU ATM 동암비버리씨티점
상권,롯데ATM 세븐일레븐 인천백운역
상권,CU ATM 부평진선미점
상권,CU ATM 부평선경점
상권,하나은행365 한국폴리텍대학 법인
상권,CU ATM 청천공단점
상권,SC제일은행 365코너 인천부평역1
상권,CU ATM 부평스타점
상권,IBK기업은행365 일신미니슈퍼
상권,CU ATM 부평에코파인점
상권,롯데ATM 세븐일레븐 인천산곡한화(CD)
상권,NH농협은행 365코너 송내동지점
상권,CU ATM 부평북부역점
상권,롯데ATM 세븐일레븐 부평드림
상권,신한은행365코너 부평지하상가다동
상권,롯데ATM 세븐일레븐 인천부평은서(CD)
상권,롯데ATM 세븐일레븐 인천부평만찬
상권,롯데ATM 세븐일레븐 인천청천쌍용(CD)
상권,롯데ATM 세븐일레븐 부평청천
상권,롯데ATM 세븐일레븐 부평메디컬
상권,CU ATM 부평문화점
상권,CU ATM 청천푸르지오점
상권,CU ATM 인천부개동점
상권,IBK기업은행365 주안공단사랑
상권,CU ATM 부평부흥로점
상권,CU ATM 부평아트점
상권,CU ATM 부개먹자대로점
상권,CU ATM 청천행복점
상권,하나은행365 서해그랑블아파트
상권,CU ATM 부개무지개점
상권,CU ATM 부평부광2호점
상권,CU ATM 부평구청점
상권,롯데ATM 세븐일레븐 인천개흥초교
상권,CU ATM 부개3동점
상권,롯데ATM 세븐일레븐 동수역(CD)
상권,CU ATM 삼산엠코타운점
상권,CU ATM 부개점
상권,CU ATM 부개오성점
상권,신한은행 365코너
상권,CU ATM 부개중앙점
상권,CU ATM 산곡한화점
상권,CU ATM 청천대우점
상권,CU ATM 부평블루점
상권,CU ATM 세림병원점
상권,CU ATM 부개5단지점
상권,롯데ATM 세븐일레븐 인천십정본
상권,롯데ATM 세븐일레븐 부평타워팰리스(CD)
상권,CU ATM 삼산주공점
상권,IBK기업은행365 삼산서해그랑블
상권,CU ATM 부평골목길점
상권,롯데ATM 롯데마트 부평B1층 3
상권,CU ATM 동수향기점
상권,롯데ATM 세븐일레븐 인천부평래미안
상권,하나은행365 한국폴리텍대학 인천캠퍼스
상권,CU ATM 부평한국점
상권,롯데ATM 세븐일레븐 부평산곡중앙
상권,롯데ATM 세븐일레븐 인천삼산햇살
상권,우체국365코너
상권,CU ATM 부평일신로터리점
상권,CU ATM 산곡현대점
상권,CU ATM 부평벨리온점
상권,롯데ATM 세븐일레븐 부평아이즈빌
상권,CU ATM 동암그린점
상권,롯데ATM 세븐일레븐 인천동암센터(CD)
상권,새마을금고365코너
상권,IBK기업은행365 폴리텍II인천대학
상권,산곡십정새마을금고365코너
상권,롯데ATM 세븐일레븐 인천부평리세움
상권,CU ATM 인천산곡중앙점
상권,롯데ATM 세븐일레븐 부평신화
상권,CU ATM 부평부광점
상권,CU ATM 청천중앙점
상권,롯데ATM 세븐일레븐 인천동암
상권,CU ATM 부평대로점
상권,CU ATM 산곡향기점
상권,롯데ATM 세븐일레븐 부평백운(CD)
상권,CU ATM 부평갈산2동점
상권,CU ATM 부평메인점
상권,롯데ATM 세븐일레븐 인천삼산본
상권,롯데ATM 세븐일레븐 부평동수로
상권,롯데ATM 세븐일레븐 부평힘찬
상권,롯데ATM 세븐일레븐 부평경인
상권,CU ATM 부평공원점
상권,CU ATM 부평5동점
상권,롯데ATM 세븐일레븐 인천부평동수(CD)
상권,롯데ATM 세븐일레븐 부평대림에이원
상권,CU ATM 부평향기점
상권,CU ATM 부평다온점
상권,CU ATM 청천우리점
상권,롯데ATM 세븐일레븐 인천삼산로얄(CD)
상권,롯데ATM 세븐일레븐 부개주공3단지(CD)
상권,롯데ATM 세븐일레븐 부평상정로(CD)
상권,CU ATM 부평아뜨리에점
상권,롯데ATM 세븐일레븐 인천부평중앙(CD)
상권,롯데ATM 세븐일레븐 부평북부역(CD)
상권,CU ATM 부평4동점
상권,롯데ATM 세븐일레븐 산곡드림(CD)
상권,롯데ATM 롯데마트 부평1층 4
상권,CU ATM 부평일신동2호점
상권,롯데ATM 세븐일레븐 부평시티
상권,롯데ATM 세븐일레븐 인천부평문화로
상권,롯데ATM 세븐일레븐 부평본
상권,CU ATM 부평중부점
상권,CU ATM 청천마장로점
상권,롯데ATM 세븐일레븐 인천부평길주로(CD)
상권,롯데ATM 세븐일레븐 부평2호
상권,CU ATM 청천수출단지점
상권,롯데ATM 세븐일레븐 부평안남(CD)
상권,CU ATM 산곡삼보점
상권,CU ATM 부평경인센터점
상권,CU ATM 청천그린점
상권,롯데ATM 세븐일레븐 부평이안
상권,롯데ATM 세븐일레븐 부개주공6단지(CD)
