의료,실버프리 인천
의료,코끼리요양원
의료,성심사랑요양원
의료,남동노아요양원
의료,드림팰리스요양원
의료,힘찬요양원
의료,새소망요양원
의료,인천재활요양원
의료,우리함께 크리스마스요양원
의료,봄날요양원
의료,박사 요양원
의료,굿모닝요양원
의료,사랑요양원
의료,인성요양원
의료,만수요양원
의료,우리집요양원
의료,성녀모니카의집 요양원
의료,인천효요양원
의료,라엘 노인주간보호센터
의료,인천VIP요양원
의료,인향요양원
의료,에덴요양원
의료,자연실버타운
의료,영재요양원
의료,그레이스요양원
의료,행복한요양원
의료,만수글라라의집요양원
의료,새날노인전문요양원
의료,반석의집
의료,초도 노인요양원
의료,사랑의마을요양원
의료,서창노인요양원
의료,참좋은요양원
의료,만수효요양원
의료,경인실버요양원
의료,해피트리요양원
의료,더사랑요양원
의료,오렌지요양원
의료,아이러브요양원
의료,가인요양원
의료,남동노인요양센터
의료,자연노인전문요양원
의료,연세효드림
의료,사랑채요양원
의료,아가페요양원
의료,계수요양원
의료,라엘요양원
의료,소래실버요양원
의료,평강요양원
의료,글라라의집
의료,갤럭시요양원
의료,구세군 남동평강의마을
의료,두경요양원
의료,정성요양원
의료,예수사랑노인복지원
의료,논현요양원
의료,다우리요양원
의료,노블레사요양원 서창점
의료,삼성요양원
의료,피우스
의료,천사의집1호
의료,새보금자리요양원
의료,신논현요양원
의료,100세동안방문요양
의료,평화요양원
의료,예랑요양원
의료,우리재가요양복지센터
의료,남동바다의별요양원
의료,천사노인주간보호센터
의료,호구포요양원
의료,가족공감요양원
의료,효나눔의집
의료,괜찮은요양원
의료,한마음요양원
의료,다솜요양원
의료,세인트요양원
의료,공감요양원
의료,천사노인요양원
의료,행복한남촌요양원
의료,샬롬요양원
의료,가족사랑요양원
의료,제일요양원
의료,성화은혜노인요양원
의료,그린케어요양원
의료,축복요양원
의료,예손제이헤븐요양원
의료,웃음꽃피는 마을
의료,벧엘요양원
의료,금빛요양원
의료,정진의료재단 영화요양원
의료,희망실버요양원
의료,행복노인복지센터
의료,주심재가섬김센터
의료,천사의집2호
의료,예랑방문요양센터
의료,성녀모니카의집요양원
의료,사랑샘요양원
의료,예은요양센타
의료,현대요양원
의료,데레사요양원
의료,주안사랑노인요양원
의료,효하모니재가센터
의료,소래실버요양원
의료,초도노인요양원
의료,다인의료소비자생협가족사랑요양병원
의료,만수노인요양센터
의료,신세계케어
의료,참조은요양원1호
의료,장수요양원
의료,가나안방문요양센터
의료,한국효노인복지센터
의료,선한이웃요양원
의료,방문천사 노인요양센터 인천남동지점
의료,참조은요양원2호
의료,은혜장기요양센터
