의료,르하임스터디카페 인천구월점
의료,어라운드스터디카페 구월점
의료,열공스터디카페 구월본점
의료,르하임스터디카페 인천만수점
의료,비에이블스터디카페 인천간석센터
의료,공간샘스터디카페 인천구월점
의료,로고스 스터디카페
의료,유앤아이스터디카페 간석점
의료,위넌스터디카페 간석역점
의료,이룸스터디카페 인천만수점
의료,플랜에이스터디카페 만수센터
의료,초심스터디카페 구월로데오점
의료,미바라운지카페 인천만수역점
의료,365스터디카페
의료,플랜트스터디카페 구월아시아드라운지
의료,셀독24스터디카페 구월동점
의료,미바라운지스터디카페 인천간석점
의료,어라운드스터디카페 구월아시아드점
의료,작심스터디카페 인천구월점
의료,어라운드스터디카페 인천만수점
의료,그루스터디카페 인천서창센터
의료,시작스터디카페 인천논현점
의료,동네스터디카페 만수점
의료,미바라운지 소래포구점
의료,스터디멘토링카페
의료,신스터디카페
의료,플랜에이스터디카페 논현소래센터
의료,초심스터디카페 인천구월점
의료,어반스터디카페 구월점
의료,르하임스터디카페 인천논현점
의료,하우스터디 인천논현스터디카페
의료,시너지플레이스 인천간석점
의료,노벨스터디카페 서창센터점
의료,작심스터디카페 인천호구포역점
의료,스터디카페공심 서창센터
의료,비케이스터디카페
의료,열공스터디카페 간석점
의료,브리즈 스터디카페 인천논현점
의료,이지스터디카페 논현센터
의료,열공스터디카페 인천논현점
의료,최애스터디카페
의료,비에이블스터디카페 인천서창센터
의료,비책스터디카페
의료,지금스터디카페
의료,어라운드스터디카페 인천논현동점
의료,열공스터디카페 서창점
의료,블루문스터디카페 인천논현점
의료,초심스터디카페 인천논현점
의료,비에이블스터디카페 논현센터
의료,런앤런스터디카페 만수점
의료,그루스터디카페 인천논현센터
의료,스터디카페 집중
의료,리게인스터디카페 인천도림점
의료,시스스터디카페 인천논현점
의료,착한투자스터디 N 갤러리카페
의료,잇올 관리형 스터디카페 인천 논현점
의료,기본스터디카페 간석역점
의료,스터디카페디딤 구월센터
의료,비온탑스터디카페 인천구월직영점
의료,수스터디카페
의료,공간샘스터디카페오피스 인천구월동2호점
