의료,어라운드스터디카페 부평산곡점
의료,디플레이스 스터디카페 부평부개점
의료,유앤아이스터디카페
의료,르하임스터디카페 인천부평역점
의료,초심스터디카페 부평시장역점
의료,르하임스터디카페 부평구청점
의료,작심스터디카페 인천성모병원점
의료,다올스터디카페 부개점
의료,더프리미엄독서실스터디카페
의료,다올스터디카페 산곡점
의료,디딤스터디카페 삼산센터
의료,화이트펜슬 스터디카페 동암역점
의료,르하임스터디카페 인천삼산점
의료,바짝스터디카페 인천삼산센터
의료,유앤아이스터디카페 갈산점
의료,오피코스
의료,별빛스터디카페
의료,디플레이스스터디카페 부평산곡점
의료,공간샘스터디오피스 부평부개동점
의료,어라운드스터디카페 부평삼산미래타운점
의료,플랜에이 스터디카페 인천산곡센터
의료,인토스터디카페부평점
의료,셀독24스터디카페 부평역점
의료,프라야스터디카페
의료,유엔아이스터디카페
의료,위넌스터디카페 산곡역점
의료,스터디카페공간 삼산점
의료,런앤런스터디카페 부개점
의료,EDH스터디카페
의료,에브라임스터디카페 산곡직영점
의료,그로잉스터디카페 인천부평점
의료,만점24스터디카페 청천점
의료,초심스터디카페 인천삼산점
의료,두잉스터디카페
의료,어라운드스터디카페 부개역점
의료,드림스토리스터디카페
의료,오션스터디카페 부평산곡점
의료,바그다드독서실 스터디카폐
의료,쉴가 Life Spring 스터디카페
의료,두잉프리미엄스터디카페
의료,24시에이스스터디카페 부개동1호점
의료,어반트리스터디카페 부평센터
의료,어라운드스터디카페 부평점
의료,더프리미엄스터디카페
의료,카페인 스터디카페
의료,노벨 스터디카페 삼산점
의료,라움스터디카페 산곡점
의료,아이비스터디카페 부개점
