의료,부평시장역4번출구약국
의료,동암프라자약국
의료,수보당약국
의료,일호약국
의료,새시장약국
의료,노벨약국
의료,화생당약국
의료,미래약국
의료,스마일약국
의료,을지약국
의료,부평시장약국
의료,청솔약국
의료,십정시장약국
의료,호호약국
의료,강약국
의료,뉴백세약국
의료,한마을약국
의료,부평약국
의료,삼천당약국
의료,진선약국
의료,가나메디칼약국
의료,동서약국
의료,동광약국
의료,한마음약국
의료,중앙온누리약국
의료,나라약국
의료,21세기맑은약국
의료,부평종로약국
의료,부평온누리약국
의료,한솔약국
의료,착한약국
의료,백제약국
의료,금호약국
의료,정문약국
의료,경인약국
의료,부평제일약국
의료,나눔약국
의료,삼산약국
의료,혜성프라자약국
의료,대우약국
의료,리뉴약국
의료,바른약국
의료,성심약국
의료,차승은약국
의료,중앙약국
의료,신생약국
의료,전방메디칼약국
의료,부평열린약국
의료,수현약국
의료,행복한온누리약국
의료,꽃님이약국
의료,바다약국
의료,메디팜큰사랑약국
의료,한아름온누리약국
의료,부개온누리약국
의료,세민약국
의료,천사약국
의료,동암광장약국
의료,삼산 대한약국
의료,푸른건강약국
의료,세원약국
의료,분수대약국
의료,굿모닝약국
의료,길목옵티마약국 부개점
의료,이화약국
의료,동민약국
의료,365부평프라자약국
의료,부평조은약국
의료,섬초약국
의료,사과약국
의료,허브약국
의료,솔미약국
의료,부부약국
의료,솔약국
의료,삼릉약국
의료,옵티마부평성모약국
의료,포도나무약국
의료,성민약국
의료,동의그린약국
의료,부흥온누리약국
의료,용한약국
의료,남부온누리약국
의료,환도약국
의료,참좋은약국
의료,제일조은약국
의료,코코약국
의료,메디팜우리들약국
의료,늘봄약국
의료,비타민약국
의료,현대메디칼약국
의료,풍산원약국
의료,은행약국
의료,손약국
의료,청약국
의료,우정약국
의료,최병원약국
의료,예스약국
의료,한나약국
의료,늘희망약국
의료,웰빙약국
의료,테루파약국
의료,옵티마삼산제일약국
의료,솔로몬약국
의료,단비약국
의료,봄빛약국
의료,365열린약국
의료,나래약국
의료,장원약국
의료,서울당약국
의료,신세계약국
의료,동인당약국
의료,건강온누리약국
의료,메디칼안약국
의료,하나로약국
의료,아름약국
의료,새롬약국
의료,부평우리약국
의료,명성온누리약국
의료,청호약국
의료,해봄약국
의료,일신약국
의료,건강한약국
의료,아이사랑약국
의료,동암온누리약국
의료,큰약국
의료,다인약국
의료,희망약국
의료,메디칼정문약국
의료,엘림약국
의료,새정성약국
의료,부평하나로약국
의료,수정약국
의료,일광온누리약국
의료,믿음약국
의료,문화약국
의료,전원약국
의료,살맛나는온누리약국
의료,자애약국
의료,푸른약국
의료,평화약국
의료,한사랑약국
의료,옵티마자연약국
의료,호산나약국
의료,연세약국
의료,부평 자애약국
의료,비타민온누리약국
의료,동암메디칼약국
의료,튼튼약국
의료,해맑은약국
의료,부평판도라약국
의료,새봄약국
의료,다정한약국
의료,행복약국
의료,다정약국
의료,십정약국
의료,황약국
의료,새진약국
의료,행운약국
의료,메디칼제일약국
의료,큰약국
의료,부평드림약국
의료,벧엘약국
의료,튼튼드림약국
의료,사랑약국
의료,사랑나누리약국
의료,새은혜약국
의료,우수약국
의료,소망약국
의료,건강사랑약국
의료,인과원약국
의료,성모메디칼약국
의료,정다운약국
의료,금호옵티마약국 청천점
의료,대한약국
의료,자연약국
의료,서울대학약국
의료,행복한약국
의료,한울약국
의료,한겨레약국
의료,허브팜부평역약국
의료,유림약국
의료,영광약국
의료,부평이화약국
의료,헬스메이트
의료,하늘약국
의료,건강약국
의료,늘푸른약국
의료,소원약국
의료,부평그랜드약국
의료,우리온누리약국
의료,현대약국
의료,경민약국
의료,미금약국
의료,드림약국
의료,무구팜코끼리약국
의료,비알팜
의료,십자메디칼약국
의료,편안약국
의료,종로약국
의료,수제약국
의료,동대약국
의료,송화약국
의료,오렌지약국
의료,온누리푸른약국
의료,성모약국
의료,위민약국
의료,열린약국
의료,우리들약국
의료,대추밭약국
의료,명문약국
의료,맑은샘약국
의료,참편한약국
의료,미소약국
의료,진약국
의료,새한약국
의료,셀메드길약국
의료,휴약국
의료,뉴늘푸른약국
의료,오가약국
의료,행복이가득한봄약국
의료,라파약국
의료,대명약국
의료,그린팜약국
의료,메디컬약국
의료,동암수약국
의료,대동한약방
의료,부평365약국
의료,미약국
의료,십정약국
