주거,덕산아파트,인천,서구
주거,진주1단지아파트,인천,서구
주거,석남1차아파트,인천,서구
주거,석남2차아파트,인천,서구
주거,황해아파트,인천,서구
주거,한샘아파트,인천,서구
주거,동진아파트,인천,서구
주거,금성아파트,인천,서구
주거,아주아파트,인천,서구
주거,세우아파트,인천,서구
주거,경인아파트,인천,서구
주거,하나1차아파트,인천,서구
주거,정아아파트,인천,서구
주거,이화아파트,인천,서구
주거,신영아파트,인천,서구
주거,가좌동 하나2차아파트,인천,서구
주거,동아아파트,인천,서구
주거,낙원아파트,인천,서구
주거,중앙1차아파트,인천,서구
주거,유진아파트,인천,서구
주거,삼영아파트,인천,서구
주거,효성아파트,인천,서구
주거,영남아파트,인천,서구
주거,한일아파트,인천,서구
주거,아주상아아파트,인천,서구
주거,중앙2차아파트,인천,서구
주거,롯데우람아파트,인천,서구
주거,쌍마아파트,인천,서구
주거,태화아파트,인천,서구
주거,현광아파트,인천,서구
주거,동남아파트,인천,서구
주거,진흥아파트,인천,서구
주거,동우아파트,인천,서구
주거,효정아파트,인천,서구
주거,진흥아파트,인천,서구
주거,성광아파트,인천,서구
주거,동우1차아파트,인천,서구
주거,동우2차아파트,인천,서구
주거,현대아파트,인천,서구
주거,진주2단지아파트,인천,서구
주거,현광아파트,인천,서구
주거,동진아파트,인천,서구
주거,수정아파트,인천,서구
주거,태산아파트,인천,서구
주거,신현동진아파트,인천,서구
주거,인향아파트,인천,서구
주거,동남아파트,인천,서구
주거,경인양행사원A,인천,서구
주거,현광아파트,인천,서구
주거,서구 효정아파트,인천,서구
주거,은영아파트,인천,서구
주거,"낙원아파트 (1,2동)",인천,서구
주거,낙원아파트(3동),인천,서구
주거,동진아파트,인천,서구
주거,효정아파트,인천,서구
주거,진주3차아파트,인천,서구
주거,하나1차아파트,인천,서구
주거,인향아파트,인천,서구
주거,동진아파트,인천,서구
주거,신현원흥아파트,인천,서구
주거,진흥아파트,인천,서구
주거,공작아파트,인천,서구
주거,덕산아파트,인천,서구
주거,신인향아파트,인천,서구
주거,대우(GM)사원임대아파트,인천,서구
주거,대진1차아파트,인천,서구
주거,목화아파트,인천,서구
주거,대진2차아파트,인천,서구
주거,진흥2차아파트,인천,서구
주거,범양파크아파트,인천,서구
주거,신명1차아파트,인천,서구
주거,장미아파트,인천,서구
주거,태화아파트,인천,서구
주거,신명2차아파트,인천,서구
주거,뉴서울아파트,인천,서구
주거,신현효성아파트,인천,서구
주거,진주4차아파트,인천,서구
주거,진주5차아파트,인천,서구
주거,연진아파트,인천,서구
주거,한일아파트,인천,서구
주거,은혜아파트,인천,서구
주거,동진아파트,인천,서구
주거,한성아파트,인천,서구
주거,가정하나2차아파트,인천,서구
주거,유호아파트,인천,서구
주거,서해아파트,인천,서구
주거,한국아파트,인천,서구
주거,검단원흥아파트,인천,서구
주거,가정하나3차아파트,인천,서구
주거,한국아파트,인천,서구
주거,심곡한국아파트,인천,서구
주거,신광아파트,인천,서구
주거,신현대아파트,인천,서구
주거,연희동남아파트,인천,서구
주거,녹성아파트,인천,서구
주거,백두아파트,인천,서구
주거,신동아아파트,인천,서구
주거,연희대동아파트,인천,서구
주거,삼용아파트,인천,서구
주거,가좌풍림아파트,인천,서구
주거,태영아파트,인천,서구
주거,신광2차아파트,인천,서구
주거,연희광명17차아파트,인천,서구
주거,삼성아파트,인천,서구
주거,연희우성아파트,인천,서구
주거,연희중앙아파트,인천,서구
주거,극동늘푸른아파트,인천,서구
주거,청아아파트,인천,서구
주거,연희한국2차아파트,인천,서구
주거,탑스빌아파트,인천,서구
주거,석남대명아파트,인천,서구
주거,현대아파트,인천,서구
주거,대한항공사원임대,인천,서구
주거,월드아파트,인천,서구
주거,연희18차광명,인천,서구
주거,경남아파트,인천,서구
주거,현대3차아파트,인천,서구
주거,신명아파트,인천,서구
주거,마전동아아파트,인천,서구
주거,태평아파트,인천,서구
주거,불로길훈아파트,인천,서구
주거,퀸스타운동성아파트,인천,서구
주거,하나아파트,인천,서구
주거,마전영진아파트,인천,서구
주거,마전동남아파트,인천,서구
주거,금곡동남아파트,인천,서구
주거,동부아파트,인천,서구
주거,마전영남탑스빌아파트,인천,서구
주거,유승아파트,인천,서구
주거,삼산재건축아파트,인천,서구
주거,마전하나아파트,인천,서구
주거,이지화인주상복합,인천,서구
주거,검암1차 신명스카이뷰아파트,인천,서구
주거,삼보해피하임(검암1)아파트,인천,서구
주거,삼보해피하임(검암2)아파트,인천,서구
주거,검암서해그랑블아파트,인천,서구
주거,은빛마을 풍림1차(검암2),인천,서구
주거,신명스카이뷰(검암2)2차,인천,서구
주거,마전주공국민임대아파트(국민임대),인천,서구
주거,금호어울림1차아파트,인천,서구
주거,당하1차풍림아이원,인천,서구
주거,신명스카이뷰3차아파트,인천,서구
주거,검암2차풍림(검암2),인천,서구
주거,검단금호어울림아파트,인천,서구
주거,엘지원당자이아파트,인천,서구
주거,검암풍림3차,인천,서구
주거,마전풍림아이원1차아파트,인천,서구
주거,검암신명4차스카이뷰골드(검암2),인천,서구
주거,원당e-편한세상아파트,인천,서구
주거,원당풍림아이원아파트,인천,서구
주거,검단풍림아이원아파트,인천,서구
주거,당하2차풍림아이원아파트,인천,서구
주거,당하3차풍림아이원아파트,인천,서구
주거,마전대원1차레스피아,인천,서구
주거,마전대원2차레스피아,인천,서구
주거,신명스카이뷰드림아파트,인천,서구
주거,원당동문굿모닝힐아파트,인천,서구
주거,원당신안실크밸리아파트,인천,서구
주거,유영그랑빌아파트(서광연립재건축),인천,서구
주거,당하대우아파트(당하푸르지오),인천,서구
주거,원당2차금호어울림아파트,인천,서구
주거,마전풍림2차아파트,인천,서구
주거,마전대주파크빌아파트,인천,서구
주거,경서태평샹베르1차아파트,인천,서구
주거,검단2차풍림아이원아파트,인천,서구
주거,가이아샹베르2차아파트,인천,서구
주거,당하kcc스위첸아파트,인천,서구
주거,불로대림이편한세상아파트,인천,서구
주거,마전풍림3차아파트,인천,서구
주거,한화수풀림아파트,인천,서구
주거,당하대주파크빌아파트,인천,서구
주거,남양아파트 102,인천,서구
주거,남양아파트 101,인천,서구
주거,동남디아망아파트,인천,서구
주거,우정에쉐르아파트,인천,서구
주거,마젤란21아파트,인천,서구
주거,서인천월드메르디앙아파트,인천,서구
주거,한화미리움아파트,인천,서구
주거,우림필유아파트,인천,서구
주거,경남아너스빌아파트,인천,서구
주거,검단현대아이파크,인천,서구
주거,검단현대힐스테이트아파트,인천,서구
주거,검단우림필유아파트,인천,서구
주거,검단1차 피오레아파트,인천,서구
주거,마전풍림4차아파트,인천,서구
주거,불로금호어울림아파트,인천,서구
주거,불로신명스카이뷰아파트,인천,서구
주거,삼라마이더스아파트,인천,서구
주거,검단대림이편한세상아파트,인천,서구
주거,가좌연립재건축아파트(지구미가로),인천,서구
주거,마전금호어울림아파트,인천,서구
주거,연희국민임대아파트(30년임대주택임) 연희해드림아파트,인천,서구
주거,가좌한신휴플러스,인천,서구
주거,욱일연립재건축(예뜰체),인천,서구
주거,불로삼보해피하임1단지아파트,인천,서구
주거,불로삼보해피하임2단지아파트,인천,서구
주거,석남금호어울림,인천,서구
주거,이지미래지향1차아파트,인천,서구
주거,한일타운아파트,인천,서구
주거,서보아파트,인천,서구
주거,라일씰크빌,인천,서구
주거,석남금호어울림2차,인천,서구
주거,신현이편한세상하늘채,인천,서구
주거,이지미래지향 2차1단지,인천,서구
주거,이지미래지향 2차2단지,인천,서구
주거,현대2차힐스테이트 아파트 ,인천,서구
주거,검단2차I'Park아파트,인천,서구
주거,청라중흥S클래스2단지,인천,서구
주거,남광하우스토리,인천,서구
주거,청라 GS자이,인천,서구
주거,현대웰카운티,인천,서구
주거,청라중흥S클래스1단지,인천,서구
주거,청라서해그랑블아파트,인천,서구
주거,현대힐스테이트 3차 1단지,인천,서구
주거,현대힐스테이트 3차 2단지,인천,서구
주거,금호드림파크어울림 1단지,인천,서구
주거,금호드림파크어울림 2단지,인천,서구
주거,자이아파트 1단지,인천,서구
주거,자이아파트 2단지,인천,서구
주거,호반베르디움아파트,인천,서구
주거,청라 광명 메이루즈 아파트,인천,서구
주거,풍림아이원아파트,인천,서구
주거,호반베르디움2차아파트,인천,서구
주거,한일베라체아파트,인천,서구
주거,힐데스하임아파트,인천,서구
주거,청라동양엔파트아파트,인천,서구
주거,청라엘에이치,인천,서구
주거,한라비발디아파트,인천,서구
주거,호반베르디움3차아파트,인천,서구
주거,반도유보라아파트,인천,서구
주거,우미린아파트,인천,서구
주거,엑슬루타워 주상복합,인천,서구
주거,청라한양수자인,인천,서구
주거,청라 SK view,인천,서구
주거,현대힐스테이트4차아파트,인천,서구
주거,청라 골드클래스,인천,서구
주거,청라 힐스테이트 커낼뷰,인천,서구
주거,청라힐스테이트,인천,서구
주거,청라한화꿈에그린,인천,서구
주거,웰카운티,인천,서구
주거,제일풍경채아파트,인천,서구
주거,호반베르디움아파트,인천,서구
주거,청라동양엔파트아파트 39B,인천,서구
주거,청라반도유보라 2.0,인천,서구
주거,청라동문굿모닝힐,인천,서구
주거,가정엘에이치3단지(임대),인천,서구
주거,현대힐스테이트5차,인천,서구
주거,청라롯데캐슬,인천,서구
주거,청라더샵레이크파크,인천,서구
주거,청라푸르지오,인천,서구
주거,청라우미린스트라우스,인천,서구
주거,현대힐스테이트6차,인천,서구
주거,엘에이치웨스턴블루힐,인천,서구
주거,청라 골드클래스 커낼웨이,인천,서구
주거,검단우방아이유쉘,인천,서구
주거,루원시티 대성베르힐,인천,서구
주거,검단 SK VIEW,인천,서구
주거,두현예뜰채아파트,인천,서구
주거,두산위브 트레지움,인천,서구
주거,LH루원시티 센트럴타운,인천,서구
주거,아시아드 대광로제비앙,인천,서구
주거,제일풍경채2차 에듀앤파크,인천,서구
주거,루원 호반베르디움 더센트럴,인천,서구
주거,루원제일풍경채,인천,서구
주거,미우해드리움,인천,서구
주거,청라모아미래도,인천,서구
주거,루원시티프라디움,인천,서구
주거,루원시티루에블리,인천,서구
주거,검단2차 우방아이유쉘,인천,서구
주거,청라 센트럴 에일린의 뜰,인천,서구
주거,센텀 대광로제비앙,인천,서구
주거,한양수자인레이크블루,인천,서구
주거,루원더퍼스트,인천,서구
주거,호수공원 한신더휴 아파트,인천,서구
주거,검단오류역 우방아이유쉘,인천,서구
주거,J사옥 주상복합아파트,인천,서구
주거,호반써밋1차,인천,서구
