상권,KB국민은행 청라지점
상권,하나은행 검단지점
상권,하나은행 인천청라지점
상권,우리은행 석남동지점
상권,신한은행 청라국제도시지점
상권,우리은행 청라금융센터
상권,KB국민은행 검단지점
상권,신한은행 인천서구청지점
상권,KB국민은행 청라시티타워지점
상권,KB국민은행 석남동점
상권,KB국민은행 가좌동지점
상권,KB국민은행 서인천종합금융센터
상권,신한은행 검단지점
상권,우리은행 검단신도시지점
상권,KB국민은행 신현동지점
상권,KB국민은행 가좌공단종합금융센터
상권,신한은행 가좌동지점
상권,신한은행 검단산업단지금융센터
상권,하나은행 주안공단지점
상권,하나은행 인천서구청지점
상권,KB국민은행 인천원당지점
상권,IBK기업은행 인천원당지점
상권,IBK기업은행 검단지점
상권,NH농협은행 청라시티지점
상권,하나은행 신현동출장소
상권,KB국민은행 검단산업단지종합금융센터
상권,IBK기업은행 석남동지점
상권,NH농협은행 신현동지점
상권,IBK기업은행 인천청라지점
상권,신한은행 김포불노지점
상권,NH농협은행 인천가좌지점
상권,IBK기업은행 가좌공단지점
상권,NH농협은행 인천서지점
상권,IBK기업은행 인천서구청역지점
상권,하나은행 가좌동출장소
상권,IBK기업은행 인천북항지점
상권,우리은행 국제성모병원출장소
상권,우리은행 검단산단지점
상권,NH농협은행 청라호수공원지점
상권,IBK기업은행 검단산업단지지점
상권,IBK기업은행 인천서부산단지점
상권,DGB대구은행 인천지점
상권,Sh수협은행 루원시티지점
상권,Sh수협은행 청라지점
상권,SC제일은행 검단지점
상권,NH농협은행 드림파크출장소
상권,NH농협은행 환경연구단지지점
상권,서인천새마을금고 완정지점
상권,서인천새마을금고 청라지점
상권,서인천새마을금고 본점
상권,인천서부새마을금고 본점
상권,서인천새마을금고 검단지점
상권,서일새마을금고 본점
상권,서해새마을금고 본점
상권,인천서부새마을금고 석남지점
상권,서인천새마을금고 연희지점
상권,인천서부새마을금고 신현지점
상권,인천서부새마을금고 가정지점
상권,서인천새마을금고 검암지점
상권,서해새마을금고 제1지점
상권,서일새마을금고 청라지점
상권,서해새마을금고 제2지점
상권,인천서부새마을금고 청라지점
상권,하나은행365 청라데이터센터1층
상권,SC제일은행 365코너 LG전자 인천캠퍼스
상권,KB국민은행ATM 검암자동화점
상권,우리은행 365코너 검단점
상권,신한은행ATM 석남동지점
상권,IBK기업은행365 검암선두교회
상권,신한은행 365코너 신현동이편한세상 하늘채
상권,IBK기업은행365 가정LH웨스턴블루힐아파트
상권,KB국민은행ATM 청라점
상권,하나은행365 인천서구청 제2청사
상권,하나은행365 경원주차타워1층
상권,신한은행 365코너 청라반도유보라아파트
상권,국민은행 ATM 인천성민병원
상권,NH농협은행 365코너 검단농협원당지점
상권,IBK기업은행365 인천청라점365
상권,신협365코너 석남지점
상권,신한은행 365코너 검단현대아이파크
상권,KB국민은행ATM 홈플러스 가좌점
상권,KB국민은행 검암역무인환전센터
상권,IBK기업은행365 구)인천불로점
상권,신한은행 365코너 공무원교육원
상권,IBK기업은행365 농협천마지소앞
상권,신한은행365코너 검단
상권,하나은행ATM
상권,우리은행 365코너 원당풍림아이원점
상권,KB국민은행ATM 서인천점
상권,NH농협은행 365코너 검단농협
상권,신한은행 365코너 주안공단
상권,NH농협은행 365코너 검단농협오왕지점
상권,NH농협은행 365코너 서인천농협석남지점
상권,하나은행365 루원시티포레나모델하우스
상권,NH농협은행 365코너 서인천농협청라지점
상권,IBK기업은행365 검단탑병원
상권,한국씨티은행 365코너 서경백화점
상권,IBK기업은행365 진주아파트 버스승강장
상권,NH농협은행 365코너 서인천농협
상권,신한은행 365코너 홈플러스가좌점
상권,NH농협은행 365코너 서인천농협건지지점
상권,KB국민은행ATM 석남동점
상권,우리은행 365코너 아파트정문출입구경비실옆
상권,IBK기업은행365 인천연세병원-IBK
상권,IBK기업은행365 온누리병원
상권,KB국민은행ATM 인천원당점
상권,CU ATM 청라호수공원점
상권,신한은행 365코너 KCC스위첸
상권,KB국민은행ATM 검단점
상권,IBK기업은행365 가정동뉴서울아파트
상권,우리은행 365코너 홈플러스 인천가좌점
상권,신한은행 365코너 인천서부여성회관
상권,신한은행 365코너 홈플러스청라점
상권,하나은행365 SK뷰아파트
상권,IBK기업은행 365코너 한미점
상권,CU ATM 가좌공단점
상권,NH농협은행 365코너 가정역지점
상권,IBK기업은행365 드림파크어울림단지
상권,KB국민은행ATM 이마트검단점
상권,CU ATM 가정엠케이점
상권,CU ATM 가정베르힐점
상권,신한은행 365코너 나은병원
상권,한국씨티은행 365코너 롯데레몬
상권,롯데ATM 세븐일레븐 검단공구상가(CD)
상권,NH농협은행 365코너 인천가좌지점
상권,신한은행 365코너 검단현대힐스테이트3차
상권,SC제일은행 365코너 태평샹베르1차
상권,KB국민은행ATM 가좌동점
상권,IBK기업은행365 쌍마아파트
상권,SC제일은행 365코너 현우프라자
상권,우리은행ATM 주안공단지점
상권,KB국민은행ATM 신현동점
상권,하나은행365 청라국제도시역
상권,NH농협은행 365코너 인천축산농협가정지소
상권,우리은행 365코너 검단신도시지점
상권,KB국민은행ATM 검단산업단지점
상권,신한은행 365코너 이마트검단점
상권,우리은행 365코너 이마트검단점
상권,NH농협 365코너 김포축산농협검단지점
상권,우체국365코너
상권,신한은행 365코너 엠파크랜드
상권,하나은행365 SK인천석유화학후생관
상권,KB국민은행ATM 기주산업 휴게실
상권,IBK기업은행365 나은병원
상권,CU ATM 검단탑병원점
상권,하나은행365 인천서구청 별관사거리
상권,IBK기업은행365 석남동점365
상권,우리은행 365코너 홈플러스청라점1층정문출입구
상권,CU ATM 석남길주점
상권,하나은행365 인천서구문화회관
상권,우체국365코너
상권,하나은행365 모다아울렛 인천점
상권,IBK기업은행365 인천테크피아
상권,우체국365코너
상권,우체국365코너
상권,IBK기업은행365 TPC 메카트로닉스
상권,롯데ATM 세븐일레븐 청라인천
상권,IBK기업은행365 인천원당점
상권,롯데ATM 세븐일레븐 인천석남중앙
상권,CU ATM 청라블렌하임점
상권,IBK기업은행365 검단점
상권,하나은행365 가정동 하나아파트
상권,CU ATM 인천오류자이점
상권,IBK기업은행365 TCP&단해
상권,CU ATM 검단피오레점
상권,IBK기업은행365 인천서구청역365
상권,IBK기업은행365 아담다방
상권,하나은행365 엠파크허브3층연결통로
상권,롯데ATM 세븐일레븐 인천경서타운
상권,KB국민은행ATM 한국수자원공사아라타워
상권,CU ATM 가좌점
상권,CU ATM 경서1지구점
상권,KB국민은행ATM 인천국제컨트리클럽
상권,SC제일은행 365코너 검단지점
상권,CU ATM 검단힐스테이트점
상권,CU ATM 검암신명점
상권,KB국민은행ATM 포스코에너지
상권,CU ATM 서구청라점
상권,IBK기업은행365 고려학원
상권,CU ATM 검단제이원점
상권,CU ATM 가정디오스텔점
상권,CU ATM 마전센터점
상권,CU ATM 석남서달로점
상권,IBK기업은행365 인천서부산단점365
상권,CU ATM 검암중앙점
상권,농협ATM 여래지점
상권,롯데ATM 세븐일레븐 인천검암검바위
상권,우체국365코너
상권,하나은행365 한신종합상가무인점(가정동)
상권,CU ATM 인천페니정서진점
상권,롯데ATM 세븐일레븐 청라꿈에그린(CD)
상권,CU ATM 심곡삼성점
상권,KB국민은행ATM 가좌공단점
상권,Sh수협365코너 인천가좌서지점
상권,롯데ATM 세븐일레븐 가정(CD)
상권,CU ATM 청라호반4단지점
상권,CU ATM 검암골드점
상권,롯데ATM 세븐일레븐 인천검암중앙
상권,CU ATM 청라에일린점
상권,하나은행365 인천서구청
상권,IBK기업은행365 대동아파트
상권,롯데ATM 세븐일레븐 검암으뜸(CD)
상권,CU ATM 청라파크자이점
상권,IBK기업은행365 주물협동조합
상권,CU ATM 서구초롱점
상권,우체국365코너
상권,롯데ATM 세븐일레븐 인천경서
상권,KB국민은행ATM 공항철도청라역
상권,롯데ATM 세븐일레븐 오류아라뱃길(CD)
상권,IBK기업은행365 가좌공단점365
상권,롯데ATM 롯데마트 청라1층 2
상권,CU ATM 서구신현점
상권,롯데ATM 세븐일레븐 청라파크자이
상권,CU ATM 청라그랑블점
상권,우체국365코너
상권,IBK기업은행365 인천북항365
상권,롯데ATM 세븐일레븐 북항프라자(CD)
상권,롯데ATM 세븐일레븐 인천검단본(CD)
상권,신한은행 365코너 김포불노점두365
상권,롯데ATM 세븐일레븐 북항IC주유소
상권,롯데ATM 롯데시네마 인천아시아
상권,CU ATM 신석초교점
상권,CU ATM 가정시티점
상권,CU ATM 서구서곶점
상권,CU ATM 아라뱃길정서진점
상권,CU ATM 청라호반점
상권,CU ATM 가좌공단2호점
상권,CU ATM 석남드림점
상권,CU ATM 청라씨티점
상권,CU ATM 가좌우수점
상권,롯데ATM 세븐일레븐 인천석남새벽(CD)
상권,CU ATM 석남수피래점
상권,롯데ATM 세븐일레븐 인천경서중앙
상권,IBK기업은행365 월탑전자
상권,CU ATM 신현세상점
상권,CU ATM 인천신현점
상권,롯데ATM 세븐일레븐 인천석남뿌리
상권,우체국365코너
상권,IBK기업은행365 인천그랜드CC
상권,IBK기업은행365 홈플러스가좌점2층
상권,롯데ATM 세븐일레븐 인천심곡
상권,롯데ATM 세븐일레븐 청라지젤엠(CD)
상권,CU ATM 청라풍경채점
상권,CU ATM 검암세실리아점
상권,롯데ATM 세븐일레븐 원당사랑(CD)
상권,CU ATM 검단노른자점
상권,CU ATM 검단초교점
상권,CU ATM 공촌경남점
상권,CU ATM 석남산업중앙점
상권,CU ATM 북항센터점
상권,롯데ATM 세븐일레븐 인천검암(CD)
상권,IBK기업은행365 검단산업단지점365
상권,IBK기업은행365 오성식당슈퍼앞
상권,IBK기업은행365 시영운수
상권,CU ATM 서구청라한신점
상권,CU ATM 심곡센터점
상권,CU ATM 서구가정로점
상권,롯데ATM 세븐일레븐 서구감중공원(CD)
상권,CU ATM 검암엘레강스점
상권,CU ATM 석남상상점
상권,우체국365코너
상권,CU ATM 심곡대동점
상권,CU ATM 청라휴먼시아점
상권,CU ATM 서구제스트점
상권,IBK기업은행365 베어즈베스트청라CC
상권,CU ATM 서구완정로점
상권,CU ATM 가좌청기와점
상권,CU ATM 가좌두산위브점
상권,CU ATM 검단동아점
상권,CU ATM 검단블루텍점
상권,CU ATM 신현원창점
상권,CU ATM 가정3동점
상권,CU ATM 신현하늘점
상권,CU ATM 검단원룸점
상권,CU ATM 원당어울림점
상권,IBK기업은행365 한샘디지텍
상권,CU ATM 마전풍림점
상권,CU ATM 가좌해인점
상권,롯데ATM 세븐일레븐 인천심곡제일
상권,롯데ATM 세븐일레븐 인천가좌축산
상권,CU ATM 만세원당점
상권,우리은행 365코너 요진코아텍로비
상권,CU ATM 인천검암점
상권,CU ATM 국제성모병원3호점
상권,CU ATM 서구당하점
상권,CU ATM 가좌G타워점
상권,롯데ATM 세븐일레븐 인천서구은송(CD)
상권,롯데ATM 세븐일레븐 당하프런치타워(CD)
상권,한국스탠다드차타드은행 검단지점
상권,하나은행365 인천서구문화재단
상권,롯데ATM 세븐일레븐 인천청라린(CD)
상권,CU ATM 석남무지개점
상권,CU ATM 청라디오스텔점
상권,CU ATM 청라중흥점
상권,롯데ATM 세븐일레븐 서구원창공단(CD)
상권,롯데ATM 세븐일레븐 청라중앙
상권,롯데ATM 세븐일레븐 서구연희공원(CD)
상권,롯데ATM 세븐일레븐 석남금호(CD)
상권,우체국365코너
상권,우체국365코너
상권,CU ATM 가좌중앙점
상권,CU ATM 가좌4동점
상권,CU ATM 서구신현중앙점
상권,롯데ATM 세븐일레븐 인천검단산업단(CD)
상권,CU ATM 경서해피트리점
상권,롯데ATM 세븐일레븐 당하제일
상권,롯데ATM 세븐일레븐 인천서구연희
상권,CU ATM 검단산업제일점
상권,롯데ATM 세븐일레븐 석남바롬채(CD)
상권,CU ATM 석남감동점
상권,CU ATM 서구여성회관점
상권,롯데ATM 세븐일레븐 인천석남메인(CD)
상권,CU ATM 가좌일등점
상권,롯데ATM 세븐일레븐 가좌아트시티(CD)
상권,CU ATM 가좌백범로점
상권,CU ATM 가좌신흥점
상권,CU ATM 석남웰딩점
상권,롯데ATM 세븐일레븐 검단한울(CD)
상권,롯데ATM 세븐일레븐 인천원당자이
상권,롯데ATM 세븐일레븐 인천가좌두산위(CD)
상권,CU ATM 불로월드점
상권,CU ATM 가좌현우점
상권,CU ATM 원창타운점
상권,롯데ATM 세븐일레븐 가좌무한퍼스트(CD)
상권,롯데ATM 세븐일레븐 검단우방2단지(CD)
상권,CU ATM 청라우성점
상권,하나은행365 삼양제넥스인천공장
상권,CU ATM 원당고산로점
상권,CU ATM 서구서영점
상권,롯데ATM 세븐일레븐 인천가정고(CD)
상권,CU ATM 당하홀리랜드점
상권,롯데ATM 세븐일레븐 인천검단목화
상권,CU ATM 서구연희점
상권,롯데ATM 세븐일레븐 인천리베라움(CD)
상권,롯데ATM 세븐일레븐 가좌공단
상권,CU ATM 서구검단로점
상권,롯데ATM 세븐일레븐 인천정서진
상권,CU ATM 불로캉가루점
상권,CU ATM 검단SK점
상권,롯데ATM 세븐일레븐 인천남가좌
상권,IBK기업은행365 드림파크C.C
상권,롯데ATM 세븐일레븐 서구가좌센터(CD)
상권,롯데ATM 세븐일레븐 청라모아미래도(CD)
상권,CU ATM 가정블루힐점
상권,롯데ATM 세븐일레븐 검암제일(CD)
상권,롯데ATM 세븐일레븐 인천가좌염곡로(CD)
상권,롯데ATM 세븐일레븐 인천가좌가나(CD)
상권,롯데ATM 세븐일레븐 서구불로한호(CD)
상권,롯데ATM 세븐일레븐 검단원룸(CD)
상권,CU ATM 가좌라이프점
상권,CU ATM 당하원룸점
상권,경남은행 365코너 인천그랜드컨트리클럽
상권,CU ATM 석남월드메르디앙점
상권,CU ATM 가좌한신점
상권,CU ATM 서구성민병원점
상권,롯데ATM 세븐일레븐 인천석남신석
상권,CU ATM 청라힐데스하임점
상권,CU ATM 신현사랑점
상권,CU ATM 가좌공단3호점
상권,롯데ATM 세븐일레븐 인천석남로
상권,CU ATM 검단서해점
상권,CU ATM 서구봉수대로점
상권,CU ATM 인천가좌점
상권,롯데ATM 세븐일레븐 가좌공단중앙
상권,CU ATM 가좌IBC센터점
상권,롯데ATM 세븐일레븐 인천가좌우수
상권,롯데ATM 세븐일레븐 서구일송(CD)
상권,롯데ATM 롯데마트 검단1층 2
상권,롯데ATM 롯데마트 검단1층 1
상권,CU ATM 서구가정점
상권,롯데ATM 세븐일레븐 서구오류공단
상권,롯데ATM 세븐일레븐 인천신현염곡로
상권,롯데ATM 세븐일레븐 인천원당동문(CD)
상권,롯데ATM 세븐일레븐 인천왕길
상권,롯데ATM 세븐일레븐마천센터(CD)
상권,롯데ATM 세븐일레븐 검단오류
상권,CU ATM 마전중앙점
상권,롯데ATM 세븐일레븐 인천가좌비즈(CD)
상권,롯데ATM 세븐일레븐 검단금곡초교(CD)
상권,롯데ATM 세븐일레븐 봉수대로
상권,롯데ATM 세븐일레븐 인천가좌한신(CD)
상권,롯데ATM 세븐일레븐 인천석남공단
상권,CU ATM 검단명인점
상권,롯데ATM 세븐일레븐 청라보영(CD)
상권,롯데ATM 세븐일레븐가좌효정(CD)
