카테고리,이름
주거,우정개나리
주거,삼보
주거,이화
주거,정광
주거,아주정광
주거,송정
주거,동남
주거,동아
주거,팬더
주거,구월아시아드선수촌 1단지
주거,구월아시아드선수촌 2단지
주거,구월아시아드선수촌 5단지
주거,구월아시아드선수촌 6단지
주거,구월아시아드선수촌 8단지
주거,구월아시아드선수촌 센트럴자이
주거,유승한내들퍼스티지아파트
주거,두플러스
주거,구월프라움시티
주거,구월프라움아트
주거,신세계
주거,희망
주거,"우정(철거,2019.11.7.)"
주거,해창
주거,중앙
주거,원경
주거,두드림
주거,구월힐스테이트롯데캐슬골드(1단지)
주거,롯데캐슬골드(2단지)
주거,구월힐스테이트(3단지)
주거,구월지웰시티푸르지오
주거,(구)현광
주거,서울
주거,(신)현광
주거,벽산
주거,드림랜드
주거,성문
주거,인천대우재엘에이치
주거,한진
주거,동국
주거,성락
주거,은하
주거,삼우
주거,삼용
주거,금호
주거,극동
주거,주원무지개
주거,삼미맨션
주거,신태양
주거,덕산
주거,형진프라자
주거,현대홈타운
주거,다정한마을 서해아파트
주거,삼마 TOP-Class
주거,우신
주거,희망
주거,동암
주거,인향
주거,동진
주거,유영(성광)
주거,금호어울림
주거,래미안자이
주거,로즈힐(장미연립)
주거,팬더
주거,팬더
주거,신한
주거,간석태화
주거,두진
주거,동원
주거,이삭
주거,인천간석LH1단지
주거,인천간석LH2단지
주거,청실
주거,(구)광명
주거,(구)한국
주거,영남
주거,(신)광명
주거,복음
주거,(신)한국
주거,우성
주거,현광
주거,현대
주거,우성2차
주거,청실프라자
주거,세종보라
주거,간석마을 풍림아이원
주거,행복누리움
주거,신동아파밀리에명품
주거,웰스하임
주거,한신더휴
주거,삼일
주거,삼성
주거,삼환1차
주거,삼환2차
주거,만수주공7
주거,만수주공8
주거,한국공영
주거,삼부
주거,(구)성신2차
주거,1차아주
주거,2차아주
주거,(구)대동
주거,아주3차
주거,정광
주거,신한(2차)
주거,(신)성신
주거,공작
주거,(신)대동
주거,신동아
주거,신한5차
주거,태화상가
주거,성신
주거,만수주공11단지
주거,인평스페스힐
주거,삼익 플라주
주거,향촌휴먼시아1단지
주거,향촌휴먼시아2단지
주거,이성
주거,영풍1차(B단지)
주거,영풍2차(A단지)
주거,햇빛마을벽산
주거,산호마을
주거,대성유니드
주거,만수주공1단지
주거,만수주공2단지
주거,만수주공3단지
주거,만수주공4단지
주거,만수주공5단지
주거,만수주공6단지
주거,신화
주거,동남
주거,효성상아
주거,금원
주거,미림
주거,신한
주거,현광
주거,삼용
주거,영종
주거,고운웰리움
주거,공작
주거,진흥
주거,광명
주거,대동
주거,한국
주거,뉴서울
주거,삼익세라믹
주거,금호타운
주거,남동
주거,현대
주거,담방마을
주거,만수주공9단지
주거,만수주공10단지
주거,이삭1차
주거,이삭2차
주거,하우스토리 만수
주거,태평1차
주거,태평2차
주거,현대모닝사이드
주거,임광그대가
주거,서해그랑블아파트
주거,서창자이아파트
주거,서창LH11단지
주거,서창LH7단지
주거,서창LH8단지
주거,서창LH12단지
주거,서창e편한세상
주거,호반베르디움
주거,서창LH6단지
주거,서창LH1단지
주거,서창LH3단지 청아안
주거,청광플러스원
주거,서창엘에이치15단지(행복)
주거,서창 더포레스트(2LB)공공
주거,서창 센트럴푸르지오(5BL)
주거,서창꿈에그린
주거,서창LH14단지
주거,장수주공
주거,한별렉스힐
주거,청호
주거,풍림1차
주거,풍림2차
주거,풍림3차
주거,삼호
주거,도림주공1단지
주거,도림주공그린빌2단지
주거,벽산블루밍
주거,도림아이파크
주거,이안라온파미에하우스
주거,논현엘에이치4단지(하늘마을)
주거,한라
주거,풍림
주거,논현휴먼시아12단지(산뒤마을)
주거,논현휴먼시아13단지(푸르내마을)
주거,논현휴먼시아8단지(동산마을)
주거,논현휴먼시아11단지(단풍마을)
주거,논현휴먼시아14단지(등대마을)
주거,냇마을 신영지웰
주거,별빛마을웰카운티
주거,논현주공1단지
주거,논현주공2-1단지(201동~211동)
주거,논현주공2-2단지(212동~)
주거,동보
주거,논현휴먼시아5단지(달빚이마을)
주거,새터마을 신일해피트리
주거,어진마을 한화꿈에그린
주거,논현휴먼시아3단지(하늘마을)
주거,논현휴먼시아2단지(범마을)
주거,논현휴먼시아1단지(숲속마을)
주거,에코메트로11단지
주거,에코메트로12단지
주거,논현힐스테이트
주거,에코메트로5단지
주거,에코메트로6단지
주거,에코메트로7단지
주거,에코메트로10단지
주거,에코메트로9단지
주거,소래휴먼시아3단지
주거,소래휴먼시아1단지
주거,논현유호N-CITY1단지
주거,에코메트로3차 더타워
주거,소래휴먼시아4단지
주거,한양수자인 아르디에
주거,논현 유승한내들 와이드오션
주거,논현 푸르지오
