교육,인천가림초등학교,인천,서구
교육,인천가석초등학교,인천,서구
교육,인천가원초등학교,인천,서구
교육,인천가정초등학교,인천,서구
교육,인천가좌초등학교,인천,서구
교육,인천가현초등학교,인천,서구
교육,인천간재울초등학교,인천,서구
교육,인천건지초등학교,인천,서구
교육,인천검단초등학교,인천,서구
교육,인천검암초등학교,인천,서구
교육,인천경명초등학교,인천,서구
교육,인천경서초등학교,인천,서구
교육,인천경연초등학교,인천,서구
교육,인천공촌초등학교,인천,서구
교육,인천금곡초등학교,인천,서구
교육,인천능내초등학교,인천,서구
교육,인천단봉초등학교,인천,서구
교육,인천당하초등학교,인천,서구
교육,인천도담초등학교,인천,서구
교육,인천마전초등학교,인천,서구
교육,인천목향초등학교,인천,서구
교육,인천발산초등학교,인천,서구
교육,인천백석초등학교,인천,서구
교육,인천봉수초등학교,인천,서구
교육,인천봉화초등학교,인천,서구
교육,인천불로초등학교,인천,서구
교육,인천서곶초등학교,인천,서구
교육,인천석남서초등학교,인천,서구
교육,인천석남초등학교,인천,서구
교육,인천신석초등학교,인천,서구
교육,인천신현북초등학교,인천,서구
교육,인천신현초등학교,인천,서구
교육,인천심곡초등학교,인천,서구
교육,인천양지초등학교,인천,서구
교육,인천완정초등학교,인천,서구
교육,인천왕길초등학교,인천,서구
교육,인천원당초등학교,인천,서구
교육,인천은지초등학교,인천,서구
교육,인천창신초등학교,인천,서구
교육,인천천마초등학교,인천,서구
교육,인천청라초등학교,인천,서구
교육,인천청람초등학교,인천,서구
교육,인천청일초등학교,인천,서구
교육,인천초은초등학교,인천,서구
교육,인천해원초등학교,인천,서구
교육,가정여자중학교,가정,서구
교육,가좌중학교,가좌,서구
교육,간재울중학교,간재,서구
교육,검단중학교,검단,서구
교육,검암중학교,검암,서구
교육,동인천여자중학교,동인,서구
교육,마전중학교,마전,서구
교육,백석중학교,백석,서구
교육,불로중학교,불로,서구
교육,서곶중학교,서곶,서구
교육,신현여자중학교,신현,서구
교육,신현중학교,신현,서구
교육,원당중학교,원당,서구
교육,인천가좌여자중학교,인천,서구
교육,인천가현중학교,인천,서구
교육,인천경연중학교,인천,서구
교육,인천당하중학교,인천,서구
교육,인천석남중학교,인천,서구
교육,인천청라중학교,인천,서구
교육,인천청람중학교,인천,서구
교육,인천초은중학교,인천,서구
교육,인천해원중학교,인천,서구
교육,제물포중학교,제물,서구
교육,가림고등학교,가림,서구
교육,가정고등학교,가정,서구
교육,가좌고등학교,가좌,서구
교육,검단고등학교,검단,서구
교육,백석고등학교,백석,서구
교육,인천마전고등학교,인천,서구
교육,인천원당고등학교,인천,서구
교육,인천청라고등학교,인천,서구
교육,인천초은고등학교,인천,서구
교육,인천해원고등학교,인천,서구
교육,인천신현고등학교,인천,서구
교육,인천체육고등학교,인천,서구
교육,인천디자인고등학교,인천,서구
교육,대인고등학교,대인,서구
교육,서인천고등학교,서인,서구
교육,인천보건고등학교,인천,서구
교육,인천세무고등학교,인천,서구
교육,한국주얼리고등학교,한국,서구
교육,어라운드스터디카페 인천서구청점,어라,서구
교육,스터디카페시너지플레이스 인천가좌점,스터,서구
교육,클레버 스터디카페,클레,서구
교육,작심스터디카페 인천신현점,작심,서구
교육,어라운드스터디카페 가좌점,어라,서구
교육,르하임스터디카페 인천청라점,르하,서구
교육,로웰클래스스터디카페,로웰,서구
교육,르하임스터디카페 검단사거리역점,르하,서구
교육,스카이스터디카페,스카,서구
교육,공유스터디카페,공유,서구
교육,초심스터디카페 인천청라점,초심,서구
교육,블루밍스터디카페,블루,서구
교육,골든스터디카페 익스프레스청라점,골든,서구
교육,우행공스터디카페 루원시티점,우행,서구
교육,모두스터디카페,모두,서구
교육,다올스터디카페 신현점,다올,서구
교육,우행공스터디카페 검암점,우행,서구
교육,브리즈스터디카페 가정점,브리,서구
교육,어라운드스터디카페 인천신현점,어라,서구
교육,인베이스터디카페 인천점,인베,서구
교육,하우스터디인천당하센터스터디카페,하우,서구
교육,23다이버스스터디카페,23,서구
교육,플랜에이스터디카페 인천완정센터,플랜,서구
교육,지게이트스터디카페 청라점,지게,서구
교육,어라운드스터디카페 인천청라점,어라,서구
교육,플랜트스터디카페 청라점,플랜,서구
교육,바짝스터디카페 인천신현센터,바짝,서구
교육,스터디플렉스,스터,서구
교육,블루버드스터디카페,블루,서구
교육,기본스터디카페 인천마전점,기본,서구
교육,스마트스터디카페24,스마,서구
교육,에브라임스터디카페 인천검암점,에브,서구
교육,하우스터디 인천 청라스터디카페,하우,서구
교육,어라운드스터디카페 가정루원시티점,어라,서구
교육,바짝스터디카페 인천검단센터,바짝,서구
교육,스터디카페 루쳇,스터,서구
교육,점프업 스터디카페,점프,서구
교육,온스터디카페,온스,서구
교육,4스터디카페 청라점,4스,서구
교육,코코스터디카페 검단점,코코,서구
교육,로웰클래스 스터디카페 청라점,로웰,서구
교육,디플레이스 스터디카페 인천경서점,디플,서구
교육,에이블스터디카페,에이,서구
교육,어라운드스터디카페 검암점,어라,서구
교육,더문스터디카페,더문,서구
교육,초심스터디카페 검단신도시점,초심,서구
교육,유베스트 스터디카페,유베,서구
교육,고공수스터디카페 마전점,고공,서구
교육,더다올스터디카페,더다,서구
교육,투제이스터디까페,투제,서구
교육,디플레이스 스터디카페 인천청라점,디플,서구
교육,드림스터디카페,드림,서구
교육,플랜에이스터디카페 인천검단센터,플랜,서구
교육,기본스터디카페 인천검단사거리점,기본,서구
교육,그로잉스터디카페 인천청라점,그로,서구
교육,스터디카페하루,스터,서구
교육,노마드스터디카페,노마,서구
교육,더오르다스터디카페 루원센터,더오,서구
교육,포인트스터디카페 청라점,포인,서구
교육,그루스터디카페 청라호수공원센터,그루,서구
교육,그루스터디센터 인천청라센터,그루,서구
교육,런앤런스터디카페 서구청점,런앤,서구
교육,스터디까페,스터,서구
교육,린스터디카페,린스,서구
교육,바짝프리미엄스터디카페 인천청라센터,바짝,서구
교육,엠앤디스터디카페,엠앤,서구
교육,공부인스터디카페 인천불로센터,공부,서구
교육,플랜트청라라운지,플랜,서구
교육,로웰클래스스터디카페 검단점,로웰,서구
교육,스터디업,스터,서구
교육,스터디카페 이루다,스터,서구
교육,2XL공간대여,2X,서구
교육,11월드럼전문학원,11,서구
교육,11월의비상학원,11,서구
교육,1교시국어전문학원,1교,서구
교육,1퍼센트고등수학학원,1퍼,서구
교육,21세기수학삼성영어학원,21,서구
교육,3030주디잉글리시학원,30,서구
교육,373에듀가좌학원,37,서구
교육,A.I.O아카데미실용외국어학원,A.,서구
교육,B2거인미술학원,B2,서구
교육,B2빅뱅학원,B2,서구
교육,CLD학원,CL,서구
교육,DPA청라캠퍼스학원,DP,서구
교육,E&M아카데미학원,E&,서구
교육,EIE고려대국제어학원검단신도시어학원,EI,서구
교육,EMA학원,EM,서구
교육,EM스터디학원,EM,서구
교육,e해법수학검암1점수학교습소,e해,서구
교육,e해법수학청라센텀수학교습소,e해,서구
교육,G1230풀무질수학전문학원,G1,서구
교육,GG수학교습소,GG,서구
교육,GnB검단어학원,Gn,서구
교육,GnB어학원,Gn,서구
교육,GnB영어전문학원,Gn,서구
교육,IDO(아이디오)국어영어학원,ID,서구
교육,Igse윤선생영어&원서읽기학원,Ig,서구
교육,J&J스터디어학원,J&,서구
교육,J.리스트음악학원,J.,서구
교육,J독서논술교습소,J독,서구
교육,KCM음악학원,KC,서구
교육,K뷰티학원,K뷰,서구
교육,LFAKids-club학원,LF,서구
교육,MOON(문)영어교습소,MO,서구
교육,New광성학원,Ne,서구
교육,PTM영어수학학원,PT,서구
교육,SDA엔쿨학원,SD,서구
교육,YBM리딩클럽검암실용영어교습소,YB,서구
교육,YBM시사잉글루신현브랜치어학원,YB,서구
교육,YBM시사잉글루영어영재검단학원,YB,서구
교육,YBM영어학원,YB,서구
교육,YBM잉글루(engloo)당하학원,YB,서구
교육,가바에듀학원,가바,서구
교육,가우스학원,가우,서구
교육,가정G1230학원,가정,서구
교육,가정동리딩뱅크독서실,가정,서구
교육,가정동차수학학원,가정,서구
교육,가정위너스학원,가정,서구
교육,가정펜탑독서실,가정,서구
교육,가좌3대성학원,가좌,서구
교육,가좌비욘드잉글리쉬어학원,가좌,서구
교육,가좌씨앤씨(C&C)미술학원,가좌,서구
교육,감성놀이터꿈꾸는나무미술교습소,감성,서구
교육,갓에듀학원,갓에,서구
교육,강재호중.고등수학교습소,강재,서구
교육,강한국어학원,강한,서구
교육,건축도장방수기능사F4비자YJ건축학원,건축,서구
교육,검단간호학원,검단,서구
교육,검단국제정상어학원,검단,서구
교육,검단김포새롬공인중개사학원,검단,서구
교육,검단바움국·영·수전문학원,검단,서구
교육,검단씨앤씨(C&C)미술학원,검단,서구
교육,검단와이비엠이씨씨(YBMECC)어학원,검단,서구
교육,검단와이즈만영재학원,검단,서구
교육,검단직업능력개발학원,검단,서구
교육,검단탑학원,검단,서구
교육,검암교연학원,검암,서구
교육,검암김샘수학교습소,검암,서구
교육,검암독서실,검암,서구
교육,검암명품사관학원,검암,서구
교육,검암보습학원,검암,서구
교육,검암엘리트학원,검암,서구
교육,경서대신학원,경서,서구
교육,경서태평해법영어교습소,경서,서구
교육,경서하늘소리음악하늘채미술학원,경서,서구
교육,경서학원,경서,서구
교육,경연EMH학원,경연,서구
교육,경연예종음악학원,경연,서구
교육,경연점해법독서논술교습소,경연,서구
교육,고려수학학원,고려,서구
교육,공감(共感)학원,공감,서구
교육,공감국어교습소,공감,서구
교육,공감플러스학원,공감,서구
교육,공부의발견학원,공부,서구
교육,공부의철인학원,공부,서구
교육,공신에뜰학원,공신,서구
교육,공잘학원,공잘,서구
교육,공터영어엔터스카이학원,공터,서구
교육,공터영어청라어학원,공터,서구
교육,관인뮤직슐레음악학원,관인,서구
교육,관인미솔꽃조경학원,관인,서구
교육,광성학원,광성,서구
교육,교연종합학원,교연,서구
교육,교향음악교육학원,교향,서구
교육,국성국어전문학원,국성,서구
교육,국제뷰티아카데미인천캠퍼스학원,국제,서구
교육,국풍2000청라국어학원,국풍,서구
교육,굿모닝독서실,굿모,서구
교육,굿투그레이트학원,굿투,서구
교육,그린꿈미술학원,그린,서구
교육,그린뮤직컴퍼니음악학원,그린,서구
교육,그린아트스콜레청라미술교습소,그린,서구
교육,그린컴퓨터아트학원,그린,서구
교육,그림나무미술교습소,그림,서구
교육,극동홍익미술교습소,극동,서구
교육,근의공식수학학원,근의,서구
교육,글셈종합학원,글셈,서구
교육,기탄사고력교실루원학원,기탄,서구
교육,기탄사고력교실청라학원,기탄,서구
교육,길운수학교습소,길운,서구
교육,김달훈수학전문학원,김달,서구
교육,김민소학원,김민,서구
교육,김샘학원,김샘,서구
교육,김서윤무용학원,김서,서구
교육,김쌤수학교습소,김쌤,서구
교육,김영애음악학원,김영,서구
교육,김지현음악학원,김지,서구
교육,김현주아카데미영어학원,김현,서구
교육,김현주아카데미학원,김현,서구
교육,꼭대기독서실,꼭대,서구
교육,꼼:수학교습소,꼼:,서구
교육,꼼꼼수학교습소,꼼꼼,서구
교육,꾸메땅학원,꾸메,서구
교육,꿈&선율음악학원,꿈&,서구
교육,꿈꾸는미술관미술교습소,꿈꾸,서구
교육,꿈꾸는쇼팽음악학원,꿈꾸,서구
교육,꿈꾸는피아노음악교습소,꿈꾸,서구
교육,꿈비국어학원,꿈비,서구
교육,나나면접스피치웅변교습소,나나,서구
교육,나노입시미술학원,나노,서구
교육,나눔학원,나눔,서구
교육,나무미술교습소,나무,서구
교육,나비미술교습소,나비,서구
교육,나이스에듀학원,나이,서구
교육,날개수학교습소,날개,서구
교육,남다른M수학학원,남다,서구
교육,내가그린기린그림책학원,내가,서구
교육,네오에듀학원,네오,서구
교육,노랑고래미술교습소,노랑,서구
교육,노블클래스아카데미학원,노블,서구
교육,눈높이가좌한신학원,눈높,서구
교육,눈높이러닝센터가좌건지학원,눈높,서구
교육,눈높이러닝센터가좌월드학원,눈높,서구
교육,눈높이러닝센터당하학원,눈높,서구
교육,눈높이러닝센터마전학원,눈높,서구
교육,눈높이러닝센터서곶학원,눈높,서구
교육,눈높이러닝센터신현학원,눈높,서구
교육,눈높이러닝센터원당학원,눈높,서구
교육,눈높이불로학원,눈높,서구
교육,뉴메이킹코딩학원,뉴메,서구
교육,뉴멘토영어수학전문학원,뉴멘,서구
교육,뉴스타트학원,뉴스,서구
교육,뉴스터디청라1학원,뉴스,서구
교육,뉴스터디학원,뉴스,서구
교육,뉴쥴리어드음악학원,뉴쥴,서구
교육,뉴턴수학학원,뉴턴,서구
교육,늘푸른학원,늘푸,서구
교육,늘푸른홍익플레잉미술피아노학원,늘푸,서구
교육,다니엘실용음악학원,다니,서구
교육,다비드미술다빈치수학학원,다비,서구
교육,다빈치창의수학교습소,다빈,서구
교육,다빛음악학원,다빛,서구
교육,다옴아트센터미술교습소,다옴,서구
교육,다이드뷰티학원,다이,서구
교육,다인에듀학원,다인,서구
교육,닥터피아노(Dr.Piano)학원,닥터,서구
교육,달콤음악학원,달콤,서구
교육,달콤한피아노음악교습소,달콤,서구
교육,달토끼미술교습소,달토,서구
교육,당하시그니처독서실,당하,서구
교육,당하엘리트해법영어교습소,당하,서구
교육,당하차수학학원,당하,서구
교육,당하탑독서실,당하,서구
교육,당하파스칼학원,당하,서구
교육,대교눈높이심곡학원,대교,서구
교육,대동예톤미술교습소,대동,서구
교육,대성학원,대성,서구
교육,대신학원,대신,서구
교육,대치동펜덕스청라영어학원,대치,서구
교육,대치필수학학원,대치,서구
교육,대학코칭학원,대학,서구
교육,댄스플래닛학원,댄스,서구
교육,더(The)재밌는음악학원,더(,서구
교육,더강한수학학원,더강,서구
교육,더배움보습학원,더배,서구
교육,더샾음악학원,더샾,서구
교육,더스트링음악학원,더스,서구
교육,더쎈영어수학학원,더쎈,서구
교육,더쎈영어학원,더쎈,서구
교육,더쎈학원,더쎈,서구
교육,더채움해법영어수학학원,더채,서구
교육,더클래스영수학원,더클,서구
교육,더파스칼수학교습소,더파,서구
교육,더퍼스트영어학원,더퍼,서구
교육,더피아노(ThePiano)음악교습소,더피,서구
교육,더피아니스트(THEPIANIST)음악학원,더피,서구
교육,더함미술교습소,더함,서구
교육,델타수학교습소,델타,서구
교육,도담음악학원,도담,서구
교육,도레미음악학원,도레,서구
교육,도레미피아노음악학원,도레,서구
교육,도희음악학원,도희,서구
교육,독한아이들학원,독한,서구
교육,돌파수학교습소,돌파,서구
교육,동경EJU외국어학원,동경,서구
교육,동방(東方)중국어학원,동방,서구
교육,두나미스·아소비루원센터학원,두나,서구
교육,두둥드럼교습소,두둥,서구
교육,두드림키즈스피치학원,두드,서구
교육,두들아트미술교습소,두들,서구
교육,두산위브삼성영어쎈수학학원,두산,서구
교육,두잉창의코딩학원,두잉,서구
교육,드림153음악학원,드림,서구
교육,드림에듀케이션(Dream Education)학원,드림,서구
교육,드림음악학원,드림,서구
교육,드림중국어학원,드림,서구
교육,든든수학학원,든든,서구
교육,들결영어교습소,들결,서구
교육,디자인명문입시피플미술학원,디자,서구
교육,디자인클릭미술교습소,디자,서구
교육,디케이실용음악학원,디케,서구
교육,디티매쓰(DTmath)수학교습소,디티,서구
교육,뜨인돌피아노학원,뜨인,서구
교육,띵킹에스엘피(Thinking SLP)학원,띵킹,서구
교육,라딕스수학전문학원,라딕,서구
교육,라라아트미술학원,라라,서구
교육,라라피아노음악교습소,라라,서구
교육,라렌느발레학원,라렌,서구
교육,라메종플라워꽃예술학원,라메,서구
교육,라미기타드럼학원,라미,서구
교육,라보떼발레학원,라보,서구
교육,라엘바이올린교습소,라엘,서구
교육,라엘실용음악학원,라엘,서구
교육,라온제나뮤직아카데미학원,라온,서구
교육,라움미술교습소,라움,서구
교육,라이튼수학학원,라이,서구
교육,러닝트리학원,러닝,서구
교육,러셀스터디학원,러셀,서구
교육,레터랜드(Letter land)영어교습소,레터,서구
교육,로뎀음악학원,로뎀,서구
교육,로드맵수학학원,로드,서구
교육,로맨틱바이올린교습소,로맨,서구
교육,로씨니음악학원,로씨,서구
교육,로얄음악학원,로얄,서구
교육,로이수학학원,로이,서구
교육,로이스아트(Loisart)미술교습소,로이,서구
교육,로제타스톤어학원,로제,서구
교육,로제타스톤영어가정학원,로제,서구
교육,로제타스톤청라1단지영어학원,로제,서구
교육,로제타스톤청라2단지고려E&M학원,로제,서구
교육,로지컬아이디어(Logical Idea)디베이트수학전문학원,로지,서구
교육,루디스어학원,루디,서구
교육,루원대성학원,루원,서구
교육,루원로드맵수학학원,루원,서구
교육,루원음악미술학원,루원,서구
교육,루원이세돌바둑학원,루원,서구
교육,루체테어학원,루체,서구
교육,루트탑수학과학학원,루트,서구
교육,루트탑수학학원,루트,서구
교육,루트탑학원,루트,서구
교육,룩스학원,룩스,서구
교육,리더N팀학원,리더,서구
교육,리드(LEAD)5영어학원,리드,서구
교육,리드앤톡영어교습소,리드,서구
교육,리드인엘리온학원,리드,서구
교육,리드인청라독서논술학원,리드,서구
교육,리딩뱅크독서실,리딩,서구
교육,리베음악학원,리베,서구
교육,리본에듀학원,리본,서구
교육,리체움독서실,리체,서구
교육,리체움학원,리체,서구
교육,리틀쇼팽음악학원,리틀,서구
교육,리틀스콜라영어학원,리틀,서구
교육,리틀지니어스학원,리틀,서구
교육,리틀피카소미술교습소,리틀,서구
교육,링구아멘토학원,링구,서구
교육,링링차이니즈중국어교습소,링링,서구
교육,링키커낼웨이센터영어교습소,링키,서구
교육,마루한Institute학원,마루,서구
교육,마리뮤직음악교습소,마리,서구
교육,마스터실용음악학원,마스,서구
교육,마음이따스한아이들학원,마음,서구
교육,마이아트미술교습소,마이,서구
교육,마전수학학원,마전,서구
교육,마중물국어학원,마중,서구
교육,맑은샘음악미술학원,맑은,서구
교육,매쓰탑(MathTop)학원,매쓰,서구
교육,매쓰플랜수학청라학원,매쓰,서구
교육,매쓰홀릭X루체테학원,매쓰,서구
교육,매일독서실,매일,서구
교육,맥쓰영수학원,맥쓰,서구
교육,맨투맨교육수학교습소,맨투,서구
교육,맨투맨교육영어교습소,맨투,서구
교육,메가수학학원,메가,서구
교육,메이드영어학원,메이,서구
교육,메이플클래스학원,메이,서구
교육,메이플힐스(MapleHills)영어학원,메이,서구
교육,멘사SG지니어스학원,멘사,서구
교육,멘토르학원,멘토,서구
교육,멘토수학전문학원,멘토,서구
교육,멘토수학학원,멘토,서구
교육,명문학원,명문,서구
교육,명색소폰학원,명색,서구
교육,명석학원,명석,서구
교육,명성독서실,명성,서구
교육,명율음악교습소,명율,서구
교육,모나아트스튜디오미술학원,모나,서구
교육,모두의바람학원,모두,서구
교육,모차르트음악학원,모차,서구
교육,목동MS수학학원,목동,서구
교육,목동에듀학원,목동,서구
교육,목선생영어교습소,목선,서구
교육,몬스터국영수학원,몬스,서구
교육,몰입영수학원,몰입,서구
교육,몽당연필학원,몽당,서구
교육,무결수학학원,무결,서구
교육,무결학원,무결,서구
교육,무지개음악미술학원,무지,서구
교육,무지개음악학원,무지,서구
교육,문화수학교습소,문화,서구
교육,뮤아센미술가좌센터학원,뮤아,서구
교육,뮤엠영어경서점영어교습소,뮤엠,서구
교육,뮤엠영어경연영어교습소,뮤엠,서구
교육,뮤엠영어교습소,뮤엠,서구
교육,뮤엠영어당하캠퍼스학원,뮤엠,서구
교육,뮤엠영어루원시티영어교습소,뮤엠,서구
교육,뮤엠영어완정스트릿점영어교습소,뮤엠,서구
교육,뮤엠영어청라영어교습소,뮤엠,서구
교육,뮤엠영어풍경채캠퍼스영어교습소,뮤엠,서구
교육,뮤엠영어플라톤스터디영어교습소,뮤엠,서구
교육,뮤엠영어학원,뮤엠,서구
교육,뮤엠영어해원점영어교습소,뮤엠,서구
교육,뮤즈음악미술학원,뮤즈,서구
교육,뮤즈음악학원,뮤즈,서구
교육,뮤직슐레바이올린교습소,뮤직,서구
교육,미다스수학교습소,미다,서구
교육,미라클1%영어교습소,미라,서구
교육,미래인재수학과학학원,미래,서구
교육,미선댄스스튜디오학원,미선,서구
교육,미세스키가좌실용영어교습소,미세,서구
교육,미술관숙제미술교습소,미술,서구
교육,미술로인재가자라나는땅미술교습소,미술,서구
교육,미술의숲학원,미술,서구
교육,미카엘음악학원,미카,서구
교육,민기타교습소,민기,서구
교육,바다국어교습소,바다,서구
교육,바디라인스튜디오학원,바디,서구
교육,바른교육논술학원,바른,서구
교육,바른교육학원,바른,서구
교육,바른서가논술학원,바른,서구
교육,바울피아노교습소,바울,서구
교육,박규리학원,박규,서구
교육,박병철과학학원,박병,서구
교육,반달미술교습소,반달,서구
교육,반올림음악학원,반올,서구
교육,방과후1교시학원,방과,서구
교육,백인백색로드맵학원,백인,서구
교육,버디푸르넷아카데미학원,버디,서구
교육,베르디논술교습소,베르,서구
교육,베르디음악학원,베르,서구
교육,베리타스학원,베리,서구
교육,베키(Becky)영어교습소,베키,서구
교육,별그린피아노교습소,별그,서구
교육,별빛피아노음악교습소,별빛,서구
교육,본수학교습소,본수,서구
교육,볼쇼이발레학원,볼쇼,서구
교육,부밀리창의교육학원,부밀,서구
교육,부흥학원,부흥,서구
교육,북숲독서실,북숲,서구
교육,불로이엠플러스학원,불로,서구
교육,불로잉글리쉬무무보습학원,불로,서구
교육,불로종로엠학원,불로,서구
교육,브레인플러스수학학원,브레,서구
교육,블레싱(Blessing)음악학원,블레,서구
교육,비바영어교습소,비바,서구
교육,비발디피아노음악학원,비발,서구
교육,비상매쓰캔원당학원,비상,서구
교육,비상심포니학원,비상,서구
교육,비상잉글리시아이빨간펜수학의달인학원,비상,서구
교육,비스타(BESTAR)영어학원,비스,서구
교육,비아트(B-ART)미술교습소,비아,서구
교육,비엔나음악학원,비엔,서구
교육,비온탑영수학원,비온,서구
교육,비욘드어드밴스트(Beyond Advanced)당하학원,비욘,서구
교육,비욘드잉글리쉬(오류·왕길캠퍼스)학원,비욘,서구
교육,비원아카데미학원,비원,서구
교육,비원에듀학원,비원,서구
교육,비전수학교습소,비전,서구
교육,비토영어학원,비토,서구
교육,비트특목학원,비트,서구
교육,빅뱅영어교습소,빅뱅,서구
교육,빅브러쉬디지털미술학원,빅브,서구
교육,빈음악학원,빈음,서구
교육,빌리잉글리시(BILLY ENGLISH)어학원,빌리,서구
교육,빡센수학교습소,빡센,서구
교육,뿌리국어학원,뿌리,서구
교육,쁘띠음악학원,쁘띠,서구
교육,사고력수학소마학원,사고,서구
교육,사랑가득음악교습소,사랑,서구
교육,사랑하는우리음악학원,사랑,서구
교육,삼성리더스학원,삼성,서구
교육,삼성영어·일대이수학소명학원,삼성,서구
교육,삼성영어검단이편한세상교실영어교습소,삼성,서구
교육,삼성영어검단학원,삼성,서구
교육,삼성영어마전힐학원,삼성,서구
교육,삼성영어멘토수학불로학원,삼성,서구
교육,삼성영어발산교실영어교습소,삼성,서구
교육,삼성영어베스트수학학원,삼성,서구
교육,삼성영어정일학원,삼성,서구
교육,삼성영어제네시스학원,삼성,서구
교육,삼성영어초은교실학원,삼성,서구
교육,삼성중장비운전학원,삼성,서구
교육,삼희바둑학원,삼희,서구
교육,상명음악학원,상명,서구
교육,상명피아노음악교습소,상명,서구
교육,상상+미술학원,상상,서구
교육,상상톡톡미술교습소,상상,서구
교육,상상톡톡미술학원,상상,서구
교육,상위권영어루원씨티점학원,상위,서구
교육,상위권영어학원,상위,서구
교육,상지2관학원,상지,서구
교육,상지학원,상지,서구
교육,새성심미술교습소,새성,서구
교육,새성심음악학원,새성,서구
교육,새예원미술교습소,새예,서구
교육,새하늘소리음악학원,새하,서구
교육,새하은음악학원,새하,서구
교육,생각나무미술학원,생각,서구
교육,생각의숲수학교습소,생각,서구
교육,생각하는황소학원,생각,서구
교육,서구간호학원,서구,서구
교육,서구대한논리속독학원,서구,서구
교육,서구창조의아침미술학원,서구,서구
교육,서구청라씨앤씨(C&C)미술학원,서구,서구
교육,서구큰나무독서실,서구,서구
교육,서부연세컴퓨터학원,서부,서구
교육,서술형영작영어교습소,서술,서구
교육,서술형창의수학교습소,서술,서구
교육,서연수학교습소,서연,서구
교육,서울두잇학원,서울,서구
교육,서울학원,서울,서구
교육,서울한맥보습학원,서울,서구
교육,서인천간호학원,서인,서구
교육,서인천음악학원,서인,서구
교육,서인천컴퓨터학원,서인,서구
교육,서일어학원,서일,서구
교육,서현학원,서현,서구
교육,석남모짜르트음악학원,석남,서구
교육,석남숲미술학원,석남,서구
교육,선율음악학원,선율,서구
교육,선택과집중학원,선택,서구
교육,선택수학교습소,선택,서구
교육,선하학원,선하,서구
교육,성문보습학원,성문,서구
교육,성지학원,성지,서구
교육,세가영어학원,세가,서구
교육,세아랑음악학원,세아,서구
교육,세종유니버설무용학원,세종,서구
교육,세종제이댄스학원,세종,서구
교육,셀라아트미술교습소,셀라,서구
교육,셀라음악학원,셀라,서구
교육,셀뮤직음악교습소,셀뮤,서구
교육,셀파우등생교실학원,셀파,서구
교육,셀파우등생해봄학원,셀파,서구
교육,셀파학원,셀파,서구
교육,소리뜰음악교습소,소리,서구
교육,소리사랑피아노교습소,소리,서구
교육,소미미술교습소,소미,서구
교육,소중희영어교습소,소중,서구
교육,손으로그리는세상미술학원,손으,서구
교육,솔라피데음악학원,솔라,서구
교육,솔로몬영재학원,솔로,서구
교육,솔루니원당논술교습소,솔루,서구
교육,솔리드음악학원,솔리,서구
교육,솔빛음악학원,솔빛,서구
교육,송곳에듀4관더코칭학원,송곳,서구
교육,송수학학원,송수,서구
교육,송준영수전문학원,송준,서구
교육,쇼팽음악교습소,쇼팽,서구
교육,수박수학교습소,수박,서구
교육,수플루트교습소,수플,서구
교육,수학날다보습학원,수학,서구
교육,수학보호구역학원,수학,서구
교육,수학에반하다보습학원,수학,서구
교육,수학여우청라4수학교습소,수학,서구
교육,수학여행수학교습소,수학,서구
교육,수학영재만들기수학의필학원,수학,서구
교육,수학의달인신현대성점수학교습소,수학,서구
교육,수학의힘학원,수학,서구
교육,수학전문교실이쌤수학교습소,수학,서구
교육,수현피아노교습소,수현,서구
교육,숙명뮤즈피아노음악교습소,숙명,서구
교육,숙명수학교습소,숙명,서구
교육,숲미술학원,숲미,서구
교육,숲아트미술교습소,숲아,서구
교육,스꼴라수학교습소,스꼴,서구
교육,스꼴라영어교습소,스꼴,서구
교육,스마일아트(SmileArt)미술교습소,스마,서구
교육,스마트바둑학원,스마,서구
교육,스마트보카고등전문학원,스마,서구
교육,스마트보카청라센터학원,스마,서구
교육,스마트차샘학원,스마,서구
교육,스마트해법수학교습소,스마,서구
교육,스마트해법수학이루리학원,스마,서구
교육,스마트해법영어지젤엠영어교습소,스마,서구
교육,스카이(SKY)영어학원,스카,서구
교육,스카이영어교습소,스카,서구
교육,스카이은지초점한솔+영어교습소,스카,서구
교육,스카이젠학원,스카,서구
교육,스칸디아트학원,스칸,서구
교육,스터디케어학원,스터,서구
교육,스터디플래닛인천마전센터독서실,스터,서구
교육,스터디플렉스독서실,스터,서구
교육,스페이스아트미술학원,스페,서구
교육,신명바로크미술교습소,신명,서구
교육,신명바로크음악학원,신명,서구
교육,신미성음악학원,신미,서구
교육,신석보습학원,신석,서구
교육,신현e-해법수학교습소,신현,서구
교육,신현엠베스트SE학원,신현,서구
교육,신현위너스학원,신현,서구
교육,신현이아이이(EIE)어학원,신현,서구
교육,신현한샘학원,신현,서구
교육,쌤셈수학교습소,쌤셈,서구
교육,쎈수학1018수학전문학원,쎈수,서구
교육,쏘나레음악교습소,쏘나,서구
교육,쏘아베음악학원,쏘아,서구
교육,씨너지학원,씨너,서구
교육,씨앤씨(CNC)국어영어학원,씨앤,서구
교육,씨엔씨(CNC)수학과학학원,씨엔,서구
교육,씨엘에스(CLS)어학원,씨엘,서구
교육,씨엠에스(CMS)청라영재학원,씨엠,서구
교육,아담리즈수학학원,아담,서구
교육,아담스이엔엠(Adam`sE&M)학원,아담,서구
교육,아라수학영어학원,아라,서구
교육,아라음악교습소,아라,서구
교육,아르케학원,아르,서구
교육,아리엘아카데미음악교습소,아리,서구
교육,아발론랭콘청라어학원,아발,서구
교육,아소비검암센터학원,아소,서구
교육,아소비원당센터학원,아소,서구
교육,아소비청라스퀘어학원,아소,서구
교육,아소비청라지젤엠학원,아소,서구
교육,아슬란에듀펜덕스토스학원,아슬,서구
교육,아이놀터학원,아이,서구
교육,아이비실용음악청라커낼웨이캠퍼스학원,아이,서구
교육,아이비음악학원,아이,서구
교육,아이비티(IBT)잉글리쉬 팔(English Pal)가좌영어교습소,아이,서구
교육,아이스크림홈런스마트학습센터아라학원,아이,서구
교육,아이씨에스어학원,아이,서구
교육,아이씨에스키즈어학원,아이,서구
교육,아이엔피색소폰학원,아이,서구
교육,아이엘음악학원,아이,서구
교육,아이와그림책미술교습소,아이,서구
교육,아이윌음악학원,아이,서구
교육,아이유영어수학전문학원,아이,서구
교육,아이이엘씨(IELC)어학원,아이,서구
교육,아이콘로봇과학학원,아이,서구
교육,아이피플미술학원,아이,서구
교육,아크로수학과학영재학원,아크,서구
교육,아크로특목수학학원,아크,서구
교육,아테나에듀학원,아테,서구
교육,아토즈(ATOZ)학원,아토,서구
교육,아트(ART)&퍼니(FUNNY)미술학원,아트,서구
교육,아트노리미술학원,아트,서구
교육,아트랩미술학원,아트,서구
교육,아트비미술교습소,아트,서구
교육,아트빈미술학원,아트,서구
교육,아트아이학원,아트,서구
교육,아트앤하트(art&heart)인천청라센텀미술교습소,아트,서구
교육,아트앤하트미술학원,아트,서구
교육,아트잇초이미술학원,아트,서구
교육,아트톡톡미술학원,아트,서구
교육,아트피아노교습소,아트,서구
교육,아트피플2관미술학원,아트,서구
교육,아트피플미술학원,아트,서구
교육,압구정명문학원,압구,서구
교육,앙팡드파리미술학원,앙팡,서구
교육,앙팡드파리청라초점미술학원,앙팡,서구
교육,애니스페이스애니메이션교습소,애니,서구
교육,애플수학학원,애플,서구
교육,애플피아노음악학원,애플,서구
교육,양우언어논술학원,양우,서구
교육,양희정수학학원,양희,서구
교육,어린음악대어린화가들이음원음악미술학원,어린,서구
교육,어바웃영어학원,어바,서구
교육,어썸팩토리프리미엄독서실,어썸,서구
교육,어울놀이에듀아이학원,어울,서구
교육,어제보다나은수학교습소,어제,서구
교육,언아더(Another)잉글리쉬영어교습소,언아,서구
교육,언해담국어학원,언해,서구
교육,얼리버드영어교습소,얼리,서구
교육,얼바인영어전문학원,얼바,서구
교육,얼바인특목영어학원,얼바,서구
교육,에듀아이학원,에듀,서구
교육,에듀코치개별지도청라2관학원,에듀,서구
교육,에듀코치개별지도청라학원,에듀,서구
교육,에듀터학원,에듀,서구
교육,에바다영어교습소,에바,서구
교육,에세이마스터잉글리쉬어학원,에세,서구
교육,에스더리음악학원,에스,서구
교육,에스디(SD)고등전문학원,에스,서구
교육,에스디지(SDG)영어교습소,에스,서구
교육,에스엘프라임학원,에스,서구
교육,에이스(ACE)영어학원,에이,서구
교육,에이스영수학원,에이,서구
교육,에이시스영어학원,에이,서구
교육,에이와이뮤지컬학원,에이,서구
교육,에이치엠(HM)차이나어학원,에이,서구
교육,에이펙스(APEX)보습학원,에이,서구
교육,에일린무용학원,에일,서구
교육,에프엑스수학교습소,에프,서구
교육,엘렌아카데미학원,엘렌,서구
교육,엘리영어학원,엘리,서구
교육,엘리음악학원,엘리,서구
교육,엘리의국제학원,엘리,서구
교육,엘린음악교습소,엘린,서구
교육,엘앤에스영수학원,엘앤,서구
교육,엠베스트SE학원,엠베,서구
교육,엠스카이학원,엠스,서구
교육,엠스터디실용영어교습소,엠스,서구
교육,엠앤디수학교습소,엠앤,서구
교육,여람음악학원,여람,서구
교육,역전타(Edu)학원,역전,서구
교육,연세바움(Baum)영어보습학원,연세,서구
교육,연세빌드업학원,연세,서구
교육,연세엘림음악학원,연세,서구
교육,연세와이티(YT)어학원,연세,서구
교육,연세이화음악학원,연세,서구
교육,연세줄리어드음악학원,연세,서구
교육,연세청라학원,연세,서구
교육,연세피아노학원,연세,서구
교육,연음악학원,연음,서구
교육,연희한샘학원,연희,서구
교육,열음수학학원,열음,서구
교육,영렘브란트청라국제센터학원,영렘,서구
교육,영어공작소학원,영어,서구
교육,영어에반하다학원,영어,서구
교육,예가람더함미술교습소,예가,서구
교육,예가람음악학원,예가,서구
교육,예든음악학원,예든,서구
교육,예쁜손음악학원,예쁜,서구
교육,예손음악학원,예손,서구
교육,예술인미술교습소,예술,서구
교육,예술인음악학원,예술,서구
교육,예스영어학원,예스,서구
교육,예원아마데우스음악학원,예원,서구
교육,예원음악학원,예원,서구
교육,예원피아노음악학원,예원,서구
교육,예은음악교습소,예은,서구
교육,예음음악원교습소,예음,서구
교육,예음음악학원,예음,서구
교육,예인음악학원,예인,서구
교육,예일미술학원,예일,서구
교육,예일음악학원,예일,서구
교육,예종음악학원,예종,서구
교육,예종피아노교습소,예종,서구
교육,예크힐음악교습소,예크,서구
교육,오브제아뜰리에미술학원,오브,서구
교육,오샘수학교습소,오샘,서구
교육,오지영음악학원,오지,서구
교육,온더데스크독서실,온더,서구
교육,올림수학학원,올림,서구
교육,올림피아수학교습소,올림,서구
교육,올뮤직(ALLMUSIC)음악학원,올뮤,서구
교육,올인학원,올인,서구
교육,와와학습코칭청라학원,와와,서구
교육,와이비엠(YBM)&1등급수학학원,와이,서구
교육,와이비엠(YBM)잉글루가정학원,와이,서구
교육,와이비엠시매쓰(YBMCMath)청라학원,와이,서구
교육,와이즈(WISE)프리미엄독서실,와이,서구
교육,와이즈만영재교육학원,와이,서구
교육,와이즈에듀학원,와이,서구
교육,와이키즈학원,와이,서구
교육,완정댄스스포츠학원,완정,서구
교육,왈츠음악학원,왈츠,서구
교육,왓슨어학원,왓슨,서구
교육,용수학학원,용수,서구
교육,우단비학원,우단,서구
교육,우등생수학교습소,우등,서구
교육,우리학원,우리,서구
교육,웅진북클럽학습센터가정학원,웅진,서구
교육,웅진북클럽학습센터당하학원,웅진,서구
교육,웅진북클럽학습센터청라학원,웅진,서구
교육,웅진스마트중등학원마전학원,웅진,서구
교육,웅진씽크빅학습센터마전학원,웅진,서구
교육,원국어교습소,원국,서구
교육,원당JL학원,원당,서구
교육,원당세움학원,원당,서구
교육,원당예일음악학원,원당,서구
교육,원당이제마독서실,원당,서구
교육,원당점더재밌는음악학원,원당,서구
교육,원당종로엠스쿨영어수학전문학원,원당,서구
교육,원당컴퓨터학원,원당,서구
교육,원당파스칼학원,원당,서구
교육,원당페르마수학학원,원당,서구
교육,원색소폰학원,원색,서구
교육,원스음악교습소,원스,서구
교육,원스탑영어학원,원스,서구
교육,원탑학원,원탑,서구
교육,월드지앤비(GnB)학원,월드,서구
교육,웨이바리스타아카데미학원,웨이,서구
교육,웰틴국제스쿨어학원,웰틴,서구
교육,위(we)리더스학원,위(,서구
교육,위너스학원,위너,서구
교육,위드니잉글리쉬영어교습소,위드,서구
교육,위드비영어학원,위드,서구
교육,위드플룻음악교습소,위드,서구
교육,위라클스터디학원,위라,서구
교육,위스트수학교습소,위스,서구
교육,위스트학원,위스,서구
교육,위즈에듀학원,위즈,서구
교육,위캔두영어교습소,위캔,서구
교육,위플러스학원,위플,서구
교육,윙스턴영수학원,윙스,서구
교육,유베스트랜선학원,유베,서구
교육,유원학원,유원,서구
교육,유캔수학교습소,유캔,서구
교육,유투엠수학학원,유투,서구
교육,윤선생IGSE아카데미인천원당학원,윤선,서구
교육,윤선생서구동부학원,윤선,서구
교육,윤선생영어교실신현보습학원,윤선,서구
교육,윤선생우리집앞영어교실석남월드영어교습소,윤선,서구
교육,윤선생우리집앞영어교실오류학원,윤선,서구
교육,윤수학전문학원,윤수,서구
교육,은여울피아노학원,은여,서구
교육,이능학원,이능,서구
교육,이도학원,이도,서구
교육,이루다수학교습소,이루,서구
교육,이병우수학교습소,이병,서구
교육,이보영의토킹클럽제임스영수학원,이보,서구
교육,이보영토킹클럽청라학원,이보,서구
교육,이선생영수학원,이선,서구
교육,이성율논술교습소,이성,서구
교육,이세돌바둑학원,이세,서구
교육,이솝피아노학원,이솝,서구
교육,이쌤수학교습소,이쌤,서구
교육,이쓰리(E3)원어민어학원,이쓰,서구
교육,이아이에스(E.I.S)학원,이아,서구
교육,이아이이(EiE)고대어학원가정어학원,이아,서구
교육,이아이이(EIE)고려대학교국제어학원마전어학원,이아,서구
교육,이아이이(EIE)고려대학교국제어학원청라국제영어학원,이아,서구
교육,이엠(EM)영어학원,이엠,서구
교육,이엠케이스터디학원,이엠,서구
교육,이용우영어학원,이용,서구
교육,이은경뮤직슐레학원,이은,서구
교육,이재식국어학원,이재,서구
교육,이제이커피학원,이제,서구
교육,이지댄스학원,이지,서구
교육,이지라이프라라발레탄츠학원,이지,서구
교육,이지앤강영어수학학원,이지,서구
교육,이지피아노학원,이지,서구
교육,이텀교육학원,이텀,서구
교육,이투스247인천청라학원,이투,서구
교육,이폴리어학원,이폴,서구
교육,이화뮤즈음악학원,이화,서구
교육,이화秀음악학원,이화,서구
교육,이화아르떼음악학원,이화,서구
교육,이화영어전문학원,이화,서구
교육,이환수학학원,이환,서구
교육,익선수학학원,익선,서구
교육,인싸이트(insight)학원,인싸,서구
교육,인에스학원,인에,서구
교육,인잉글리쉬영어교습소,인잉,서구
교육,인재원학원,인재,서구
교육,인천IT직업능력개발학원,인천,서구
교육,인천가좌점작심독서실,인천,서구
교육,인천건설기술전문학원,인천,서구
교육,인천검단점작심독서실,인천,서구
교육,인천김단중국어학원,인천,서구
교육,인천목마름목공학원,인천,서구
교육,인천서구원당러닝센터학원,인천,서구
교육,인천월드요리학원,인천,서구
교육,인천정석학원,인천,서구
교육,인천청라실용음악학원,인천,서구
교육,인천청라에이닷영어학원,인천,서구
교육,인천청라점작심독서실,인천,서구
교육,인천케이이에스(KES)수학전문학원,인천,서구
교육,인천현대중장비운전학원,인천,서구
교육,일대일영어중국어학원,일대,서구
교육,임글리쉬영어교습소,임글,서구
교육,임마누엘음악학원,임마,서구
교육,임마누엘학원,임마,서구
교육,임선미화실미술교습소,임선,서구
교육,임수연하늘소리음악학원,임수,서구
교육,임승문기타전문학원,임승,서구
교육,입시전문디데이(Dday)미술학원,입시,서구
교육,잇올스파르타관리형프리미엄독서실,잇올,서구
교육,잇올스파르타독학재수학원,잇올,서구
교육,잉글리쉬무무강한수학학원,잉글,서구
교육,잉글리시아이루원영어교습소,잉글,서구
교육,잉글리시아이석남1점영어교습소,잉글,서구
교육,잉글리시아이청라미라클캠퍼스학원,잉글,서구
교육,자작나무미술학원,자작,서구
교육,작가들의이야기미술학원,작가,서구
교육,잡싱크용접학원,잡싱,서구
교육,정상제이엘에스어학원,정상,서구
교육,정샘학원,정샘,서구
교육,정송리더스학원,정송,서구
교육,정용수국어교습소,정용,서구
교육,정우철수학교습소,정우,서구
교육,제3분석수학학원,제3,서구
교육,제나영어교습소,제나,서구
교육,제노버스음악학원,제노,서구
교육,제니(JENNY)영어정수학학원,제니,서구
교육,제니쌤영어교습소,제니,서구
교육,제레미영어교습소,제레,서구
교육,제시카고등영어학원,제시,서구
교육,제이(J)영어수학전문학원,제이,서구
교육,제이앤케이실용음악학원,제이,서구
교육,제이원영어학원,제이,서구
교육,제이원학원,제이,서구
교육,제이음악교습소,제이,서구
교육,제이투해밀학원,제이,서구
교육,제이피아트실용음악학원,제이,서구
교육,제트기타교습소,제트,서구
교육,제피오만화학원,제피,서구
교육,조안나의엄마표영어교습소,조안,서구
교육,조엘오스틴해법영어교습소,조엘,서구
교육,조이음악학원,조이,서구
교육,종로엠스쿨11월에웃는아이들학원,종로,서구
교육,종로학원하늘교육청라학원,종로,서구
교육,죠앤스북클럽(JBC)영어학원,죠앤,서구
교육,죠이중국어교습소,죠이,서구
교육,주니어에이스수학학원,주니,서구
교육,주니퍼실용음악학원,주니,서구
교육,주스(Joo`s English)영어교습소,주스,서구
교육,준학원,준학,서구
교육,줄리어드음악학원,줄리,서구
교육,줄리어드피아노교습소,줄리,서구
교육,중등와이즈만씨앤아이(CNI)학원,중등,서구
교육,중앙대피아노교습소,중앙,서구
교육,중앙뮤즈음악학원,중앙,서구
교육,중앙에이플러스가좌학원,중앙,서구
교육,지니어스어학원,지니,서구
교육,지스터디독서실,지스,서구
교육,지앤비(GnB)간재울어학원,지앤,서구
교육,지앤비글로리학원,지앤,서구
교육,지앤비정일학원,지앤,서구
교육,지에스아이헬렌도론어학원,지에,서구
교육,지엠아이어학원,지엠,서구
교육,지예피아노학원,지예,서구
교육,지티(GT)아카데미학원,지티,서구
교육,지티마미술교습소,지티,서구
교육,진명학원,진명,서구
교육,진심이교육하는학원,진심,서구
교육,차오름논술교습소,차오,서구
교육,차오름에듀검단학원,차오,서구
교육,차오름영어학원,차오,서구
교육,차원이다른영어교습소,차원,서구
교육,차이코프스키음악학원,차이,서구
교육,차차영어학원,차차,서구
교육,참빛음악교습소,참빛,서구
교육,참소리음악학원,참소,서구
교육,창조의빛미술학원,창조,서구
교육,채움학원,채움,서구
교육,책읽기와글쓰기리딩엠검단원당학원,책읽,서구
교육,책읽기와글쓰기리딩엠청라학원,책읽,서구
교육,책읽는루브르아뜰리에미술학원,책읽,서구
교육,챕터채트영어학원,챕터,서구
교육,천재학원,천재,서구
교육,청라G1230학원,청라,서구
교육,청라PK영어수학학원,청라,서구
교육,청라국제브랜치청담어학원,청라,서구
교육,청라국제캠퍼스엠베스트학원,청라,서구
교육,청라나무미술학원,청라,서구
교육,청라도담셀파교실수학교습소,청라,서구
교육,청라라엘음악학원,청라,서구
교육,청라라이즈어학원,청라,서구
교육,청라레이크블루뮤엠영어교습소,청라,서구
교육,청라로뎀음악학원,청라,서구
교육,청라로드맵수학학원,청라,서구
교육,청라리만수학영어학원,청라,서구
교육,청라메이커스(Makers)학원,청라,서구
교육,청라명인학원,청라,서구
교육,청라뮤즈음악학원,청라,서구
교육,청라미라클어학원,청라,서구
교육,청라바른국어학원,청라,서구
교육,청라반디과학교습소,청라,서구
교육,청라브레노스학원,청라,서구
교육,청라소리나무음악학원,청라,서구
교육,청라소리엘방송댄스학원,청라,서구
교육,청라소리엘음악학원,청라,서구
교육,청라소마사고력수학학원,청라,서구
교육,청라스마트러닝센터학원,청라,서구
교육,청라스즈키음악학원,청라,서구
교육,청라씨앤씨(C&C)미술학원,청라,서구
교육,청라아트피플미술학원,청라,서구
교육,청라에스엘피(SLP)어학원,청라,서구
교육,청라에이프릴어학원,청라,서구
교육,청라연기교습소,청라,서구
교육,청라연세영어학원,청라,서구
교육,청라연세학원,청라,서구
교육,청라영어수학학원,청라,서구
교육,청라요미요미학원,청라,서구
교육,청라음악미술무용예술종합학원,청라,서구
교육,청라정상어학원,청라,서구
교육,청라정철어학원,청라,서구
교육,청라제피오만화학원,청라,서구
교육,청라종로엠스쿨학원,청라,서구
교육,청라진수학학원,청라,서구
교육,청라창조의아침미술학원,청라,서구
교육,청라캠퍼스세계로학원,청라,서구
교육,청라클라스독서실,청라,서구
교육,청라클라스학습관리센터학원,청라,서구
교육,청라탑(TOP)영어교습소,청라,서구
교육,청라페르마학원,청라,서구
교육,청라푸딩미술학원,청라,서구
교육,청라프라이드(Pride)학원,청라,서구
교육,청라프라임학원,청라,서구
교육,청라필아트학원,청라,서구
교육,청라하엘음악학원,청라,서구
교육,청라하이스트학원,청라,서구
교육,청라하이츠영수학원,청라,서구
교육,청라한신음악학원,청라,서구
교육,청라해법수학뮤엠영어학원,청라,서구
교육,청라해법영어학원,청라,서구
교육,청라헨델음악학원,청라,서구
교육,청라현수학2관학원,청라,서구
교육,청라현수학학원,청라,서구
교육,청람교실삼성영어교습소,청람,서구
교육,청람리드앤톡원서전문학원,청람,서구
교육,청람음악학원,청람,서구
교육,청람잉글리쉬(English)학원,청람,서구
교육,청람학원,청람,서구
교육,청마독서실,청마,서구
교육,청연에듀학원,청연,서구
교육,청연영어수학전문학원,청연,서구
교육,청파학원,청파,서구
교육,초원음악교습소,초원,서구
교육,초이스수학전문학원,초이,서구
교육,최강국영수학원,최강,서구
교육,최강수학교습소,최강,서구
교육,최강에듀학원,최강,서구
교육,최강학원,최강,서구
교육,최스음악학원,최스,서구
교육,최지아피아노교습소,최지,서구
교육,최지유음악학원,최지,서구
교육,춤누리무용학원,춤누,서구
교육,치즈잉글리쉬영어교습소,치즈,서구
교육,칸타빌레피아노학원,칸타,서구
교육,캘빈스잉글리쉬(KELVIN`S English)영어교습소,캘빈,서구
교육,캠브리지학원,캠브,서구
교육,컬러몽실용음악학원,컬러,서구
교육,케이엔비(KNB)발레학원,케이,서구
교육,케이케이에스헤어학원,케이,서구
교육,코딩놀자코딩교습소,코딩,서구
교육,코코스터디독서실,코코,서구
교육,콰이러중국어학원,콰이,서구
교육,쿠나미술학원,쿠나,서구
교육,쿠잉뮤직음악학원,쿠잉,서구
교육,퀸즈모아뷰티학원,퀸즈,서구
교육,큰뜻학원,큰뜻,서구
교육,클라비어음악학원,클라,서구
교육,클랑음악학원,클랑,서구
교육,클릭미술학원,클릭,서구
교육,키미아트미술학원,키미,서구
교육,키움학원,키움,서구
교육,키즈닥터청라학원,키즈,서구
교육,키즈스피치마루지학원,키즈,서구
교육,키즈아트클래스콩미술교습소,키즈,서구
교육,키즈클럽어학원,키즈,서구
교육,타임국영수학원,타임,서구
교육,탄츠&발레무용학원,탄츠,서구
교육,탐탐스터디꽃피다학원,탐탐,서구
교육,탑스터디학원,탑스,서구
교육,탑엘리트영수학원,탑엘,서구
교육,탑영어탑수학학원,탑영,서구
교육,탑클래스잉글리시아이영어교습소,탑클,서구
교육,탑클래스종합학원,탑클,서구
교육,탑플러스학원,탑플,서구
교육,태풍수학학원,태풍,서구
교육,태풍영어학원,태풍,서구
교육,태풍학원,태풍,서구
교육,터닝포인트학원,터닝,서구
교육,턴어라운드(Turn Around)영어교습소,턴어,서구
교육,테라(TERA)영어리딩학원,테라,서구
교육,텐입시미술학원,텐입,서구
교육,토론하는아이들논술교습소,토론,서구
교육,토스어학원,토스,서구
교육,토즈스터디센터가좌독서실,토즈,서구
교육,토즈스터디센터검단독서실,토즈,서구
교육,토즈스터디센터완정역독서실,토즈,서구
교육,토즈스터디센터원당당하독서실,토즈,서구
교육,토즈스터디센터청라독서실,토즈,서구
교육,토킹스타학원,토킹,서구
교육,톡톡삼성영어수학학원,톡톡,서구
교육,톡톡아트미술교습소,톡톡,서구
교육,통문수학교습소,통문,서구
교육,통문장영어교습소,통문,서구
교육,통문장영어수학학원,통문,서구
교육,통합사고력논술지혜의숲학원,통합,서구
교육,투스카이수학과학학원,투스,서구
교육,투스카이학원,투스,서구
교육,트로이(TROY)어학원,트로,서구
교육,트로이(TROY)영어학원,트로,서구
교육,트리니티미술학원,트리,서구
교육,트리니티음악학원,트리,서구
교육,특히수학학원,특히,서구
교육,튼튼영어마스터클럽당하학원,튼튼,서구
교육,튼튼영어마스터클럽영어교습소,튼튼,서구
교육,튼튼영어마스터클럽초은영어교습소,튼튼,서구
교육,팁탑학원,팁탑,서구
교육,파라투스(paratus)학원,파라,서구
교육,파라투스플러스학원,파라,서구
교육,파머스가정루원영어학원,파머,서구
교육,파머스어학원,파머,서구
교육,파머스영어검암캠퍼스학원,파머,서구
교육,파머스영어인천석남학원,파머,서구
교육,파머스잉글리쉬학원,파머,서구
교육,파스칼에듀학원,파스,서구
교육,파이디온미술학원,파이,서구
교육,퍼니빈음악미술학원,퍼니,서구
교육,퍼펙트영어교습소,퍼펙,서구
교육,퍼펙트원어민영어교실청라센터학원,퍼펙,서구
교육,페스탈로치의꿈논술교습소,페스,서구
교육,펜타영수학원,펜타,서구
교육,포레스트학원,포레,서구
교육,포인트영수전문학원,포인,서구
교육,포인트영어교습소,포인,서구
교육,폴(FoL)실용음악학원,폴(,서구
교육,폴라리스영수로제타스톤영어학원,폴라,서구
교육,폴라리스영수학원,폴라,서구
교육,폴리-e러닝학원(원격),폴리,서구
교육,폴리어학원,폴리,서구
교육,표석국어학원,표석,서구
교육,푸르넷아카데미학원,푸르,서구
교육,풍경미술교습소,풍경,서구
교육,풍경아뜰리에미술교습소,풍경,서구
교육,풍림아이원해법영어교실영어교습소,풍림,서구
교육,퓨어뮤직맑은샘음악학원,퓨어,서구
교육,프라임음악학원,프라,서구
교육,프레이즈음악학원,프레,서구
교육,프렌잉글리시청라레이크블루영어교습소,프렌,서구
교육,프리마발레하우스학원,프리,서구
교육,플라토학원,플라,서구
교육,플라톤스터디보습학원,플라,서구
교육,플라톤아카데미검단독서논술교습소,플라,서구
교육,플러스수학교습소,플러,서구
교육,플러스알파수학학원,플러,서구
교육,플레르미술교습소,플레,서구
교육,플레이마인드맵논술교습소,플레,서구
교육,플레이소프트학원,플레,서구
교육,피니쉬영어학원,피니,서구
교육,피아노정원음악교습소,피아,서구
교육,피아노치는대통령음악교습소,피아,서구
교육,피카소미술교습소,피카,서구
교육,피카소화실미술학원,피카,서구
교육,필수학학원,필수,서구
교육,필주니어학원,필주,서구
교육,하나수학교습소,하나,서구
교육,하늘꿈미술교습소,하늘,서구
교육,하얀그림책미술교습소,하얀,서구
교육,하영음악학원,하영,서구
교육,하울뮤직아카데미학원,하울,서구
교육,하이수학교습소,하이,서구
교육,하이스트원당학원,하이,서구
교육,하이앤영어전문학원,하이,서구
교육,하이엔드영어교습소,하이,서구
교육,하이음악학원,하이,서구
교육,하이클래스2관학원,하이,서구
교육,하이클래스3관학원,하이,서구
교육,하이클래스학원,하이,서구
교육,하이탑학원,하이,서구
교육,하하하잉글리쉬학원,하하,서구
교육,하하호호피아노미술학원,하하,서구
교육,한결수학교습소,한결,서구
교육,한국전기기술학원,한국,서구
교육,한국커피요리제빵학원,한국,서구
교육,한맥프라임학원,한맥,서구
교육,한빛프라임학원,한빛,서구
교육,한샘미술학원,한샘,서구
교육,한솔+영어교습소,한솔,서구
교육,한솔플러스수학교습소,한솔,서구
교육,한신음악학원,한신,서구
교육,한양무용아카데미학원,한양,서구
교육,한양음악학원,한양,서구
교육,한얼수학교습소,한얼,서구
교육,한영재교육학원,한영,서구
교육,한올보습학원,한올,서구
교육,한움학원,한움,서구
교육,한음피아노교습소,한음,서구
교육,한이화음악학원,한이,서구
교육,함께하는학원,함께,서구
교육,해냄독서실,해냄,서구
교육,해맑은영재미술학원,해맑,서구
교육,해민수학학원,해민,서구
교육,해법독서논술교습소,해법,서구
교육,해법수학교습소,해법,서구
교육,해법영어e수학학원,해법,서구
교육,해원피아노음악교습소,해원,서구
교육,핵심학원,핵심,서구
교육,행복한음악교습소,행복,서구
교육,헤더영어교습소,헤더,서구
교육,헤만음악학원,헤만,서구
교육,헤세드상상미술교습소,헤세,서구
교육,헤윰학원,헤윰,서구
교육,헤즈(HEZ)한신영어교습소,헤즈,서구
교육,헨델피아노교습소,헨델,서구
교육,헬로아트스튜디오미술교습소,헬로,서구
교육,헬로월드코딩컴퓨터학원,헬로,서구
교육,현대필음악학원,현대,서구
교육,현수학2관학원,현수,서구
교육,현수학전문학원,현수,서구
교육,홍수학교습소,홍수,서구
교육,홍익힐미술교습소,홍익,서구
교육,화실배미술교습소,화실,서구
교육,효림서당서예교습소,효림,서구
