상권,KB국민은행 구월동종합금융센터
상권,하나은행 구월동지점
상권,IBK기업은행 구월동지점
상권,KB국민은행 간석동지점
상권,KB국민은행 주안지점
상권,우리은행 구월동지점
상권,우리은행 만수동금융센터
상권,KB국민은행 구월북지점
상권,한국씨티은행 경인영업부
상권,우리은행 인천논현역지점
상권,우리은행 구월타운지점
상권,KB국민은행 만수6동지점
상권,IBK기업은행 만수동지점
상권,KB국민은행 인천남동종합금융센터
상권,신한은행 구월로지점
상권,KB국민은행 만수동지점
상권,하나은행 인천논현지점
상권,신한은행 인천광역시청지점
상권,신한은행 간석동지점
상권,IBK기업은행 남동공단비전지점
상권,신한은행 인천논현역지점
상권,KB국민은행 인천논현지점
상권,KB국민은행 인천서창지점
상권,신한은행 만수동지점
상권,신한은행 구월동금융센터
상권,하나은행 남동공단지점
상권,우리은행 남동공단금융센터
상권,IBK기업은행 인천논현지점
상권,신한은행 남동금융센터
상권,KB국민은행 남동공단종합금융센터
상권,IBK기업은행 남동공단미래지점
상권,NH농협은행 인천영업부
상권,NH농협은행 인천지점
상권,IBK기업은행 남동공단지점
상권,NH농협은행 구월지점
상권,IBK기업은행 남동사랑지점
상권,IBK기업은행 남동2단지지점
상권,신한은행 남동중앙금융센터
상권,KB국민은행 인천한화지점
상권,NH농협은행 간석지점
상권,신한은행 남동구청지점
상권,하나은행 남동기업센터
상권,NH농협은행 남동공단지점
상권,IBK기업은행 남동인더스파크지점
상권,신한은행 남동공단지점
상권,IBK기업은행 남동중앙지점
상권,NH농협은행 인천논현역지점
상권,NH농협은행 인천소래역지점
상권,신한은행 PWM인천센터
상권,NH농협은행 인천시청지점
상권,SC제일은행 구월동지점
상권,신한은행 인천도시공사출장소
상권,부산은행 인천남동공단지점
상권,KB희망금융플라자 인천남
상권,Sh수협은행 인천논현지점
상권,IBK기업은행 남동2단지기업금융지점
상권,KDB산업은행 인천지점
상권,전북은행 구월동지점
상권,IBK기업은행 남동중견기업센터
상권,신한은행 남동공단기업금융1센터
상권,NH농협은행 인천시교육청출장소
상권,새마을금고중앙회 인천지역본부
상권,SBI저축은행 인천지점
상권,IBK기업은행 남동공단WM센터
상권,신한은행 남동공단기업금융2센터
상권,광주은행 구월동지점
상권,구월남촌새마을금고 본점
상권,OK저축은행 인천구월지점
상권,만수새마을금고 본점
상권,구월남촌새마을금고 구월지점
상권,인주새마을금고 논현지점
상권,인주새마을금고 본점
상권,남동새마을금고 본점
상권,상인천새마을금고 본점
상권,구월남촌새마을금고 남촌지점
상권,인주새마을금고 석바위지점
상권,남동새마을금고 주원지점
상권,만수새마을금고 구월지점
상권,남동새마을금고 주안지점
상권,상인천새마을금고 구월지점
상권,만수새마을금고 담방지점
상권,남동새마을금고 동암지점
상권,만수새마을금고 서창지점
상권,만수새마을금고 하촌지점
상권,인주새마을금고 양지지점
상권,인주새마을금고 만월지점
상권,하나저축은행 인천지점
상권,상인천새마을금고 논현고잔지점
상권,우리은행 365코너 만수동금융센터
상권,한국수출입은행 인천지점
상권,IBK기업은행365 한전버스정류장
상권,IBK기업은행365 간석오거리버스정류장
상권,IBK기업은행365 경복예식장
상권,우리은행 365코너 주안지점
상권,우리은행 365코너 간석역점
상권,IBK기업은행365 대찬병원
상권,IBK기업은행365 인천시청후문건너
상권,IBK기업은행365 소래포구종합어시장
상권,농업협동조합중앙회 인천지역본부
상권,우리은행 365코너 인천논현역지점
상권,하나은행365 인천힘찬종합병원
상권,KB국민은행ATM 구월북점
상권,신한은행 365코너 서창2지구점
상권,IBK기업은행365 인천논현역(수인선)
상권,NH농협은행 365코너 인천영업부
상권,신협365코너
상권,우리은행 365코너 간석래미안자이점
상권,하나은행365 삼성생명보험 구월동사옥
상권,하나은행365 구.구월로
상권,신한은행ATM 만수동3지점
상권,하나은행365 롯데캐슬골드2단지(관리사무소)
상권,IBK기업은행365 롯데캐슬모래내시장 버스승강장
상권,KB국민은행ATM 건설회관 365자동화점
상권,IBK기업은행365 호구포역(수인선)
상권,하나은행365 대우푸르지오시티
상권,하나은행365 가천대 길병원 의과대학
상권,KB국민은행ATM 소래점
상권,KB국민은행ATM 구월동점
상권,신한은행 365코너 인천논현동산마을
상권,한국씨티은행ATM 경인영업부
상권,IBK기업은행365 삼환상가
상권,신한은행 365코너 (구)인천에코메트로지점점두365
상권,신한은행 365코너 인천종합문화예술회관
상권,우리은행 365코너 씨앤씨빌딩
상권,IBK기업은행 인천지역본부
상권,IBK기업은행365 브래덤 기념병원
상권,하나은행365 구.예술회관역(1층)
상권,NH농협은행365
상권,IBK기업은행365 구월동점
상권,IBK기업은행365 청능로사거리 버스승강장
상권,신한은행 365코너 미추홀재활요양병원
상권,IBK기업은행365 대원빌딩
상권,IBK기업은행365 남동초교 버스승강장
상권,SC제일은행 365코너 삼성생명구월동점
상권,우리은행 365코너 LH인천지역본부 논현사옥 전면
상권,CU ATM 타워플러스점
상권,하나은행365 신한다이아몬드공업
상권,우리은행 365코너 구월타운지점
상권,하나은행365 구월동점
상권,IBK기업은행365 길의료재단
상권,IBK기업은행365 ANP크리비즈(구)모젬)
상권,하나은행365 한화에코메트로(11단지)
상권,IBK기업은행365 간석역(경인선)
상권,신한은행 365코너 간석동지점
상권,NH농협은행 365코너 남동농협
상권,IBK기업은행365 올림픽국민생활관앞
상권,신한은행 365코너 구월로지점점두365
상권,IBK기업은행365 경기하이퍼
상권,신한은행 365코너 구월씨앤씨CGV
상권,NH농협은행 365코너 남동농협호구포지점
상권,NH농협은행 365코너 구월지점
상권,하나은행365 소망화장품
상권,신한은행 365코너 어진마을한화6단지
상권,IBK기업은행365 간석1금호아파트앞
상권,KB국민은행ATM 간석동점
상권,우체국365코너
상권,IBK기업은행365 길병원 버스승강장
상권,IBK기업은행365 논현힐스테이트 버스승강장
상권,IBK기업은행365 선학부동산
상권,하나은행365 홈플러스간석점
상권,신한은행 365코너 남동구청자동차관리사무소
상권,NH농협은행 365코너 남동농협논현지점
상권,KB국민은행ATM 소래풍림점
상권,우리은행 365코너 남동클러스터옥외형
상권,하나은행365 주공5단지상가
상권,우리은행 365코너 한화에코메트로11단지
상권,우리은행 365코너 구월동지점
상권,KB국민은행ATM 인천향촌휴먼시아1단지
상권,NH농협은행 365코너 간석지점
상권,신한은행 365코너 만수주공아파트
상권,신한은행 365코너 구월롯데캐슬골드
상권,KB국민은행ATM 만수6동점
상권,신한은행 365코너 인천운전면허시험장
상권,KB국민은행ATM 만수동점
상권,KB국민은행ATM 인천남동점
상권,KB국민은행ATM 남동공단점
상권,신한은행 365코너 담방마을
상권,IBK기업은행365 벽산아파트상가
상권,SC제일은행 365코너 구월동지점
상권,한국씨티은행 365코너 벽산아파트
상권,NH농협은행 365코너 인천원예농협구월아시아드지점
상권,우체국365코너
상권,신한은행 365코너 만수금호APT
상권,KB국민은행ATM 서창동점
상권,인천한마음신협365코너
상권,우체국365코너
상권,신한은행 365코너 길병원
상권,우체국365코너
상권,IBK기업은행365 태영조명
상권,우체국365코너
상권,KB국민은행ATM 한화에코메트로점
상권,IBK기업은행365 만수동점365
상권,NH농협은행 365코너 인천시교육청출장소
상권,IBK기업은행365 이노플렉스 본사
상권,롯데ATM 세븐일레븐 구월수협사거리(CD)
상권,CU ATM 구월캐슬점
상권,우리은행 365코너 인천논현역지점(점외)
상권,KB국민은행ATM 주안점
상권,IBK기업은행365 모래내시장 버스승강장
상권,IBK기업은행365 수림공원예식장
상권,롯데ATM 세븐일레븐 인천소래
상권,CU ATM 논현대진점
상권,CU ATM 서창베스트점
상권,CU ATM 간석로즈마리점
상권,IBK기업은행365 유도스타자동화
상권,IBK기업은행365 홈플러스 간석점1층좌
상권,IBK기업은행365 부평농장 천주교회
상권,NH농협은행 365코너 인천논현역지점
상권,롯데ATM 세븐일레븐 구월먹자골목(CD)
상권,상인천새마을금고본점365코너
상권,CU ATM 구월호산나점
상권,IBK기업은행365 일야
상권,CU ATM 구월아이비점
상권,CU ATM 서창아페리온점
상권,CU ATM 구월굿모닝점
상권,롯데ATM 세븐일레븐 인천소래더타워
상권,우체국365코너
상권,신한은행 365코너 간석삼성테스코
상권,NH농협은행 365코너 인천축산농협구월지소
상권,롯데ATM 세븐일레븐 인천구월여중(CD)
상권,CU ATM 구월아델라이점
상권,IBK기업은행365 대한솔루션
상권,하나은행365 한국단자공업 논현공장
상권,CU ATM 간석벽산점
상권,롯데ATM 세븐일레븐 호구포역
상권,CU ATM 구월블루씨티점
상권,롯데ATM 세븐일레븐 인천만수남광(CD)
상권,우체국365코너
상권,롯데ATM 세븐일레븐 간석코아
상권,IBK기업은행365 상아프론테크
상권,롯데ATM 세븐일레븐 인천소래역(CD)
상권,CU ATM 구월모래내점
상권,CU ATM 현대공단1점
상권,IBK기업은행365 간석자동차매매단지
상권,CU ATM 만수대로점
상권,롯데ATM 세븐일레븐 인천구월이노
상권,KB국민은행 인천남지역영업그룹
상권,IBK기업은행365 남동테크노파크
상권,신한은행 365코너 길병원응급센터
상권,신한은행365코너 남동구청점두365
상권,하나은행365 인천인력개발원
상권,CU ATM 구월호텔점
상권,롯데ATM 세븐일레븐 인천간석사랑(CD)
상권,CU ATM 만수공원점
상권,CU ATM 간석메인점
상권,CU ATM 구월예술회관점
상권,롯데ATM 세븐일레븐 인천논현제일
상권,CU ATM 만수대성점
상권,IBK기업은행365 인천 남동구 고잔동 690-2
상권,IBK기업은행365 남동인더스파크역(수인선)
상권,CU ATM 만수복개천점
상권,IBK기업은행365 형제전기지식산업센터
상권,IBK기업은행365 남동공단점365
상권,롯데ATM 세븐일레븐 구월인하로(CD)
상권,하나은행365 한국단자공업 남동공장
상권,IBK기업은행365 남동사랑365
상권,롯데ATM 세븐일레븐 간석어반카운티
상권,CU ATM 구월이토타워점
상권,CU ATM 간석사랑점
상권,IBK기업은행365 에이스테크놀로지
상권,롯데ATM 세븐일레븐 인천만수동부
상권,롯데ATM 세븐일레븐 인천서창본(CD)
상권,IBK기업은행365 인천논현점365
상권,신한은행 365코너 길병원영안실
상권,인주새마을금고 부평농장365코너
상권,CU ATM 만수정광점
상권,롯데ATM 세븐일레븐 인천만수
상권,우체국365코너
상권,CU ATM 논현가산시티점
상권,CU ATM 간석리즈빌점
상권,CU ATM 남동예성점
상권,롯데ATM 세븐일레븐 인천구월롯데
상권,NH농협은행365
상권,CU ATM 논현사리울점
상권,CU ATM 구월퍼스트점
상권,롯데ATM 세븐일레븐 인천구월성리
상권,우리은행 365코너 인천향촌점
상권,CU ATM 간석하늘점
상권,대형기선저인망수협 365코너 남동지점
상권,CU ATM 논현단풍점
상권,CU ATM 장수먹거리점
상권,롯데ATM 세븐일레븐인천만수삼환(CD)
상권,CU ATM 논현아이플렉스점
상권,CU ATM 만수행복점
상권,롯데ATM 세븐일레븐 인천구월문화로
상권,롯데ATM 세븐일레븐 길병원사거리(CD)
상권,CU ATM 구월형제점
상권,CU ATM 만수3지구점
상권,롯데ATM 세븐일레븐 인천구월힐스
상권,CU ATM 소래광장점
상권,롯데ATM 세븐일레븐 인천간석은혜(CD)
상권,CU ATM 구월타운점
상권,롯데ATM 세븐일레븐 구월로데오(CD)
상권,롯데ATM 세븐일레븐 인천만수본
상권,CU ATM 논현원룸점
상권,CU ATM 고잔센터점
상권,CU ATM 인천남동공단점
상권,롯데ATM 세븐일레븐 인천간석3호
상권,우체국365코너
상권,롯데ATM 세븐일레븐 인천시청
상권,롯데ATM 세븐일레븐 인천간석4호(우)
상권,CU ATM 간석래미안점
상권,CU ATM 인천동원베네스트점
상권,CU ATM 간석경인점
상권,롯데ATM 세븐일레븐 인천남촌풍림
상권,IBK기업은행365 비에스이
상권,롯데ATM 세븐일레븐 서창은서(CD)
상권,IBK기업은행365 남동중견기업센터점
상권,롯데ATM 세븐일레븐 구월남동대로
상권,IBK기업은행365 인천논현점
상권,롯데ATM 세븐일레븐 인천만수영풍(CD)
상권,롯데ATM 세븐일레븐 인천구월센터(CD)
상권,롯데ATM 세븐일레븐 간석해마루
상권,CU ATM 간석수연점
상권,CU ATM 논현하늘점
상권,롯데ATM 세븐일레븐 인천남동구청역(CD)
상권,우체국365코너
상권,CU ATM 만수점
상권,CU ATM 인천만수주공점
상권,롯데ATM 세븐일레븐 인천하우스토리
상권,우체국365코너
상권,CU ATM 구월중앙점
상권,롯데ATM 세븐일레븐 인천간석4호(좌)
상권,CU ATM 동부휴먼시아점
상권,롯데ATM 세븐일레븐 인천논현주공(CD)
상권,CU ATM 남동현태점
상권,CU ATM 만수2동점
상권,롯데ATM 세븐일레븐 인천구월에이스
상권,CU ATM 간석세븐시티점
상권,CU ATM 서창허브점
상권,롯데ATM 세븐일레븐 인천만수그린(CD)
상권,롯데ATM 세븐일레븐 구월하나(CD)
상권,하나은행365 기신정기2공장
상권,롯데ATM 세븐일레븐 만수대성(CD)
상권,롯데ATM 세븐일레븐 인천간석시장
상권,롯데ATM 세븐일레븐 인천간석나무(CD)
상권,CU ATM 만수그린점
상권,롯데ATM 세븐일레븐 인천만수현광
상권,CU ATM 남촌초교점
상권,CU ATM 만수사랑점
상권,CU ATM 남동서창점
상권,CU ATM 논현논곡점
상권,롯데ATM 세븐일레븐 인천만수동양
상권,CU ATM 간석빌리지점
상권,CU ATM 간석에이스점
상권,롯데ATM 세븐일레븐 인천남촌중앙(CD)
상권,CU ATM 서창2지구점
상권,롯데ATM 세븐일레븐 구월퍼스트
상권,롯데ATM 세븐일레븐 인천간석도담
상권,IBK기업은행365 씨에스티
상권,롯데ATM 세븐일레븐 인천남동삼환(CD)
상권,IBK기업은행365 남동2단지점365
상권,CU ATM 만수4동점
상권,CU ATM 간석로즈힐점
상권,CU ATM 구월아시아드점
상권,IBK기업은행365 남동인더스파크점365
상권,롯데ATM 세븐일레븐 구월테크노밸리(CD)
상권,롯데ATM 세븐일레븐 만수효자(CD)
상권,CU ATM 논현태성점
상권,롯데ATM 세븐일레븐 인천구월백세(CD)
상권,롯데ATM 세븐일레븐 인천간석4호(우)
상권,CU ATM 간석래미안점
상권,CU ATM 인천동원베네스트점
상권,CU ATM 간석경인점
상권,롯데ATM 세븐일레븐 인천남촌풍림
상권,IBK기업은행365 비에스이
상권,롯데ATM 세븐일레븐 서창은서(CD)
상권,IBK기업은행365 남동중견기업센터점
상권,롯데ATM 세븐일레븐 구월남동대로
상권,IBK기업은행365 인천논현점
상권,롯데ATM 세븐일레븐 인천만수영풍(CD)
상권,롯데ATM 세븐일레븐 인천구월센터(CD)
상권,롯데ATM 세븐일레븐 간석해마루
상권,CU ATM 간석수연점
상권,CU ATM 논현하늘점
상권,롯데ATM 세븐일레븐 인천남동구청역(CD)
상권,우체국365코너
상권,CU ATM 만수점
상권,CU ATM 인천만수주공점
상권,롯데ATM 세븐일레븐 인천하우스토리
상권,우체국365코너
상권,CU ATM 구월중앙점
상권,롯데ATM 세븐일레븐 인천간석4호(좌)
상권,CU ATM 동부휴먼시아점
상권,롯데ATM 세븐일레븐 인천논현주공(CD)
상권,CU ATM 남동현태점
상권,CU ATM 만수2동점
상권,롯데ATM 세븐일레븐 인천구월에이스
상권,CU ATM 간석세븐시티점
상권,CU ATM 서창허브점
상권,롯데ATM 세븐일레븐 인천만수그린(CD)
상권,롯데ATM 세븐일레븐 구월하나(CD)
상권,하나은행365 기신정기2공장
상권,롯데ATM 세븐일레븐 만수대성(CD)
상권,롯데ATM 세븐일레븐 인천간석시장
상권,롯데ATM 세븐일레븐 인천간석나무(CD)
상권,CU ATM 만수그린점
상권,롯데ATM 세븐일레븐 인천만수현광
상권,CU ATM 남촌초교점
상권,CU ATM 만수사랑점
상권,CU ATM 남동서창점
상권,CU ATM 논현논곡점
상권,롯데ATM 세븐일레븐 인천만수동양
상권,CU ATM 간석빌리지점
상권,CU ATM 간석에이스점
상권,롯데ATM 세븐일레븐 인천남촌중앙(CD)
상권,CU ATM 서창2지구점
상권,롯데ATM 세븐일레븐 구월퍼스트
상권,롯데ATM 세븐일레븐 인천간석도담
상권,IBK기업은행365 씨에스티
상권,롯데ATM 세븐일레븐 인천남동삼환(CD)
상권,IBK기업은행365 남동2단지점365
상권,CU ATM 만수4동점
상권,CU ATM 간석로즈힐점
상권,CU ATM 구월아시아드점
상권,IBK기업은행365 남동인더스파크점365
상권,롯데ATM 세븐일레븐 구월테크노밸리(CD)
상권,롯데ATM 세븐일레븐 만수효자(CD)
상권,CU ATM 논현태성점
상권,롯데ATM 세븐일레븐 인천구월백세(CD)
상권,NH농협은행365코너
상권,롯데ATM 세븐일레븐 구월동남(CD)
상권,CU ATM 만수주아점
상권,CU ATM 남인천세무서점
상권,롯데ATM 세븐일레븐 인천만수센터(CD)
상권,CU ATM 구월태양점
상권,롯데ATM 세븐일레븐 인천간석대동(CD)
상권,CU ATM 구월그린점
상권,롯데ATM 세븐일레븐 구월모래내(CD)
상권,CU ATM 구월해피점
상권,롯데ATM 세븐일레븐 인천간석한마음
상권,롯데ATM 세븐일레븐 인천만수제일(CD)
상권,CU ATM 구월안다미로점
상권,CU ATM 남촌중앙점
상권,CU ATM 구월성공점
상권,IBK기업은행365 기신정기
상권,롯데ATM 세븐일레븐 인천간석영남(CD)
상권,CU ATM 구월자올아이점
상권,CU ATM 구월다우림점
상권,롯데ATM 세븐일레븐 구월모래내
상권,롯데ATM 세븐일레븐 구월신비(CD)
상권,CU ATM 간석풍림점
상권,롯데ATM 세븐일레븐 만수영보(CD)
상권,롯데ATM 세븐일레븐 인천동윤주유소(CD)
상권,롯데ATM 세븐일레븐 인천논현스마트(CD)
상권,CU ATM 간석탑클래스점
상권,롯데ATM 세븐일레븐 인천구월중앙
상권,CU ATM 구월석산로점
상권,롯데ATM 세븐일레븐 인천구월탑클래(CD)
상권,롯데ATM 세븐일레븐 인천논현죽리(CD)
상권,롯데ATM 세븐일레븐 인천간석본(CD)
상권,롯데ATM 세븐일레븐 구월인주로(CD)
상권,롯데ATM 세븐일레븐 인천남동중앙
상권,롯데ATM 세븐일레븐 간석2호
상권,CU ATM 간석휴먼시아점
상권,롯데ATM 세븐일레븐 인천아암대로
상권,365코너
상권,롯데ATM 세븐일레븐 인천논현
상권,롯데ATM 세븐일레븐 만수주공본
상권,롯데ATM 세븐일레븐 인천남동은서(CD)
상권,롯데ATM 세븐일레븐 인천만수중앙(CD)
