의료,고은약국
의료,세계로약국
의료,푸른약국
의료,동물약국
의료,예술회관역약국
의료,타워약국
의료,건강길약국
의료,모래내시장온누리약국
의료,간석열린약국
의료,간석시장약국
의료,모래내시장역미래약국
의료,남동약국
의료,호구포온누리약국
의료,강약국
의료,인천메디칼약국
의료,간석약국
의료,청솔온누리약국
의료,미소약국
의료,꽃길약국
의료,새봄약국
의료,동서약국
의료,모래내약국
의료,대웅약국
의료,현대약국
의료,구월대형약국
의료,구월프라자약국
의료,고운정약국
의료,양지온누리약국
의료,미래약국
의료,이약국
의료,가까운정문약국
의료,천사약국
의료,로데오약국
의료,신성모약국
의료,조은약국
의료,태평양메디컬온누리약국
의료,기쁨플러스약국
의료,보광약국
의료,행복한우리약국
의료,중앙약국
의료,21세기길약국
의료,성모약국
의료,스타약국
의료,탑프라자약국
의료,100세약국
의료,다인약국
의료,논현프라자약국
의료,소래약국
의료,인제온누리약국
의료,오약국
의료,새대찬약국
의료,올리브약국
의료,매일여는온누리약국
의료,수약국
의료,애플약국
의료,논현참사랑약국
의료,구월메디칼약국
의료,가장큰태평양약국
의료,스마일약국
의료,아름다운약국
의료,사랑길약국
의료,플러스약국
의료,으뜸약국
의료,늘온누리약국
의료,정문약국
의료,연세프라자약국
의료,청십자약국
의료,간석태평양약국
의료,체리약국
의료,실로암약국
의료,햇살약국
의료,양지약국
의료,모범약국
의료,아시아드메디칼온누리약국
의료,힐링팜약국
의료,365라피에스타약국
의료,열매약국
의료,만수윤약국
의료,메드칼약국
의료,어울림약국
의료,이레약국
의료,새길약국
의료,우성약국
의료,논현스타약국
의료,아빠약국
의료,메디팜서창약국
의료,훼미리약국 인천1호점
의료,삼성약국
의료,21세기약국
의료,향촌우리약국
의료,오아시스약국
의료,남동온누리약국
의료,아빠곰약국
의료,모래내참사랑약국
의료,논현센타약국
의료,종로프라자약국
의료,정약국
의료,제일약국
의료,창일약국
의료,도담약국
의료,생생온누리약국
의료,신세계약국
의료,한솔약국
의료,지성온누리약국
의료,종로약국
의료,가인약국
의료,다복약국
의료,중앙판도라약국
의료,늘사랑약국
의료,구월우리약국
의료,큰샘약국
의료,온누리은혜약국
의료,화랑약국
의료,이화약국
의료,세명약국
의료,솔약국
의료,서울메디카약국
의료,서창약국
의료,간석온누리약국
의료,인천굿모닝약국
의료,은하약국
의료,우리들약국
의료,신현프라자약국
의료,건강마을 온누리약국
의료,연공온누리약국
의료,주공약국
의료,에스약국
의료,명지약국
의료,밝은약국
의료,참정다운약국
의료,다나약국
의료,파랑새약국
의료,하나약국
의료,이레온누리약국
의료,벧엘약국
의료,논현그린약국
의료,건강약국
의료,김약국
의료,다정약국
의료,경도약국
의료,올리브 약국
의료,윤정희약국
의료,기린약국
의료,대한약국
의료,논현큰사랑약국
의료,참조은약국
의료,간석비타민약국
의료,한가람약국
의료,척도약국
의료,연공약국
의료,재준약국
의료,영약국
의료,해든약국
의료,한누리약국
의료,장수당약국
의료,그린팜우리약국
의료,365행복약국
의료,참사랑약국
의료,희망찬약국
의료,행복한약국
의료,에코메트로약국
의료,삼정프라자약국
의료,한빛약국
의료,한약국
의료,참조은약국
의료,연성약국
의료,하늘약국
의료,영신약국
의료,우리약국
의료,한진약국
의료,휴먼시아약국
의료,한마음약국
의료,한일약국
의료,온누리 미성약국
의료,참약국
의료,늘편한약국
의료,가산메디칼약국
의료,늘푸른약국
의료,속편한온누리약국
의료,튼튼약국
의료,열린약국
의료,영진약국
의료,새육일약국
의료,온누리명성약국
의료,준약국
의료,경동약국
의료,신광약국
의료,논현종로약국
의료,바로약국
의료,진약국
의료,은혜약국
의료,희망약국
의료,일등메디칼약국
의료,늘좋은약국
의료,논현모두약국
의료,구월약국
의료,살맛나는온누리약국
의료,봄빛약국
의료,논현이화약국
의료,연두약국
의료,우리온누리약국
의료,새솔약국
의료,한사랑약국
의료,유성약국
의료,윤약국
의료,베스트약국
의료,스마일약국
의료,대학약국
의료,성수약국
의료,늘편안약국
의료,원약국
의료,원약국
의료,행복약품
의료,천지약국
의료,신이화약국
의료,그린약국
의료,녹지원약국
의료,논현조은약국
의료,햇빛약국
의료,리즈약국
의료,이로운약국
의료,정다운 약국
의료,영광약국
의료,새백화점약국
의료,그린팜약국
의료,아름드리약국
의료,인제약국
의료,다나아약국
의료,구월조은약국
의료,비타민약국
의료,남촌중앙약국
의료,한아름수약국
의료,창호약국
의료,사랑약국
의료,샛별약국
의료,퍼스트시티경도약국
의료,올리브편한 약국
의료,메디팜대한약국
의료,차세대건강약국
의료,동양약국
의료,평원약국
의료,남촌약국
의료,미산보람약국
의료,소명약국
의료,생활과건강약국
의료,사과향약국
의료,바로나약국
의료,불로스타약국
의료,주식회사퓨어팜
의료,종로프라자약국
의료,가까운약국
의료,메디유약국
