교육,어라운드스터디카페 인천서구청점
교육,스터디카페시너지플레이스 인천가좌점
교육,클레버 스터디카페
교육,작심스터디카페 인천신현점
교육,어라운드스터디카페 가좌점
교육,르하임스터디카페 인천청라점
교육,로웰클래스스터디카페
교육,르하임스터디카페 검단사거리역점
교육,스카이스터디카페
교육,공유스터디카페
교육,초심스터디카페 인천청라점
교육,블루밍스터디카페
교육,골든스터디카페 익스프레스청라점
교육,우행공스터디카페 루원시티점
교육,모두스터디카페
교육,다올스터디카페 신현점
교육,우행공스터디카페 검암점
교육,브리즈스터디카페 가정점
교육,어라운드스터디카페 인천신현점
교육,인베이스터디카페 인천점
교육,하우스터디인천당하센터스터디카페
교육,23다이버스스터디카페
교육,플랜에이스터디카페 인천완정센터
교육,지게이트스터디카페 청라점
교육,어라운드스터디카페 인천청라점
교육,플랜트스터디카페 청라점
교육,바짝스터디카페 인천신현센터
교육,스터디플렉스
교육,블루버드스터디카페
교육,기본스터디카페 인천마전점
교육,스마트스터디카페24
교육,에브라임스터디카페 인천검암점
교육,하우스터디 인천 청라스터디카페
교육,어라운드스터디카페 가정루원시티점
교육,바짝스터디카페 인천검단센터
교육,스터디카페 루쳇
교육,점프업 스터디카페
교육,온스터디카페
교육,4스터디카페 청라점
교육,코코스터디카페 검단점
교육,로웰클래스 스터디카페 청라점
교육,디플레이스 스터디카페 인천경서점
교육,에이블스터디카페
교육,어라운드스터디카페 검암점
교육,더문스터디카페
교육,초심스터디카페 검단신도시점
교육,유베스트 스터디카페
교육,고공수스터디카페 마전점
교육,더다올스터디카페
교육,투제이스터디까페
교육,디플레이스 스터디카페 인천청라점
교육,드림스터디카페
교육,플랜에이스터디카페 인천검단센터
교육,기본스터디카페 인천검단사거리점
교육,그로잉스터디카페 인천청라점
교육,스터디카페하루
교육,노마드스터디카페
교육,더오르다스터디카페 루원센터
교육,포인트스터디카페 청라점
교육,그루스터디카페 청라호수공원센터
교육,그루스터디센터 인천청라센터
교육,런앤런스터디카페 서구청점
교육,스터디까페
교육,린스터디카페
교육,바짝프리미엄스터디카페 인천청라센터
교육,엠앤디스터디카페
교육,공부인스터디카페 인천불로센터
교육,플랜트청라라운지
교육,로웰클래스스터디카페 검단점
교육,스터디업
교육,스터디카페 이루다
교육,2XL공간대여
