교통,M6410,인천,남동구
교통,36,인천,남동구
교통,16,인천,남동구
교통,8851,인천,남동구
교통,1300,인천,남동구
교통,1301,인천,남동구
교통,1302,인천,남동구
교통,1400,인천,남동구
교통,1601,인천,남동구
교통,M6439,인천,남동구
교통,9100,인천,남동구
교통,6770,인천,남동구
교통,30,인천,남동구
교통,37,인천,남동구
교통,34,인천,남동구
교통,10,인천,남동구
교통,50,인천,남동구
교통,22,인천,남동구
교통,급행95,인천,남동구
교통,8,인천,남동구
교통,8A,인천,남동구
교통,01월 16일,인천,남동구
교통,급행99,인천,남동구
교통,11,인천,남동구
교통,01월 14일,인천,남동구
교통,47,인천,남동구
교통,103-1,인천,남동구
교통,순환54,인천,남동구
교통,23,인천,남동구
교통,46,인천,남동구
교통,111-2,인천,남동구
교통,35,인천,남동구
교통,45,인천,남동구
교통,2,인천,남동구
교통,534,인천,남동구
교통,33,인천,남동구
교통,36,인천,남동구
교통,790,인천,남동구
교통,790A,인천,남동구
교통,790B,인천,남동구
교통,103,인천,남동구
교통,15,인천,남동구
교통,532,인천,남동구
교통,536,인천,남동구
교통,533,인천,남동구
교통,38,인천,남동구
교통,535,인천,남동구
교통,538,인천,남동구
교통,62,인천,남동구
교통,564,인천,남동구
교통,564 -2,인천,남동구
교통,800,인천,남동구
교통,800A,인천,남동구
교통,592,인천,남동구
교통,800B,인천,남동구
교통,540,인천,남동구
교통,01월 06일,인천,남동구
교통,303-1,인천,남동구
교통,순환56,인천,남동구
교통,6,인천,남동구
교통,21,인천,남동구
교통,539,인천,남동구
교통,20,인천,남동구
교통,27,인천,남동구
교통,531,인천,남동구
교통,537,인천,남동구
교통,03월 02일,인천,남동구
교통,42,인천,남동구
교통,303,인천,남동구
교통,304,인천,남동구
교통,82,인천,남동구
교통,01월 28일,인천,남동구
교통,514-1,인천,남동구
교통,566,인천,남동구
교통,순환51,인천,남동구
교통,525,인천,남동구
교통,순환52,인천,남동구
교통,522,인천,남동구
교통,인천e음45,인천,남동구
교통,4,인천,남동구
교통,98,인천,남동구
교통,65,인천,남동구
교통,인천e음53,인천,남동구
교통,인천e음55,인천,남동구
교통,(주)다이아트론,인천,남동구
교통,(주)대한특수금속,인천,남동구
교통,(주)두남,인천,남동구
교통,(주)선우정공,인천,남동구
교통,(주)창원,인천,남동구
교통,540번종점,인천,남동구
교통,GS칼텍스주유소,인천,남동구
교통,KT인천지사,인천,남동구
교통,LG물류센터,인천,남동구
교통,LH청아안아파트,인천,남동구
교통,간석2지구대,인천,남동구
교통,간석3동경로당,인천,남동구
교통,간석4거리,인천,남동구
교통,간석4동새마을금고,인천,남동구
교통,간석래미안.자이,인천,남동구
교통,간석사거리,인천,남동구
교통,간석사거리(상인천중학교),인천,남동구
교통,간석시장,인천,남동구
교통,간석역,인천,남동구
교통,간석오거리,인천,남동구
교통,간석오거리(교원공제조합),인천,남동구
교통,간석오거리(인천웨딩홀),인천,남동구
교통,간석오거리역(7번출구),인천,남동구
교통,간석오거리역(8번출구),인천,남동구
교통,간석종합시장,인천,남동구
교통,거산정공.(주)록키,인천,남동구
교통,건설기술교육원,인천,남동구
교통,경복예식장,인천,남동구
교통,경신마을,인천,남동구
교통,경인산업,인천,남동구
교통,경진브로아,인천,남동구
교통,경희유치원앞,인천,남동구
교통,고려산업,인천,남동구
교통,고려양행,인천,남동구
교통,고잔고등학교,인천,남동구
교통,공단소방서,인천,남동구
교통,공단회관,인천,남동구
교통,공작아파트,인천,남동구
교통,광명아파트,인천,남동구
교통,구월2동행정복지센터,인천,남동구
교통,구월동우체국,인천,남동구
교통,구월동팬더아파트,인천,남동구
교통,구월서초등학교,인천,남동구
교통,구월아시아드1단지,인천,남동구
교통,구월아시아드2단지정문,인천,남동구
교통,구월아시아드5단지정문,인천,남동구
교통,구월아시아드5단지후문,인천,남동구
교통,구월아시아드6단지,인천,남동구
교통,구월아시아드8단지,인천,남동구
교통,구월아시아드선수촌아파트,인천,남동구
교통,구월아시아드은빛호수공원,인천,남동구
교통,구월우체국,인천,남동구
교통,구월중학교,인천,남동구
교통,구월체육공원,인천,남동구
교통,구월초등학교,인천,남동구
교통,구월한내들퍼스티지,인천,남동구
교통,구장수파출소,인천,남동구
교통,극동.금호아파트,인천,남동구
교통,극지연구소,인천,남동구
교통,근린공원,인천,남동구
교통,글로벌캠퍼스푸르지오,인천,남동구
교통,금강다이아몬드,인천,남동구
교통,금강산업,인천,남동구
교통,금아프라자,인천,남동구
교통,금호아파트,인천,남동구
교통,기신정기,인천,남동구
교통,길병원,인천,남동구
교통,길병원사거리,인천,남동구
교통,김미현골프장,인천,남동구
교통,꿈에그린아파트,인천,남동구
교통,남동I.C(문학동입구),인천,남동구
교통,남동경찰서,인천,남동구
교통,남동공단(기신정기),인천,남동구
교통,남동공단2호공원,인천,남동구
교통,남동공단근린공원앞,인천,남동구
교통,남동공단우체국,인천,남동구
교통,남동공단입구,인천,남동구
교통,남동구청,인천,남동구
교통,남동구청역,인천,남동구
교통,남동구청후문(남동등기소),인천,남동구
교통,남동등기소,인천,남동구
교통,남동빌라,인천,남동구
교통,남동소래아트홀,인천,남동구
교통,남동소방서,인천,남동구
교통,남동시범공단앞,인천,남동구
교통,남동아시아드럭비경기장,인천,남동구
교통,남동인더스파크역,인천,남동구
교통,남동정수장,인천,남동구
교통,남동제2공구상가,인천,남동구
교통,남동중학교,인천,남동구
교통,남동체육관,인천,남동구
교통,남동체육관(체조경기장),인천,남동구
교통,남동초등학교,인천,남동구
교통,남동타워,인천,남동구
교통,남동화원,인천,남동구
교통,남인천세무서,인천,남동구
교통,남인천여자중학교,인천,남동구
교통,남촌동다목적센터,인천,남동구
교통,남촌동다목적체육센터,인천,남동구
교통,남촌동입구,인천,남동구
교통,남촌입구,인천,남동구
교통,남촌풍림2차아파트,인천,남동구
교통,남촌풍림3차아파트,인천,남동구
교통,남촌풍림아파트,인천,남동구
교통,논고개길,인천,남동구
교통,논고개길사거리,인천,남동구
교통,논현10단지별빛마을웰카운티A정문,인천,남동구
교통,논현10단지별빛마을웰카운티A후문,인천,남동구
교통,논현11단지단풍마을,인천,남동구
교통,논현11단지단풍마을A정문,인천,남동구
교통,논현12단지산뒤마을,인천,남동구
교통,논현13단지푸르네마을,인천,남동구
교통,논현14단지등대마을,인천,남동구
교통,논현14단지등대마을휴먼시아아파트,인천,남동구
교통,논현1동행정복지센터,인천,남동구
교통,논현2단지범마을,인천,남동구
교통,논현2동행정복지센터,인천,남동구
교통,논현3단지하늘마을301동,인천,남동구
교통,논현3단지하늘마을302동,인천,남동구
교통,논현3단지하늘마을305동,인천,남동구
교통,논현3단지하늘마을311동,인천,남동구
교통,논현5단지달맞이마을,인천,남동구
교통,논현6단지어진마을한화꿈에그린A정문,인천,남동구
교통,논현7단지새터마을신일해피트리A,인천,남동구
교통,논현8단지동산마을,인천,남동구
교통,논현9단지냇마을신영지웰A,인천,남동구
교통,논현9단지냇마을신영지웰A정문,인천,남동구
교통,논현고잔동행정복지센터,인천,남동구
교통,논현동힐스테이트,인천,남동구
교통,논현사거리,인천,남동구
교통,논현주공1단지,인천,남동구
교통,논현주공2단지,인천,남동구
교통,논현주공아파트(인천금융고),인천,남동구
교통,논현중학교,인천,남동구
교통,논현초등학교,인천,남동구
교통,논현푸르지오.유호엔시티,인천,남동구
교통,논현화훼단지,인천,남동구
교통,농산물도매시장,인천,남동구
교통,농산물센터,인천,남동구
교통,농장주유소,인천,남동구
교통,뉴서울아파트,인천,남동구
교통,늘솔길근린공원,인천,남동구
교통,다음주택,인천,남동구
교통,담방로사거리,인천,남동구
교통,담방아파트,인천,남동구
교통,대경화성,인천,남동구
교통,대기이에스티,인천,남동구
교통,대동도어(주),인천,남동구
교통,대동아파트,인천,남동구
교통,대동특수철강,인천,남동구
교통,대신합성,인천,남동구
교통,대우재아파트,인천,남동구
교통,대우푸르지오복합상가,인천,남동구
교통,대웅실업앞,인천,남동구
교통,대원정밀,인천,남동구
교통,대일엠앤쿡,인천,남동구
교통,대창철강,인천,남동구
교통,대토단지앞,인천,남동구
교통,대한솔루션알앤디센터,인천,남동구
교통,더샵그린스퀘어105동,인천,남동구
교통,더샵그린스퀘어107동,인천,남동구
교통,더샵센트럴시티204동,인천,남동구
교통,더샵센트럴시티205동,인천,남동구
교통,더포레스트아파트,인천,남동구
교통,덕창기계,인천,남동구
교통,도림고등학교,인천,남동구
교통,도림동고개,인천,남동구
교통,도림동입구,인천,남동구
교통,도림아이파크아파트,인천,남동구
교통,도림육교,인천,남동구
교통,도림주공1단지,인천,남동구
교통,도림주공208동,인천,남동구
교통,도림주공2단지,인천,남동구
교통,도림포도원,인천,남동구
교통,동녘마을입구,인천,남동구
교통,동보아파트,인천,남동구
교통,동성물산,인천,남동구
교통,동아.팬더아파트,인천,남동구
교통,동암남광장입구,인천,남동구
교통,동암사거리,인천,남동구
교통,동인천중학교,인천,남동구
교통,동춘역(경유),인천,남동구
교통,뒷방죽들,인천,남동구
교통,디에스솔텍,인천,남동구
교통,라이크홈기숙사앞,인천,남동구
교통,레지던스라이크홈,인천,남동구
교통,롯데백화점(인천터미널),인천,남동구
교통,롯데캐슬,인천,남동구
교통,롯데캐슬.모래내시장,인천,남동구
교통,롯데캐슬모래내시장,인천,남동구
교통,롯데캐슬캠퍼스타운,인천,남동구
교통,롯데캐슬후문,인천,남동구
교통,만수1동행정복지센터,인천,남동구
교통,만수2동치안센터,인천,남동구
교통,만수3동주민센터,인천,남동구
교통,만수4동주민센터,인천,남동구
교통,만수5동주민센터입구,인천,남동구
교통,만수6동주민센터입구,인천,남동구
교통,만수7.8단지앞,인천,남동구
교통,만수고등학교,인천,남동구
교통,만수북중학교,인천,남동구
교통,만수소방서,인천,남동구
교통,만수신동아아파트,인천,남동구
교통,만수역,인천,남동구
교통,만수종합시장,인천,남동구
교통,만수주공1단지,인천,남동구
교통,만수주공320동앞,인천,남동구
교통,만수주공4단지,인천,남동구
교통,만수주공정문,인천,남동구
교통,만수주공후문,인천,남동구
교통,만수중(대토단지),인천,남동구
교통,만수중학교후문,인천,남동구
교통,만수초등학교,인천,남동구
교통,만수치안센터,인천,남동구
교통,만월중학교,인천,남동구
교통,만월초등학교,인천,남동구
교통,만의골입구,인천,남동구
교통,면허시험장,인천,남동구
교통,모래내마을,인천,남동구
교통,모래내시장,인천,남동구
교통,모래내시장역(1번출구),인천,남동구
교통,모래내시장역(2번출구),인천,남동구
교통,모래내시장역(3번출구),인천,남동구
교통,모래내시장역(4번출구),인천,남동구
교통,목화예식장,인천,남동구
교통,무내미마을,인천,남동구
교통,문일여자고등학교,인천,남동구
교통,문일여자고등학교후문,인천,남동구
교통,문화공원,인천,남동구
교통,문화예술회관,인천,남동구
교통,미래테크원,인천,남동구
교통,미추홀도서관(벽산아파트),인천,남동구
교통,미추홀외고,인천,남동구
교통,민방위교육장,인천,남동구
교통,박문여자고등학교,인천,남동구
교통,박문중학교,인천,남동구
교통,박문중학교정문,인천,남동구
교통,박문중학교후문,인천,남동구
교통,방죽골,인천,남동구
교통,방죽삼거리,인천,남동구
교통,백제엔지니어링,인천,남동구
교통,번영로제1사거리,인천,남동구
교통,번영로제3사거리,인천,남동구
교통,벧엘감리교회,인천,남동구
교통,벧엘교회,인천,남동구
교통,벽산.이삭아파트,인천,남동구
교통,벽산아파트,인천,남동구
교통,벽산아파트(미추홀도서관),인천,남동구
교통,벽산이삭아파트,인천,남동구
교통,보훈회관,인천,남동구
교통,본향교회,인천,남동구
교통,부평농장,인천,남동구
교통,부평농장의원입구,인천,남동구
교통,부평삼거리,인천,남동구
교통,부평삼거리역,인천,남동구
교통,사리울삼거리,인천,남동구
교통,사리울중학교,인천,남동구
교통,사리울초등학교후문,인천,남동구
교통,삼성바이오로직스,인천,남동구
교통,삼양감속기,인천,남동구
교통,삼원페트라,인천,남동구
교통,삼익.광명아파트,인천,남동구
교통,삼일산업,인천,남동구
교통,삼진금속,인천,남동구
교통,삼천리기계,인천,남동구
교통,삼호제강2공장,인천,남동구
교통,삼환아파트,인천,남동구
교통,상인천중학교,인천,남동구
교통,상인천초등학교,인천,남동구
교통,상진정공,인천,남동구
교통,새마을금고,인천,남동구
교통,새비젼교회,인천,남동구
교통,서울경금속,인천,남동구
교통,서창2지구,인천,남동구
교통,서창JC(미정차),인천,남동구
교통,서창도서관,인천,남동구
교통,서창도서관입구,인천,남동구
교통,서창동우체국,인천,남동구
교통,서창동화원,인천,남동구
교통,서창베라체아파트후문,인천,남동구
교통,서창센트럴푸르지오,인천,남동구
교통,서창이편한세상1002동,인천,남동구
교통,서창이편한세상정문,인천,남동구
교통,서창중학교,인천,남동구
교통,서창퍼스트뷰후문,인천,남동구
교통,서창퍼스트뷰후문맞은편,인천,남동구
교통,서창휴먼시아12단지,인천,남동구
교통,서창휴먼시아8블록후문,인천,남동구
교통,서해그랑블,인천,남동구
교통,서해그랑블아파트후문,인천,남동구
교통,석정여자고등학교,인천,남동구
교통,석천사거리,인천,남동구
교통,석천사거리역,인천,남동구
교통,석천시장,인천,남동구
교통,선수촌사거리,인천,남동구
교통,성강지식산업센터,인천,남동구
교통,성리중학교,인천,남동구
교통,성리초등학교,인천,남동구
교통,성문교회,인천,남동구
교통,성문아파트,인천,남동구
교통,성문아파트(문화연립),인천,남동구
교통,성원기계,인천,남동구
교통,성일산업,인천,남동구
교통,세우산업,인천,남동구
교통,세일빌라.인천산림조합,인천,남동구
교통,세현정공,인천,남동구
교통,센타빌딩,인천,남동구
교통,센트럴자이,인천,남동구
교통,소구월사거리,인천,남동구
교통,소래도서관,인천,남동구
교통,소래마을,인천,남동구
교통,소래산등산로입구,인천,남동구
교통,소래산입구,인천,남동구
교통,소래역사관,인천,남동구
교통,소래초등학교,인천,남동구
교통,소래포구,인천,남동구
교통,소래포구역,인천,남동구
교통,소래포구역종점,인천,남동구
교통,소래포구입구,인천,남동구
교통,소래풍림아파트,인천,남동구
교통,송도더샵그린스퀘어,인천,남동구
교통,송도베르디움더퍼스트후문,인천,남동구
교통,송도소방서(송도스마트밸리),인천,남동구
교통,송도스마트밸리,인천,남동구
교통,송도스포츠센터(LNG야구장),인천,남동구
교통,송도에듀포레푸르지오,인천,남동구
교통,송도에듀포레푸르지오후문,인천,남동구
교통,송도테크노파크IT센터,인천,남동구
교통,송명초등학교,인천,남동구
교통,수림공원,인천,남동구
교통,수산동,인천,남동구
교통,수현마을,인천,남동구
교통,순복음교회,인천,남동구
교통,숭덕여중고입구,인천,남동구
교통,숲속마을,인천,남동구
교통,승기천,인천,남동구
교통,시청광장입구,인천,남동구
교통,신동아아파트,인천,남동구
교통,신성성결교회(올림피아병원),인천,남동구
교통,신세계아파트,인천,남동구
교통,신원기술,인천,남동구
교통,신원아침도시오피스텔(홈플러스),인천,남동구
교통,신일교회,인천,남동구
교통,신한빌딩,인천,남동구
교통,신협,인천,남동구
교통,아모텍,인천,남동구
교통,아주아파트.미추홀학교,인천,남동구
교통,애보박물관,인천,남동구
교통,앰코코리아(블루오션골프클럽),인천,남동구
교통,에몬스가구,인천,남동구
교통,에이에프티,인천,남동구
교통,에코메트로10단지,인천,남동구
교통,에코메트로11단지,인천,남동구
교통,에코메트로11단지후문,인천,남동구
교통,에코메트로1201동,인천,남동구
교통,에코메트로12단지,인천,남동구
교통,에코메트로5단지,인천,남동구
교통,에코메트로5단지506동,인천,남동구
교통,에코메트로5단지506동앞,인천,남동구
교통,에코메트로6단지,인천,남동구
교통,에코메트로7단지,인천,남동구
교통,에코메트로9단지,인천,남동구
교통,에코메트로더타워,인천,남동구
교통,엘아이지식산업센터,인천,남동구
교통,엘아이지식산업센터(맞은편),인천,남동구
교통,엘지슈퍼,인천,남동구
교통,연락골,인천,남동구
교통,연세농장,인천,남동구
교통,연세대,인천,남동구
교통,영림몰딩도어,인천,남동구
교통,영림산업,인천,남동구
교통,영림임업,인천,남동구
교통,영풍아파트,인천,남동구
교통,예림임업,인천,남동구
교통,예술회관역,인천,남동구
교통,예술회관역(4번출구),인천,남동구
교통,오공본드,인천,남동구
교통,오성정밀,인천,남동구
교통,올리브백화점,인천,남동구
교통,올림픽공원,인천,남동구
교통,올림픽생활기념관,인천,남동구
교통,우성1차아파트,인천,남동구
교통,우체국사거리,인천,남동구
교통,운연동,인천,남동구
교통,운연동슈퍼,인천,남동구
교통,운연삼거리,인천,남동구
교통,운연역,인천,남동구
교통,운연천,인천,남동구
교통,운전면허시험장,인천,남동구
교통,원동초등학교,인천,남동구
교통,유수지,인천,남동구
교통,유수지근린공원,인천,남동구
교통,유수지길,인천,남동구
교통,유호엔시티.논현푸르지오,인천,남동구
교통,은봉초등학교,인천,남동구
교통,은성아파트,인천,남동구
교통,은성프레미오,인천,남동구
교통,이삭아파트,인천,남동구
교통,이영화학,인천,남동구
교통,이토상가,인천,남동구
교통,인수초등학교,인천,남동구
교통,인제고등학교,인천,남동구
교통,인천가족공원입구,인천,남동구
교통,인천교회,인천,남동구
교통,인천글로벌캠퍼스,인천,남동구
교통,인천남동우체국,인천,남동구
교통,인천논현역,인천,남동구
교통,인천논현역앞,인천,남동구
교통,인천대공원,인천,남동구
교통,인천대공원역,인천,남동구
교통,인천대공원후문(장수동),인천,남동구
교통,인천서창동우체국,인천,남동구
교통,인천시청후문,인천,남동구
교통,인천예술고등학교,인천,남동구
교통,인천인력개발원,인천,남동구
교통,인천지방중소기업청입구,인천,남동구
교통,인천카톨릭대학교,인천,남동구
교통,인천터미널사거리입구,인천,남동구
교통,임광그대가.서창자이아파트,인천,남동구
교통,임광그대가103동,인천,남동구
교통,임마누엘교회,인천,남동구
교통,작은구월사거리,인천,남동구
교통,장도초등학교,인천,남동구
교통,장서초등학교,인천,남동구
교통,장수.서창동행정복지센터,인천,남동구
교통,장수교,인천,남동구
교통,장수교(서창동입구),인천,남동구
교통,장수동,인천,남동구
교통,장수빌라,인천,남동구
교통,장수사거리,인천,남동구
교통,장수주공(청소년수련원),인천,남동구
교통,장수초등학교,인천,남동구
교통,장수파출소,인천,남동구
교통,장승백이시장,인천,남동구
교통,장인가구,인천,남동구
교통,정광아파트.만수주공11단지,인천,남동구
교통,정다운그린빌,인천,남동구
교통,정왕IC(미정차),인천,남동구
교통,조동초등학교,인천,남동구
교통,주원고개,인천,남동구
교통,주적골,인천,남동구
교통,중부고용노동청(인천고용센터),인천,남동구
교통,중소기업청,인천,남동구
교통,중앙공원사거리,인천,남동구
교통,진흥아파트,인천,남동구
교통,집단에너지,인천,남동구
교통,집단에너지시설,인천,남동구
교통,찬우물,인천,남동구
교통,청광플러스원102동앞,인천,남동구
교통,청광플러스원아파트,인천,남동구
교통,청능로사거리,인천,남동구
교통,청수타워,인천,남동구
교통,청정주말농장,인천,남동구
교통,캐슬해모로,인천,남동구
교통,큰방죽삼거리,인천,남동구
교통,태평1차아파트,인천,남동구
교통,태평2차아파트,인천,남동구
교통,태평아파트입구,인천,남동구
교통,태평양산업,인천,남동구
교통,태화.두진아파트,인천,남동구
교통,태화두진아파트,인천,남동구
교통,테크노파크IT센타,인천,남동구
교통,테크노파크IT센터,인천,남동구
교통,팬더아파트,인천,남동구
교통,풍림아파트,인천,남동구
교통,풍림아파트(소래마을),인천,남동구
교통,프라임,인천,남동구
교통,한국가스공사,인천,남동구
교통,한국건설생활환경시험연구원,인천,남동구
교통,한국마쓰이,인천,남동구
교통,한국방송통신대학교,인천,남동구
교통,한국산업단지공단,인천,남동구
교통,한국전력공사오봉영업소,인천,남동구
교통,한국토지주택공사,인천,남동구
교통,한라아파트,인천,남동구
교통,한빛초교앞,인천,남동구
교통,한진프라자,인천,남동구
교통,한풍산업,인천,남동구
교통,한화지구공원앞,인천,남동구
교통,한희빌딩,인천,남동구
교통,해모로월드뷰,인천,남동구
교통,해성슈퍼,인천,남동구
교통,해안도로신항만교,인천,남동구
교통,해양기계,인천,남동구
교통,향촌주공101동앞,인천,남동구
교통,향촌지구정문,인천,남동구
교통,향촌프라자,인천,남동구
교통,현광아파트,인천,남동구
교통,현광아파트(호산부인과),인천,남동구
교통,현대모닝.임광그대가아파트,인천,남동구
교통,현대아파트,인천,남동구
교통,호구포역,인천,남동구
교통,호반베르디움아파트,인천,남동구
교통,호반베르디움아파트107동,인천,남동구
교통,홈플러스구월점,인천,남동구
교통,화성보일러,인천,남동구
교통,효성상아아파트,인천,남동구
교통,후지테크,인천,남동구
교통,희경산업,인천,남동구
교통,힐캐슬프라자,인천,남동구
교통,간석오거리,인천,남동구
교통,석천사거리역,인천,남동구
교통,예술회관역,인천,남동구
교통,모래내시장역,인천,남동구
교통,만수역,인천,남동구
교통,남동구청역,인천,남동구
교통,인천대공원역,인천,남동구
교통,운연역,인천,남동구
교통,남동인더스파크역,인천,남동구
교통,호구포역,인천,남동구
교통,인천논현역,인천,남동구
교통,소래포구역,인천,남동구
교통,인천1호선,인천,남동구
교통,인천2호선,인천,남동구
교통,수인분당선,인천,남동구
