교통,103,인천,부평구
교통,111,인천,부평구
교통,302,인천,부평구
교통,303,인천,부평구
교통,304,인천,부평구
교통,306,인천,부평구
교통,307,인천,부평구
교통,526,인천,부평구
교통,530,인천,부평구
교통,532,인천,부평구
교통,533,인천,부평구
교통,535,인천,부평구
교통,536,인천,부평구
교통,537,인천,부평구
교통,538,인천,부평구
교통,539,인천,부평구
교통,551,인천,부평구
교통,555,인천,부평구
교통,556,인천,부평구
교통,557,인천,부평구
교통,558,인천,부평구
교통,560,인천,부평구
교통,561,인천,부평구
교통,562,인천,부평구
교통,564,인천,부평구
교통,565,인천,부평구
교통,567,인천,부평구
교통,569,인천,부평구
교통,570,인천,부평구
교통,571,인천,부평구
교통,574,인천,부평구
교통,579,인천,부평구
교통,581,인천,부평구
교통,582,인천,부평구
교통,583,인천,부평구
교통,585,인천,부평구
교통,586,인천,부평구
교통,588,인천,부평구
교통,592,인천,부평구
교통,593,인천,부평구
교통,594,인천,부평구
교통,1200,인천,부평구
교통,1300,인천,부평구
교통,1301,인천,부평구
교통,1302,인천,부평구
교통,1400,인천,부평구
교통,1500,인천,부평구
교통,1601,인천,부평구
교통,3000,인천,부평구
교통,3030,인천,부평구
교통,5000,인천,부평구
교통,8414,인천,부평구
교통,8434,인천,부평구
교통,8821,인천,부평구
교통,9300,인천,부평구
교통,9500,인천,부평구
교통,15707,인천,부평구
교통,103-1,인천,부평구
교통,111-2,인천,부평구
교통,111B,인천,부평구
교통,01월 14일,인천,부평구
교통,01월 16일,인천,부평구
교통,01월 24일,인천,부평구
교통,302B,인천,부평구
교통,303-1,인천,부평구
교통,306A,인천,부평구
교통,03월 02일,인천,부평구
교통,557A,인천,부평구
교통,564-1,인천,부평구
교통,564-2,인천,부평구
교통,584-1,인천,부평구
교통,Jan-59,인천,부평구
교통,Jan-67,인천,부평구
교통,8A,인천,부평구
교통,급행95,인천,부평구
교통,급행97,인천,부평구
교통,급행99,인천,부평구
교통,인천e음61,인천,부평구
교통,(구)현대백화점,인천,부평구
교통,(주)세모입구(린나이코리아),인천,부평구
교통,2001아울렛,인천,부평구
교통,3단지,인천,부평구
교통,3단지관리사무소,인천,부평구
교통,61사단,인천,부평구
교통,61사단입구,인천,부평구
교통,GM물류센터,인천,부평구
교통,KT부평지사,인천,부평구
교통,갈산대동아파트,인천,부평구
교통,갈산동아아파트,인천,부평구
교통,갈산동입구,인천,부평구
교통,갈산동천주교회,인천,부평구
교통,갈산동천주교회맞은편,인천,부평구
교통,갈산두산아파트,인천,부평구
교통,갈산사거리,인천,부평구
교통,갈산새마을금고,인천,부평구
교통,갈산시장,인천,부평구
교통,갈산시장.갈산도서관,인천,부평구
교통,갈산역,인천,부평구
교통,갈산역(1번출구),인천,부평구
교통,갈산역(부평4공단)4번출구,인천,부평구
교통,갈산주공1단지,인천,부평구
교통,갈산주공1단지105동,인천,부평구
교통,갈산주공2단지,인천,부평구
교통,갈산태화아파트,인천,부평구
교통,갈월초등학교,인천,부평구
교통,강인여객,인천,부평구
교통,경남1차아파트,인천,부평구
교통,경남2차,인천,부평구
교통,경남4차,인천,부평구
교통,경남5차,인천,부평구
교통,경인고속도로(가),인천,부평구
교통,경인교회앞,인천,부평구
교통,계량소,인천,부평구
교통,공단오거리,인천,부평구
교통,공단외환은행,인천,부평구
교통,공단입구,인천,부평구
교통,광명아파트,인천,부평구
교통,광일아파트,인천,부평구
교통,구도일주유소,인천,부평구
교통,구산사거리,인천,부평구
교통,구산중학교,인천,부평구
교통,구인천세무고,인천,부평구
교통,군수사령부입구(장애인복지관),인천,부평구
교통,굴다리오거리,인천,부평구
교통,굴포천,인천,부평구
교통,굴포천역(롯데마트),인천,부평구
교통,굴포천역(부평농협),인천,부평구
교통,굴포천역(신복사거리),인천,부평구
교통,굴포천역(욱일아파트),인천,부평구
교통,그린힐아파트,인천,부평구
교통,근로복지공단인천병원,인천,부평구
교통,금마초등학교,인천,부평구
교통,금호아파트,인천,부평구
교통,금호이수마운트밸리,인천,부평구
교통,나누리병원,인천,부평구
교통,농산물시장,인천,부평구
교통,농협로타리,인천,부평구
교통,뉴서울1차,인천,부평구
교통,뉴서울1차아파트,인천,부평구
교통,뉴서울아파트,인천,부평구
교통,다임메가타운,인천,부평구
교통,대동1차후문(종점),인천,부평구
교통,대동아파트,인천,부평구
교통,대동아파트상가,인천,부평구
교통,대동아파트정문앞,인천,부평구
교통,대동어린이집,인천,부평구
교통,대륭맨숀,인천,부평구
교통,대림아파트,인천,부평구
교통,대림아파트후문,인천,부평구
교통,대림연립,인천,부평구
교통,대보아파트,인천,부평구
교통,대성유니드아파트,인천,부평구
교통,대우아파트,인천,부평구
교통,대우자동차판매,인천,부평구
교통,대진아파트,인천,부평구
교통,더필립요양병원,인천,부평구
교통,동광제일교회,인천,부평구
교통,동국무역,인천,부평구
교통,동서식품,인천,부평구
교통,동수교회,인천,부평구
교통,동수역,인천,부평구
교통,동수치안센터,인천,부평구
교통,동아2단지정문,인천,부평구
교통,동아2단지쪽문,인천,부평구
교통,동아아파트,인천,부평구
교통,동아아파트후문,인천,부평구
교통,동암국민주택,인천,부평구
교통,동암남부역,인천,부평구
교통,동암마트,인천,부평구
교통,동암사거리,인천,부평구
교통,동암역,인천,부평구
교통,동암역입구,인천,부평구
교통,두산아파트,인천,부평구
교통,두산위브아파트,인천,부평구
교통,로얄금속,인천,부평구
교통,롯데백화점,인천,부평구
교통,린나이코리아,인천,부평구
교통,마을금고,인천,부평구
교통,명신여자고등학교,인천,부평구
교통,목련어린이집,인천,부평구
교통,무내미마을,인천,부평구
교통,무지개아파트,인천,부평구
교통,문화교회,인천,부평구
교통,미래타운1.2단지,인천,부평구
교통,미래타운5단지,인천,부평구
교통,미래타운5단지501동,인천,부평구
교통,미래타운5단지505동,인천,부평구
교통,미산초등학교,인천,부평구
교통,미추홀아파트,인천,부평구
교통,방촌공원,인천,부평구
교통,백마농협,인천,부평구
교통,백마장농협,인천,부평구
교통,백마장사거리,인천,부평구
교통,백마장입구,인천,부평구
교통,백영아파트,인천,부평구
교통,백운공원,인천,부평구
교통,백운공원(부평아트센터),인천,부평구
교통,백운역,인천,부평구
교통,백운역(파출소),인천,부평구
교통,백운역(하행),인천,부평구
교통,백조세탁소,인천,부평구
교통,백조아파트,인천,부평구
교통,보각사입구,인천,부평구
교통,부개1동행정복지센터,인천,부평구
교통,부개2동행정복지센터,인천,부평구
교통,부개2파출소,인천,부평구
교통,부개3동행정복지센터,인천,부평구
교통,부개3동행정복지센터입구,인천,부평구
교통,부개고입구,인천,부평구
교통,부개농협,인천,부평구
교통,부개서초등학교,인천,부평구
교통,부개성일아파트,인천,부평구
교통,부개여자고등학교,인천,부평구
교통,부개역,인천,부평구
교통,부개우체국,인천,부평구
교통,부개종합시장,인천,부평구
교통,부개주공2단지,인천,부평구
교통,부개주공3단지,인천,부평구
교통,부개주공3단지정문,인천,부평구
교통,부개주공3단지후문,인천,부평구
교통,부개주공6단지,인천,부평구
교통,부개주공7단지,인천,부평구
교통,부개파출소,인천,부평구
교통,부광여자고등학교,인천,부평구
교통,부광초등학교,인천,부평구
교통,부원중학교,인천,부평구
교통,부일여자중학교,인천,부평구
교통,부평2동행정복지센터,인천,부평구
교통,부평6동우체국,인천,부평구
교통,부평6동행정복지센터,인천,부평구
교통,부평LH1(2)단지,인천,부평구
교통,부평감리교회,인천,부평구
교통,부평경찰서,인천,부평구
교통,부평구보건소,인천,부평구
교통,부평구청,인천,부평구
교통,부평구청역,인천,부평구
교통,부평기적의도서관,인천,부평구
교통,부평기적의도서관.삼부한신아파,인천,부평구
교통,부평남부역,인천,부평구
교통,부평남부역입구,인천,부평구
교통,부평남초등학교,인천,부평구
교통,부평남초등학교앞,인천,부평구
교통,부평도서관,인천,부평구
교통,부평동중,인천,부평구
교통,부평래미안아파트,인천,부평구
교통,부평북초등학교,인천,부평구
교통,부평사거리,인천,부평구
교통,부평삼거리역,인천,부평구
교통,부평샬레아파트(세일고등학교),인천,부평구
교통,부평서중,인천,부평구
교통,부평성당,인천,부평구
교통,부평시장,인천,부평구
교통,부평시장(가구의거리),인천,부평구
교통,부평시장(당약국),인천,부평구
교통,부평시장(용갈비),인천,부평구
교통,부평시장(한국자산관리공사),인천,부평구
교통,부평시장(한남프라자),인천,부평구
교통,부평시장역,인천,부평구
교통,부평시장역(부평대로우체국),인천,부평구
교통,부평시장입구,인천,부평구
교통,부평시장입구(2번출구),인천,부평구
교통,부평아트센터,인천,부평구
교통,부평여자고등학교,인천,부평구
교통,부평여자중학교,인천,부평구
교통,부평역,인천,부평구
교통,부평역( CU편의점),인천,부평구
교통,부평역(27번출구),인천,부평구
교통,부평역(구보건소),인천,부평구
교통,부평역(대한극장),인천,부평구
교통,부평역(로터스프라자),인천,부평구
교통,부평역(북인천우체국),인천,부평구
교통,부평역사박물관,인천,부평구
교통,부평우체국,인천,부평구
교통,부평윤산부인과,인천,부평구
교통,부평자이,인천,부평구
교통,부평정수장,인천,부평구
교통,부평중앙침례교회,인천,부평구
교통,부평중학교,인천,부평구
교통,부흥로터리,인천,부평구
교통,부흥약국,인천,부평구
교통,부흥오거리(부흥아파트),인천,부평구
교통,부흥오거리(소망병원),인천,부평구
교통,부흥초교,인천,부평구
교통,부흥초등학교,인천,부평구
교통,북구도서관,인천,부평구
교통,비젼교회,인천,부평구
교통,삭은다리한국지엠,인천,부평구
교통,산곡3동행정복지센터,인천,부평구
교통,산곡교회,인천,부평구
교통,산곡남초등학교,인천,부평구
교통,산곡동입구,인천,부평구
교통,산곡동입구(롯데마트),인천,부평구
교통,산곡동주안빌딩,인천,부평구
교통,산곡동천주교회,인천,부평구
교통,산곡여자중학교,인천,부평구
교통,산곡중학교,인천,부평구
교통,산곡한양7차,인천,부평구
교통,삼미타운,인천,부평구
교통,삼보새마을금고,인천,부평구
교통,삼보아파트,인천,부평구
교통,삼산건강공원,인천,부평구
교통,삼산경찰서,인천,부평구
교통,삼산고등학교(미래타운3단지),인천,부평구
교통,삼산고등학교(미래타운4단지),인천,부평구
교통,삼산글로리병원,인천,부평구
교통,삼산농산물시장,인천,부평구
교통,삼산동차고지,인천,부평구
교통,삼산사거리,인천,부평구
교통,삼산사거리(한국아파트),인천,부평구
교통,삼산사거리.한국아파트,인천,부평구
교통,삼산새마을금고,인천,부평구
교통,삼산서해그랑블,인천,부평구
교통,삼산서해아파트,인천,부평구
교통,삼산월드체육관,인천,부평구
교통,삼산월드체육관(삼산주공6단지),인천,부평구
교통,삼산월드체육관(삼산타운7단지),인천,부평구
교통,삼산주공1단지,인천,부평구
교통,삼산주공1단지(상가앞),인천,부평구
교통,삼산주공4단지,인천,부평구
교통,삼산주공7단지,인천,부평구
교통,삼산주공단지,인천,부평구
교통,삼산중학교,인천,부평구
교통,삼산체육관역,인천,부평구
교통,삼산체육관역(호수공원),인천,부평구
교통,삼산타운1단지,인천,부평구
교통,삼산타운1단지정문,인천,부평구
교통,삼산타운1단지후문,인천,부평구
교통,삼산타운4단지,인천,부평구
교통,삼산타운6단지,인천,부평구
교통,삼산타운7단지,인천,부평구
교통,삼산푸른솔마을,인천,부평구
교통,상정고,인천,부평구
교통,상정중학교,인천,부평구
교통,새마을금고,인천,부평구
교통,새소망교회,인천,부평구
교통,서해그랑블,인천,부평구
교통,서해그랑블후문,인천,부평구
교통,선경아파트,인천,부평구
교통,선린감리교회,인천,부평구
교통,성산교회,인천,부평구
교통,성일아파트후문앞,인천,부평구
교통,세원에너지충전소,인천,부평구
교통,세원에너지충전소(나비공원),인천,부평구
교통,세인아파트,인천,부평구
교통,소망탑빌라,인천,부평구
교통,솔로몬주유소,인천,부평구
교통,송내고등학교,인천,부평구
교통,송내남부역,인천,부평구
교통,수출산업단지6공단입구,인천,부평구
교통,순복음교회,인천,부평구
교통,쉐보레인천서비스,인천,부평구
교통,승보사입구,인천,부평구
교통,시장로터리(중앙철재),인천,부평구
교통,신도실업(주),인천,부평구
교통,신동아상가,인천,부평구
교통,신동아상가(동암역방면),인천,부평구
교통,신동아상가(백운역방면),인천,부평구
교통,신동아아파트116동,인천,부평구
교통,신명보람마을.삼부한신아파트,인천,부평구
교통,신성미소지움,인천,부평구
교통,신성미소지움후문,인천,부평구
교통,신영자동차,인천,부평구
교통,신영자동차(종점),인천,부평구
교통,신촌초등학교,인천,부평구
교통,신트리공원,인천,부평구
교통,십정1동행정복지센터,인천,부평구
교통,십정2동행정복지센터,인천,부평구
교통,십정고개,인천,부평구
교통,십정사거리,인천,부평구
교통,십정시장,인천,부평구
교통,십정시장입구,인천,부평구
교통,십정초등학교,인천,부평구
교통,십정초등학교(동암의원),인천,부평구
교통,쌍용아파트정문,인천,부평구
교통,아울렛(CGV부평),인천,부평구
교통,아이즈빌(부평CGV),인천,부평구
교통,양로원,인천,부평구
교통,엠코타운,인천,부평구
교통,열우물사거리,인천,부평구
교통,열우물테니스경기장,인천,부평구
교통,영선고등학교,인천,부평구
교통,영아다방,인천,부평구
교통,영진아파트,인천,부평구
교통,영창한의원,인천,부평구
교통,예원아파트,인천,부평구
교통,예원아파트입구,인천,부평구
교통,예지아파트,인천,부평구
교통,옐림교회,인천,부평구
교통,오성아파트,인천,부평구
교통,외한은행,인천,부평구
교통,용갈비,인천,부평구
교통,우림라이온스밸리,인천,부평구
교통,우성4차,인천,부평구
교통,우성4차후문,인천,부평구
교통,우성아파트,인천,부평구
교통,우주골드타운빌라,인천,부평구
교통,욱일아파트후문,인천,부평구
교통,원적산터널,인천,부평구
교통,유진시스템앞,인천,부평구
교통,이마트,인천,부평구
교통,인송빌라,인천,부평구
교통,인천교통공사,인천,부평구
교통,인천노인전문병원,인천,부평구
교통,인천미래생활고등학교,인천,부평구
교통,인천성모병원정문,인천,부평구
교통,인천성모병원후문,인천,부평구
교통,인천예림학교(인천성모병원),인천,부평구
교통,인천축산농협,인천,부평구
교통,인평자동차고,인천,부평구
교통,인향아파트,인천,부평구
교통,일신동행정복지센터,인천,부평구
교통,일신시장,인천,부평구
교통,일신주공,인천,부평구
교통,일신주공109동,인천,부평구
교통,전인연립(종점),인천,부평구
교통,정든마을아파트,인천,부평구
교통,정병원,인천,부평구
교통,정원아파트,인천,부평구
교통,종근당,인천,부평구
교통,주공6단지후문,인천,부평구
교통,주공뜨란채아파트,인천,부평구
교통,주공아파트,인천,부평구
교통,주공아파트105동,인천,부평구
교통,주공아파트106동,인천,부평구
교통,중앙아파트,인천,부평구
교통,진산고등학교,인천,부평구
교통,진산중학교,인천,부평구
교통,진산초등학교,인천,부평구
교통,진석상사,인천,부평구
교통,청천농장,인천,부평구
교통,청천농장(종점),인천,부평구
교통,청천농장입구,인천,부평구
교통,청천도서관,인천,부평구
교통,청천동,인천,부평구
교통,청천중학교,인천,부평구
교통,청천천공영주차장,인천,부평구
교통,청천초등학교,인천,부평구
교통,청천초등학교후문,인천,부평구
교통,청천치안센터,인천,부평구
교통,청천푸르지오아파트,인천,부평구
교통,청천하우스디아파트,인천,부평구
교통,충성아파트,인천,부평구
교통,태양주택,인천,부평구
교통,태화아파트,인천,부평구
교통,태화아파트후문,인천,부평구
교통,테니스장,인천,부평구
교통,팔도주유소,인천,부평구
교통,풍림아파트104동,인천,부평구
교통,프리상뜨아파트,인천,부평구
교통,하나아파트,인천,부평구
교통,하정초등학교,인천,부평구
교통,한국만화박물관,인천,부평구
교통,한국샤프(로얄금속),인천,부평구
교통,한국선교역사기념관,인천,부평구
교통,한국아파트,인천,부평구
교통,한국지엠정문,인천,부평구
교통,한국지엠출고문,인천,부평구
교통,한남시티플라자,인천,부평구
교통,한서유통,인천,부평구
교통,한신삼부아파트,인천,부평구
교통,한신휴아파트,인천,부평구
교통,한양쇼핑,인천,부평구
교통,한양아파트,인천,부평구
교통,한화2차,인천,부평구
교통,한화아파트,인천,부평구
교통,해광병원,인천,부평구
교통,해물탕거리,인천,부평구
교통,행정복지센터사거리,인천,부평구
교통,혁이네슈퍼,인천,부평구
교통,현대102동,인천,부평구
교통,현대121동,인천,부평구
교통,현대1단지관리사무소,인천,부평구
교통,현대207동,인천,부평구
교통,현대209동,인천,부평구
교통,현대310동(서중학교),인천,부평구
교통,현대3단지,인천,부평구
교통,현대5차,인천,부평구
교통,현대아파트,인천,부평구
교통,현대아파트105동,인천,부평구
교통,현대아파트113동,인천,부평구
교통,현대아파트116동,인천,부평구
교통,현대아파트119동,인천,부평구
교통,현대아파트120동앞,인천,부평구
교통,현대자동차빌딩앞,인천,부평구
교통,형제마트,인천,부평구
교통,혜성프라자,인천,부평구
교통,호명사입구,인천,부평구
교통,화랑교회,인천,부평구
교통,후정초등학교.삼산도서관,인천,부평구
교통,휴먼시아1단지,인천,부평구
교통,희망천입구,인천,부평구
교통,힘찬병원,인천,부평구
교통,산곡역,인천,부평구
교통,굴포천역,인천,부평구
교통,인천 1호선,인천,부평구
교통,1호선,인천,부평구
교통,7호선,인천,부평구
