주거,우정개나리,인천,남동구
주거,삼보,인천,남동구
주거,이화,인천,남동구
주거,정광,인천,남동구
주거,아주정광,인천,남동구
주거,송정,인천,남동구
주거,동남,인천,남동구
주거,동아,인천,남동구
주거,팬더,인천,남동구
주거,구월아시아드선수촌 1단지,인천,남동구
주거,구월아시아드선수촌 2단지,인천,남동구
주거,구월아시아드선수촌 5단지,인천,남동구
주거,구월아시아드선수촌 6단지,인천,남동구
주거,구월아시아드선수촌 8단지,인천,남동구
주거,구월아시아드선수촌 센트럴자이,인천,남동구
주거,유승한내들퍼스티지아파트,인천,남동구
주거,두플러스,인천,남동구
주거,구월프라움시티,인천,남동구
주거,구월프라움아트,인천,남동구
주거,신세계,인천,남동구
주거,희망,인천,남동구
주거,"우정(철거,2019.11.7.)",인천,남동구
주거,해창,인천,남동구
주거,중앙,인천,남동구
주거,원경,인천,남동구
주거,두드림,인천,남동구
주거,구월힐스테이트롯데캐슬골드(1단지),인천,남동구
주거,롯데캐슬골드(2단지),인천,남동구
주거,구월힐스테이트(3단지),인천,남동구
주거,구월지웰시티푸르지오,인천,남동구
주거,(구)현광,인천,남동구
주거,서울,인천,남동구
주거,(신)현광,인천,남동구
주거,벽산,인천,남동구
주거,드림랜드,인천,남동구
주거,성문,인천,남동구
주거,인천대우재엘에이치,인천,남동구
주거,한진,인천,남동구
주거,동국,인천,남동구
주거,성락,인천,남동구
주거,은하,인천,남동구
주거,삼우,인천,남동구
주거,삼용,인천,남동구
주거,금호,인천,남동구
주거,극동,인천,남동구
주거,주원무지개,인천,남동구
주거,삼미맨션,인천,남동구
주거,신태양,인천,남동구
주거,덕산,인천,남동구
주거,형진프라자,인천,남동구
주거,현대홈타운,인천,남동구
주거,다정한마을 서해아파트,인천,남동구
주거,삼마 TOP-Class,인천,남동구
주거,우신,인천,남동구
주거,희망,인천,남동구
주거,동암,인천,남동구
주거,인향,인천,남동구
주거,동진,인천,남동구
주거,유영(성광),인천,남동구
주거,금호어울림,인천,남동구
주거,래미안자이,인천,남동구
주거,로즈힐(장미연립),인천,남동구
주거,팬더,인천,남동구
주거,팬더,인천,남동구
주거,신한,인천,남동구
주거,간석태화,인천,남동구
주거,두진,인천,남동구
주거,동원,인천,남동구
주거,이삭,인천,남동구
주거,인천간석LH1단지,인천,남동구
주거,인천간석LH2단지,인천,남동구
주거,청실,인천,남동구
주거,(구)광명,인천,남동구
주거,(구)한국,인천,남동구
주거,영남,인천,남동구
주거,(신)광명,인천,남동구
주거,복음,인천,남동구
주거,(신)한국,인천,남동구
주거,우성,인천,남동구
주거,현광,인천,남동구
주거,현대,인천,남동구
주거,우성2차,인천,남동구
주거,청실프라자,인천,남동구
주거,세종보라,인천,남동구
주거,간석마을 풍림아이원,인천,남동구
주거,행복누리움,인천,남동구
주거,신동아파밀리에명품,인천,남동구
주거,웰스하임,인천,남동구
주거,한신더휴,인천,남동구
주거,삼일,인천,남동구
주거,삼성,인천,남동구
주거,삼환1차,인천,남동구
주거,삼환2차,인천,남동구
주거,만수주공7,인천,남동구
주거,만수주공8,인천,남동구
주거,한국공영,인천,남동구
주거,삼부,인천,남동구
주거,(구)성신2차,인천,남동구
주거,1차아주,인천,남동구
주거,2차아주,인천,남동구
주거,(구)대동,인천,남동구
주거,아주3차,인천,남동구
주거,정광,인천,남동구
주거,신한(2차),인천,남동구
주거,(신)성신,인천,남동구
주거,공작,인천,남동구
주거,(신)대동,인천,남동구
주거,신동아,인천,남동구
주거,신한5차,인천,남동구
주거,태화상가,인천,남동구
주거,성신,인천,남동구
주거,만수주공11단지,인천,남동구
주거,인평스페스힐,인천,남동구
주거,삼익 플라주,인천,남동구
주거,향촌휴먼시아1단지,인천,남동구
주거,향촌휴먼시아2단지,인천,남동구
주거,이성,인천,남동구
주거,영풍1차(B단지),인천,남동구
주거,영풍2차(A단지),인천,남동구
주거,햇빛마을벽산,인천,남동구
주거,산호마을,인천,남동구
주거,대성유니드,인천,남동구
주거,만수주공1단지,인천,남동구
주거,만수주공2단지,인천,남동구
주거,만수주공3단지,인천,남동구
주거,만수주공4단지,인천,남동구
주거,만수주공5단지,인천,남동구
주거,만수주공6단지,인천,남동구
주거,신화,인천,남동구
주거,동남,인천,남동구
주거,효성상아,인천,남동구
주거,금원,인천,남동구
주거,미림,인천,남동구
주거,신한,인천,남동구
주거,현광,인천,남동구
주거,삼용,인천,남동구
주거,영종,인천,남동구
주거,고운웰리움,인천,남동구
주거,공작,인천,남동구
주거,진흥,인천,남동구
주거,광명,인천,남동구
주거,대동,인천,남동구
주거,한국,인천,남동구
주거,뉴서울,인천,남동구
주거,삼익세라믹,인천,남동구
주거,금호타운,인천,남동구
주거,남동,인천,남동구
주거,현대,인천,남동구
주거,담방마을,인천,남동구
주거,만수주공9단지,인천,남동구
주거,만수주공10단지,인천,남동구
주거,이삭1차,인천,남동구
주거,이삭2차,인천,남동구
주거,하우스토리 만수,인천,남동구
주거,태평1차,인천,남동구
주거,태평2차,인천,남동구
주거,현대모닝사이드,인천,남동구
주거,임광그대가,인천,남동구
주거,서해그랑블아파트,인천,남동구
주거,서창자이아파트,인천,남동구
주거,서창LH11단지,인천,남동구
주거,서창LH7단지,인천,남동구
주거,서창LH8단지,인천,남동구
주거,서창LH12단지,인천,남동구
주거,서창e편한세상,인천,남동구
주거,호반베르디움,인천,남동구
주거,서창LH6단지,인천,남동구
주거,서창LH1단지,인천,남동구
주거,서창LH3단지 청아안,인천,남동구
주거,청광플러스원,인천,남동구
주거,서창엘에이치15단지(행복),인천,남동구
주거,서창 더포레스트(2LB)공공,인천,남동구
주거,서창 센트럴푸르지오(5BL),인천,남동구
주거,서창꿈에그린,인천,남동구
주거,서창LH14단지,인천,남동구
주거,장수주공,인천,남동구
주거,한별렉스힐,인천,남동구
주거,청호,인천,남동구
주거,풍림1차,인천,남동구
주거,풍림2차,인천,남동구
주거,풍림3차,인천,남동구
주거,삼호,인천,남동구
주거,도림주공1단지,인천,남동구
주거,도림주공그린빌2단지,인천,남동구
주거,벽산블루밍,인천,남동구
주거,도림아이파크,인천,남동구
주거,이안라온파미에하우스,인천,남동구
주거,논현엘에이치4단지(하늘마을),인천,남동구
주거,한라,인천,남동구
주거,풍림,인천,남동구
주거,논현휴먼시아12단지(산뒤마을),인천,남동구
주거,논현휴먼시아13단지(푸르내마을),인천,남동구
주거,논현휴먼시아8단지(동산마을),인천,남동구
주거,논현휴먼시아11단지(단풍마을),인천,남동구
주거,논현휴먼시아14단지(등대마을),인천,남동구
주거,냇마을 신영지웰,인천,남동구
주거,별빛마을웰카운티,인천,남동구
주거,논현주공1단지,인천,남동구
주거,논현주공2-1단지(201동~211동),인천,남동구
주거,논현주공2-2단지(212동~),인천,남동구
주거,동보,인천,남동구
주거,논현휴먼시아5단지(달빚이마을),인천,남동구
주거,새터마을 신일해피트리,인천,남동구
주거,어진마을 한화꿈에그린,인천,남동구
주거,논현휴먼시아3단지(하늘마을),인천,남동구
주거,논현휴먼시아2단지(범마을),인천,남동구
주거,논현휴먼시아1단지(숲속마을),인천,남동구
주거,에코메트로11단지,인천,남동구
주거,에코메트로12단지,인천,남동구
주거,논현힐스테이트,인천,남동구
주거,에코메트로5단지,인천,남동구
주거,에코메트로6단지,인천,남동구
주거,에코메트로7단지,인천,남동구
주거,에코메트로10단지,인천,남동구
주거,에코메트로9단지,인천,남동구
주거,소래휴먼시아3단지,인천,남동구
주거,소래휴먼시아1단지,인천,남동구
주거,논현유호N-CITY1단지,인천,남동구
주거,에코메트로3차 더타워,인천,남동구
주거,소래휴먼시아4단지,인천,남동구
주거,한양수자인 아르디에,인천,남동구
주거,논현 유승한내들 와이드오션,인천,남동구
주거,논현 푸르지오,인천,남동구
