교육,인천남동초등학교,인천,남동구
교육,인천간석초등학교,인천,남동구
교육,인천구월서초등학교,인천,남동구
교육,인천구월초등학교,인천,남동구
교육,상인천초등학교,상인,남동구
교육,인천신월초등학교,인천,남동구
교육,인천조동초등학교,인천,남동구
교육,인천도림초등학교,인천,남동구
교육,인천만수초등학교,인천,남동구
교육,인천석정초등학교,인천,남동구
교육,인천인수초등학교,인천,남동구
교육,인천약산초등학교,인천,남동구
교육,인천장수초등학교,인천,남동구
교육,인천서창초등학교,인천,남동구
교육,인천새말초등학교,인천,남동구
교육,인천고잔초등학교,인천,남동구
교육,인천논현초등학교,인천,남동구
교육,인천동방초등학교,인천,남동구
교육,인천석천초등학교,인천,남동구
교육,인천소래초등학교,인천,남동구
교육,인천은봉초등학교,인천,남동구
교육,인천송천초등학교,인천,남동구
교육,인천논곡초등학교,인천,남동구
교육,인천상아초등학교,인천,남동구
교육,인천만월초등학교,인천,남동구
교육,인천사리울초등학교,인천,남동구
교육,인천장도초등학교,인천,남동구
교육,인천담방초등학교,인천,남동구
교육,인천장아초등학교,인천,남동구
교육,석정초등학교,석정,남동구
교육,구월중학교,구월,남동구
교육,구월여자중학교,구월,남동구
교육,만수중학교,만수,남동구
교육,인천논현중학교,인천,남동구
교육,만수여자중학교,만수,남동구
교육,상인천중학교,상인,남동구
교육,동인천중학교,동인,남동구
교육,상인천여자중학교,상인,남동구
교육,인천사리울중학교,인천,남동구
교육,석정중학교,석정,남동구
교육,인천성리중학교,인천,남동구
교육,인천동방중학교,인천,남동구
교육,만성중학교,만성,남동구
교육,간석여자중학교,간석,남동구
교육,논곡중학교,논곡,남동구
교육,남동중학교,남동,남동구
교육,인천고잔중학교,인천,남동구
교육,인천서창중학교,인천,남동구
교육,인천정각중학교,인천,남동구
교육,만월중학교,만월,남동구
교육,만수북중학교,만수,남동구
교육,숭덕여자중학교,숭덕,남동구
교육,신명여자고등학교,신명,남동구
교육,문일여자고등학교,문일,남동구
교육,인천예술고등학교,인천,남동구
교육,인제고등학교,인제,남동구
교육,동인천고등학교,동인,남동구
교육,미추홀외국어고등학교,미추,남동구
교육,숭덕여자고등학교,숭덕,남동구
교육,석정여자고등학교,석정,남동구
교육,인천남동고등학교,인천,남동구
교육,인천금융고등학교,인천,남동구
교육,인천만수고등학교,인천,남동구
교육,도림고등학교,도림,남동구
교육,인천논현고등학교,인천,남동구
교육,인천고잔고등학교,인천,남동구
교육,인천남고등학교,인천,남동구
교육,인천송천고등학교,인천,남동구
교육,르하임스터디카페 인천구월점,르하,남동구
교육,어라운드스터디카페 구월점,어라,남동구
교육,열공스터디카페 구월본점,열공,남동구
교육,르하임스터디카페 인천만수점,르하,남동구
교육,비에이블스터디카페 인천간석센터,비에,남동구
교육,공간샘스터디카페 인천구월점,공간,남동구
교육,로고스 스터디카페,로고,남동구
교육,유앤아이스터디카페 간석점,유앤,남동구
교육,위넌스터디카페 간석역점,위넌,남동구
교육,이룸스터디카페 인천만수점,이룸,남동구
교육,플랜에이스터디카페 만수센터,플랜,남동구
교육,초심스터디카페 구월로데오점,초심,남동구
교육,미바라운지카페 인천만수역점,미바,남동구
교육,365스터디카페,36,남동구
교육,플랜트스터디카페 구월아시아드라운지,플랜,남동구
교육,셀독24스터디카페 구월동점,셀독,남동구
교육,미바라운지스터디카페 인천간석점,미바,남동구
교육,어라운드스터디카페 구월아시아드점,어라,남동구
교육,작심스터디카페 인천구월점,작심,남동구
교육,어라운드스터디카페 인천만수점,어라,남동구
교육,그루스터디카페 인천서창센터,그루,남동구
교육,시작스터디카페 인천논현점,시작,남동구
교육,동네스터디카페 만수점,동네,남동구
교육,미바라운지 소래포구점,미바,남동구
교육,스터디멘토링카페,스터,남동구
교육,신스터디카페,신스,남동구
교육,플랜에이스터디카페 논현소래센터,플랜,남동구
교육,초심스터디카페 인천구월점,초심,남동구
교육,어반스터디카페 구월점,어반,남동구
교육,르하임스터디카페 인천논현점,르하,남동구
교육,하우스터디 인천논현스터디카페,하우,남동구
교육,시너지플레이스 인천간석점,시너,남동구
교육,노벨스터디카페 서창센터점,노벨,남동구
교육,작심스터디카페 인천호구포역점,작심,남동구
교육,스터디카페공심 서창센터,스터,남동구
교육,비케이스터디카페,비케,남동구
교육,열공스터디카페 간석점,열공,남동구
교육,브리즈 스터디카페 인천논현점,브리,남동구
교육,이지스터디카페 논현센터,이지,남동구
교육,열공스터디카페 인천논현점,열공,남동구
교육,최애스터디카페,최애,남동구
교육,비에이블스터디카페 인천서창센터,비에,남동구
교육,비책스터디카페,비책,남동구
교육,지금스터디카페,지금,남동구
교육,어라운드스터디카페 인천논현동점,어라,남동구
교육,열공스터디카페 서창점,열공,남동구
교육,블루문스터디카페 인천논현점,블루,남동구
교육,초심스터디카페 인천논현점,초심,남동구
교육,비에이블스터디카페 논현센터,비에,남동구
교육,런앤런스터디카페 만수점,런앤,남동구
교육,그루스터디카페 인천논현센터,그루,남동구
교육,스터디카페 집중,스터,남동구
교육,리게인스터디카페 인천도림점,리게,남동구
교육,시스스터디카페 인천논현점,시스,남동구
교육,착한투자스터디 N 갤러리카페,착한,남동구
교육,잇올 관리형 스터디카페 인천 논현점,잇올,남동구
교육,기본스터디카페 간석역점,기본,남동구
교육,스터디카페디딤 구월센터,스터,남동구
교육,비온탑스터디카페 인천구월직영점,비온,남동구
교육,수스터디카페,수스,남동구
교육,공간샘스터디카페오피스 인천구월동2호점,공간,남동구
교육,1326수학학원,13,남동구
교육,21세기쥴리어드음악학원,21,남동구
교육,2지구점아뜰리에벨미술학원,2지,남동구
교육,3030영수학원,30,남동구
교육,3030영어구월러닝센터영어교습소,30,남동구
교육,801수학의신학원,80,남동구
교육,801에듀케이션학원,80,남동구
교육,BK학원,BK,남동구
교육,BW학원,BW,남동구
교육,CMS수학융합사고력학원,CM,남동구
교육,DnS수학학원,Dn,남동구
교육,EBY토킹클럽영어학원,EB,남동구
교육,EIE고려대학교국제어학원영어교육프로그램구월이아이이어학원,EI,남동구
교육,EIE고려대학교국제어학원영어교육프로그램논현학원,EI,남동구
교육,EM정학원,EM,남동구
교육,EM학원,EM,남동구
교육,ERI펀핑영어학원,ER,남동구
교육,EZST수학교습소,EZ,남동구
교육,e해법수학해법영어교실소래해법학원,e해,남동구
교육,G1230간석캠퍼스고등학원,G1,남동구
교육,G1230간석캠퍼스초중학원,G1,남동구
교육,G1230수학에스라이팅어학원,G1,남동구
교육,GGE영어수학만수제일학원,GG,남동구
교육,GnB남동캠퍼스명문학원,Gn,남동구
교육,GNJ학원,GN,남동구
교육,G뮤직트리음악학원,G뮤,남동구
교육,I버클리(berkeley)실용음악학원,I버,남동구
교육,Jam있는도예미술교습소,Ja,남동구
교육,JIN수학과학학원,JI,남동구
교육,JK댄스아카데미학원,JK,남동구
교육,JM영어영어교습소,JM,남동구
교육,JM영어학원,JM,남동구
교육,JS독학재수&대지학원,JS,남동구
교육,KNS연세영어학원,KN,남동구
교육,K실용음악학원,K실,남동구
교육,MBA(엠비에이)수학영어학원,MB,남동구
교육,MBC아카데미뷰티미용학원,MB,남동구
교육,MIO(미오)일본어학원,MI,남동구
교육,MI교육학원,MI,남동구
교육,MK컴퓨터학원,MK,남동구
교육,OTG영어학원,OT,남동구
교육,PK독학재수재학학원,PK,남동구
교육,SAC잉글리시아이영어학원,SA,남동구
교육,SBS아카데미컴퓨터아트학원,SB,남동구
교육,SJ과학전문학원,SJ,남동구
교육,SNU에스엔유수학과학전문학원,SN,남동구
교육,SNU프라임영어수학전문학원,SN,남동구
교육,SOS학원,SO,남동구
교육,SPI싸우스랜드인터내셔날학원,SP,남동구
교육,T&C학원,T&,남동구
교육,TJ수학학원,TJ,남동구
교육,TOZ토즈스터디센터논현독서실 ,TO,남동구
교육,WSE영어학원,WS,남동구
교육,YBM리딩클럽sisa영어교습소,YB,남동구
교육,YH수학교습소,YH,남동구
교육,가람음악교습소,가람,남동구
교육,가온음악교습소,가온,남동구
교육,간석남촌학원,간석,남동구
교육,간석마스터커피학원,간석,남동구
교육,간석미용학원,간석,남동구
교육,간석슈만음악학원,간석,남동구
교육,간석홍익미술학원,간석,남동구
교육,강고집수학교습소,강고,남동구
교육,강일구영어전문학원,강일,남동구
교육,강친학원,강친,남동구
교육,강태우어학원,강태,남동구
교육,개념원리구월제2수학교습소,개념,남동구
교육,거문경매학원,거문,남동구
교육,겨자씨의꿈구월학원,겨자,남동구
교육,경진음악학원,경진,남동구
교육,경희필음악학원,경희,남동구
교육,고139이미용학원,고1,남동구
교육,고대스파르타영어학원,고대,남동구
교육,고려기술학원,고려,남동구
교육,고려수학클리닉수학교습소,고려,남동구
교육,고려엠수학학원,고려,남동구
교육,공부의철인인천논현학원,공부,남동구
교육,관교색소폰학원,관교,남동구
교육,관교음악학원,관교,남동구
교육,구공삼학원,구공,남동구
교육,구루터기미술교습소,구루,남동구
교육,구백삼학원,구백,남동구
교육,구쌤그룹스터디수학교습소,구쌤,남동구
교육,구월C&C미술학원디자인씨앤씨미술학원,구월,남동구
교육,구월SBS아카데미미용학원,구월,남동구
교육,구월국풍2000학원,구월,남동구
교육,구월로제타스톤영어학원,구월,남동구
교육,구월리드앤톡&리드인학원,구월,남동구
교육,구월삼성영어수학전문학원,구월,남동구
교육,구월샤론음악교습소,구월,남동구
교육,구월소마사고력수학학원,구월,남동구
교육,구월숙명라라무용학원,구월,남동구
교육,구월스카이수학과학전문학원,구월,남동구
교육,구월이스턴학원,구월,남동구
교육,구월이투스수학학원,구월,남동구
교육,구월정철어학원,구월,남동구
교육,구월제2삼성영어교습소,구월,남동구
교육,구월퍼스트해법영어학원,구월,남동구
교육,구월피아노플레이스학원,구월,남동구
교육,구월필아트미술학원,구월,남동구
교육,구월힐캐슬뮤엠영어교습소,구월,남동구
교육,국과수학원,국과,남동구
교육,국두국어2관학원,국두,남동구
교육,국두국어학원,국두,남동구
교육,국어의모든것학원,국어,남동구
교육,국어전문바람과별국어교습소,국어,남동구
교육,국제요리학원,국제,남동구
교육,그라베음악학원,그라,남동구
교육,그랑피아노음악교습소,그랑,남동구
교육,그래핀수학영어&삼성영어학원,그래,남동구
교육,그래핀수학영어학원,그래,남동구
교육,그레이스킴플로리스트학원,그레,남동구
교육,그레이스피아노플룻음악교습소,그레,남동구
교육,그리다아트미술교습소,그리,남동구
교육,그림공간미술교습소,그림,남동구
교육,그림나라미술교습소,그림,남동구
교육,그림정원미술교습소,그림,남동구
교육,그림터미술교습소,그림,남동구
교육,근명지학원,근명,남동구
교육,글로벌누리영어학원,글로,남동구
교육,글로티스독학재수학원,글로,남동구
교육,글로티스아카데미학원,글로,남동구
교육,금강미술교습소,금강,남동구
교육,금강학원,금강,남동구
교육,금별피아노학원,금별,남동구
교육,금혜령음악학원,금혜,남동구
교육,기분좋은페르마학원,기분,남동구
교육,기탄사고력교실서창학원,기탄,남동구
교육,길관리독서실,길관,남동구
교육,김덕집메타바둑학원,김덕,남동구
교육,김동숙피아노학원,김동,남동구
교육,김샘수학학원,김샘,남동구
교육,김학현드럼교습소,김학,남동구
교육,꼬물꼬국어교습소,꼬물,남동구
교육,꿈꾸는아이음악교습소,꿈꾸,남동구
교육,꿈나무피아노교습소,꿈나,남동구
교육,꿈독서실,꿈독,남동구
교육,꿈미술교습소,꿈미,남동구
교육,나라음악학원,나라,남동구
교육,나래샘학원,나래,남동구
교육,나무피아노교습소,나무,남동구
교육,나연음악교습소,나연,남동구
교육,나의선율음악학원,나의,남동구
교육,난초피아노교습소,난초,남동구
교육,난파음악학원,난파,남동구
교육,남다른영수학원,남다,남동구
교육,남동ECC영어교실학원,남동,남동구
교육,남동간호학원,남동,남동구
교육,남동대한논리속독학원,남동,남동구
교육,남동솔로몬학원,남동,남동구
교육,남동엘리트원보습학원,남동,남동구
교육,남동영재사관학원,남동,남동구
교육,남동예샘음악학원,남동,남동구
교육,남동지퍼스트어학원,남동,남동구
교육,남동프리에듀메카보습학원,남동,남동구
교육,남동하이테크로봇학원,남동,남동구
교육,내꿈의시작C&C미술학원씨앤씨미술학원,내꿈,남동구
교육,너머넘어논술교습소,너머,남동구
교육,네오뮤직슐레음악학원,네오,남동구
교육,노쌤과학교습소,노쌤,남동구
교육,녹색수학교습소,녹색,남동구
교육,논개교육언어논술학원,논개,남동구
교육,논곡해법수학교습소,논곡,남동구
교육,논현e해법수학교습소,논현,남동구
교육,논현SBS아카데미미용학원,논현,남동구
교육,논현UAS영어학원,논현,남동구
교육,논현가우스학원,논현,남동구
교육,논현간호학원,논현,남동구
교육,논현강의하는아이들학원,논현,남동구
교육,논현모든학원,논현,남동구
교육,논현볼쇼이무용학원,논현,남동구
교육,논현비욘드어학원,논현,남동구
교육,논현색소폰학원,논현,남동구
교육,논현숙명음악학원,논현,남동구
교육,논현시냇가에심은나무미술학원,논현,남동구
교육,논현에녹실용음악학원,논현,남동구
교육,논현에코제임스권영어학원,논현,남동구
교육,논현영재e아카데미학원,논현,남동구
교육,논현영재아카데미학원,논현,남동구
교육,논현예일음악학원,논현,남동구
교육,논현오르난무용학원,논현,남동구
교육,논현와이즈만영재교육학원,논현,남동구
교육,논현요리제과커피학원,논현,남동구
교육,논현위니드수학학원,논현,남동구
교육,논현이투스수학학원,논현,남동구
교육,논현이화어학원,논현,남동구
교육,논현이화음악학원,논현,남동구
교육,논현잉글리쉬무무학원,논현,남동구
교육,논현지앤비어학원,논현,남동구
교육,논현지캠프클래스학원,논현,남동구
교육,논현최고수학교습소,논현,남동구
교육,논현하이스트학원,논현,남동구
교육,논현홍익미술학원,논현,남동구
교육,놀이터미술교습소,놀이,남동구
교육,눈높이러닝센터간석학원,눈높,남동구
교육,눈높이러닝센터구월학원,눈높,남동구
교육,눈높이러닝센터논현에코학원,눈높,남동구
교육,눈높이러닝센터서창하늬학원,눈높,남동구
교육,눈높이러닝센터인동학원,눈높,남동구
교육,뉴엔젤음악학원,뉴엔,남동구
교육,뉴이화피아노,뉴이,남동구
교육,늘빛수학교습소,늘빛,남동구
교육,늘푸른독서실,늘푸,남동구
교육,니하오중국어학원,니하,남동구
교육,다니엘영어교습소,다니,남동구
교육,다니엘위즈덤간석학원,다니,남동구
교육,다니엘위즈덤학원,다니,남동구
교육,다니엘주안학원,다니,남동구
교육,다인보습학원,다인,남동구
교육,단디수학교습소,단디,남동구
교육,달팽이미술교습소,달팽,남동구
교육,담방뮤직아이음악학원,담방,남동구
교육,대교솔루니독서논술교습소,대교,남동구
교육,대명플러스학원,대명,남동구
교육,대성IT컴퓨터학원,대성,남동구
교육,대영보습학원,대영,남동구
교육,대준수학교습소,대준,남동구
교육,대한폴댄스연맹학원,대한,남동구
교육,더(The)그림미술교습소,더(,남동구
교육,더(the)연세음악학원,더(,남동구
교육,더국어논술전문학원,더국,남동구
교육,더두드림수학전문학원,더두,남동구
교육,더라이언영어전문학원,더라,남동구
교육,더블제이수학전문학원,더블,남동구
교육,더쎈플러스학원,더쎈,남동구
교육,더앰앤비(The M&B)댄스스포츠학원,더앰,남동구
교육,더올림클래스영어수학학원,더올,남동구
교육,더클립수학교습소,더클,남동구
교육,더피아노음악학원,더피,남동구
교육,더하다독서논술교습소,더하,남동구
교육,데이조이(Day Joy)음악학원,데이,남동구
교육,데카르트학원,데카,남동구
교육,도레미음악교습소,도레,남동구
교육,도전수학교습소,도전,남동구
교육,도제원학원,도제,남동구
교육,독하게푸는수학교습소,독하,남동구
교육,독학영어교습소,독학,남동구
교육,동하음악교습소,동하,남동구
교육,동헌서예교습소,동헌,남동구
교육,동화스터디영어교습소,동화,남동구
교육,두드림아시아드독서실,두드,남동구
교육,드림미술학원,드림,남동구
교육,드림영어교습소,드림,남동구
교육,디벨로드(Deveroad)학원,디벨,남동구
교육,디어로봇(Dear Robot)학원,디어,남동구
교육,뜨레봄미술교습소,뜨레,남동구
교육,라라키즈가든꽃꽂이교습소,라라,남동구
교육,라비에벨발레학원,라비,남동구
교육,라솜(Lasom)학원,라솜,남동구
교육,라온음악교습소,라온,남동구
교육,라임미술학원,라임,남동구
교육,라임실용음악학원,라임,남동구
교육,라피오레아카데미학원,라피,남동구
교육,러셀스터디고등부학원,러셀,남동구
교육,러셀스터디학원,러셀,남동구
교육,레가토피아노학원,레가,남동구
교육,레드버튼실용음악학원,레드,남동구
교육,레마영수학원,레마,남동구
교육,레브아트미술교습소,레브,남동구
교육,렘브란트미술교습소,렘브,남동구
교육,로보홀릭로봇학원,로보,남동구
교육,로봇아이학원,로봇,남동구
교육,로열실용음악학원,로열,남동구
교육,로이즈무용학원,로이,남동구
교육,로제타스톤영어교습소,로제,남동구
교육,로제타스톤영어학원,로제,남동구
교육,루바토MUSIC음악교습소,루바,남동구
교육,루체테학원,루체,남동구
교육,루피나음악학원,루피,남동구
교육,리더스국어교습소,리더,남동구
교육,리더십비전학원,리더,남동구
교육,리듬스타창의예술학원,리듬,남동구
교육,리딩가든영어원서학원,리딩,남동구
교육,리딩비학원,리딩,남동구
교육,리라피아노학원,리라,남동구
교육,리샘미술교습소,리샘,남동구
교육,리얼스터디학원,리얼,남동구
교육,리즈잉글리쉬영어교습소,리즈,남동구
교육,리틀씨드영어교습소,리틀,남동구
교육,리프실용음악학원,리프,남동구
교육,림독서코칭센터논술교습소,림독,남동구
교육,링키인천논현센터영어교습소,링키,남동구
교육,마상용색소폰학원,마상,남동구
교육,마술피리피아노실용음악학원,마술,남동구
교육,마스터수학교습소,마스,남동구
교육,마에스트로제과제빵학원,마에,남동구
교육,마이브러리(mybrary)독서실,마이,남동구
교육,마카롱잉글리쉬영어교습소,마카,남동구
교육,마틴영어교습소,마틴,남동구
교육,마플수학이든국어학원,마플,남동구
교육,만두국어전문학원,만두,남동구
교육,만수2러닝센터삼공삼공영어교습소,만수,남동구
교육,만수소담미술교습소,만수,남동구
교육,만수씨앤씨미술학원,만수,남동구
교육,만수이제마독서실,만수,남동구
교육,만수이화어학원,만수,남동구
교육,만수작심독서실,만수,남동구
교육,만수주공논술교습소,만수,남동구
교육,만수지앤비학원,만수,남동구
교육,만수플러스보습학원,만수,남동구
교육,만수하얀나무미술학원,만수,남동구
교육,만수한샘학원,만수,남동구
교육,많은물소리음악학원,많은,남동구
교육,맑은소리음악학원,맑은,남동구
교육,맛있는영어수학학원,맛있,남동구
교육,맞춤수학교습소,맞춤,남동구
교육,매스스타트어학원,매스,남동구
교육,매쓰앤랭귀지전문단과학원,매쓰,남동구
교육,매쓰플라넷학원,매쓰,남동구
교육,맥학원,맥학,남동구
교육,메가스터디교육엠베스트공부학원,메가,남동구
교육,메가스터디컴퓨터아카데미학원,메가,남동구
교육,메티스수학전문학원,메티,남동구
교육,멘토공부하는아이들수학교습소,멘토,남동구
교육,멘토더메건어학원,멘토,남동구
교육,멘토링영수전문학원,멘토,남동구
교육,멘토수학교습소,멘토,남동구
교육,멘토피아노치는아이들학원,멘토,남동구
교육,멜로스음악학원,멜로,남동구
교육,명문이룸학원,명문,남동구
교육,명문학원,명문,남동구
교육,명문해냄학원,명문,남동구
교육,명수학교습소,명수,남동구
교육,명지피아노교습소,명지,남동구
교육,명품영수학원수학영어전문학원,명품,남동구
교육,모크코딩교습소,모크,남동구
교육,목동영어어학원,목동,남동구
교육,몬스터학원,몬스,남동구
교육,무지개피아노교습소,무지,남동구
교육,문뷰티미용학원,문뷰,남동구
교육,뮤엠구월서초영어교습소,뮤엠,남동구
교육,뮤엠영어남촌영어교습소,뮤엠,남동구
교육,뮤엠영어논현영어교습소,뮤엠,남동구
교육,뮤엠영어도림학원,뮤엠,남동구
교육,뮤엠영어서창e편한영어교습소,뮤엠,남동구
교육,뮤엠영어서창호반영어교습소,뮤엠,남동구
교육,뮤엠영어스텝바이스텝학원,뮤엠,남동구
교육,뮤엠영어원동초영어교습소,뮤엠,남동구
교육,뮤즈클래스음악교습소,뮤즈,남동구
교육,미노국어교습소,미노,남동구
교육,미노미술학원,미노,남동구
교육,미노수학교습소,미노,남동구
교육,미들하이이스턴영어서창센터학원,미들,남동구
교육,미들하이이스턴학원,미들,남동구
교육,미라클에듀수학학원,미라,남동구
교육,미래간호학원,미래,남동구
교육,미래삼성영어교습소,미래,남동구
교육,미래수학교습소,미래,남동구
교육,미래인재학원,미래,남동구
교육,미래피아노교습소,미래,남동구
교육,미술로생각하기학원,미술,남동구
교육,미술시간미술교습소,미술,남동구
교육,미술하다미술교습소,미술,남동구
교육,미예뜰화실미술교습소,미예,남동구
교육,미요아트키즈클래스(Miyo Art Kids Class)미술교습소,미요,남동구
교육,미추홀음악학원,미추,남동구
교육,미추홀특목전문영어교습소,미추,남동구
교육,미추홀피아노교습소,미추,남동구
교육,민음악학원,민음,남동구
교육,밀리언댄스학원,밀리,남동구
교육,밀턴영어학원,밀턴,남동구
교육,밀턴주니어영어학원,밀턴,남동구
교육,밀턴학원,밀턴,남동구
교육,바라학원,바라,남동구
교육,바로수학학원,바로,남동구
교육,바른독서실,바른,남동구
교육,바른에듀케이션학원,바른,남동구
교육,바앤텐더칵테일학원,바앤,남동구
교육,바이써클수학학원,바이,남동구
교육,바이써클영어학원,바이,남동구
교육,바이제이피아노교습소,바이,남동구
교육,바탕소창작소미술교습소,바탕,남동구
교육,박&박수학학원,박&,남동구
교육,박대성색소폰학원,박대,남동구
교육,박은정영어박지은수학학원,박은,남동구
교육,박주희피아노교습소,박주,남동구
교육,박피아노과외교습소,박피,남동구
교육,박호철수학교습소,박호,남동구
교육,반디과학전문학원,반디,남동구
교육,발레무용전문로얄(royal)학원,발레,남동구
교육,밝은내일학원,밝은,남동구
교육,방울피아노과외교습소,방울,남동구
교육,배우는배우다연기뮤지컬학원,배우,남동구
교육,배움마루학원,배움,남동구
교육,백결음악학원,백결,남동구
교육,뱅크수학학원,뱅크,남동구
교육,베리타스수학학원,베리,남동구
교육,베리타스음악교습소,베리,남동구
교육,베스티안학원,베스,남동구
교육,베이스캠프보습학원,베이,남동구
교육,베토벤친구들음악학원,베토,남동구
교육,벧엘음악학원,벧엘,남동구
교육,벧엘피아노학원,벧엘,남동구
교육,변화와도전중등학원,변화,남동구
교육,변화와도전학원,변화,남동구
교육,별하독서실,별하,남동구
교육,보라아트미술교습소,보라,남동구
교육,보리영어교습소,보리,남동구
교육,보배피아노과외교습소,보배,남동구
교육,본스터디학원,본스,남동구
교육,본잉글리시영어전문학원,본잉,남동구
교육,볼라투스학원,볼라,남동구
교육,봉경애음악학원,봉경,남동구
교육,봉선생수학교습소,봉선,남동구
교육,봉수학제2관학원,봉수,남동구
교육,봉수학학원,봉수,남동구
교육,뷰사이언스서창학원,뷰사,남동구
교육,뷰사이언스학원,뷰사,남동구
교육,브람스음악학원,브람,남동구
교육,브람스피아노학원,브람,남동구
교육,브레인미션로봇학원,브레,남동구
교육,브리에아트댄스컴퍼니학원,브리,남동구
교육,블랙라벨시매쓰학원,블랙,남동구
교육,블루밍미술교습소,블루,남동구
교육,비랜드영어수학학원,비랜,남동구
교육,비상잉글리시아이아시아드학원,비상,남동구
교육,비상잉글리시아이영어교습소,비상,남동구
교육,비상잉글리시아이영어수학학원,비상,남동구
교육,비상플러스수학교습소,비상,남동구
교육,비엔에이보습학원,비엔,남동구
교육,비엠씨보습학원,비엠,남동구
교육,비욘드잉글리쉬어학원,비욘,남동구
교육,비전실용음악학원,비전,남동구
교육,비젼트리학원,비젼,남동구
교육,비케이영어전문학원,비케,남동구
교육,빅뱅수학13관학원,빅뱅,남동구
교육,빅뱅수학본원학원,빅뱅,남동구
교육,빅뱅아카데미보습학원,빅뱅,남동구
교육,빅뱅영어(본관)학원,빅뱅,남동구
교육,빅뱅영어(신관)학원,빅뱅,남동구
교육,빅애플학원,빅애,남동구
교육,빈피아노교습소,빈피,남동구
교육,빌드업영어학원,빌드,남동구
교육,뿌리독서실,뿌리,남동구
교육,사과나무미술학원,사과,남동구
교육,사랑독서실,사랑,남동구
교육,사랑미술교습소,사랑,남동구
교육,사랑음악학원,사랑,남동구
교육,산들피아노교습소,산들,남동구
교육,삼락서예학원,삼락,남동구
교육,삼성수학교습소,삼성,남동구
교육,삼성에듀학원,삼성,남동구
교육,삼성영어간석약산학원,삼성,남동구
교육,삼성영어개념원리수학학원,삼성,남동구
교육,삼성영어구월석천영어교습소,삼성,남동구
교육,삼성영어만수캠퍼스학원,삼성,남동구
교육,삼성영어미리영어교습소,삼성,남동구
교육,삼성영어샤론학원,삼성,남동구
교육,삼성영어수학도쌤캠퍼스학원,삼성,남동구
교육,삼성영어수학전문학원,삼성,남동구
교육,삼성영어쎈수학러닝센터학원,삼성,남동구
교육,삼성영어장도캠퍼스영어교습소,삼성,남동구
교육,삼성영어차수학학원,삼성,남동구
교육,삼성영어최강스터디학원,삼성,남동구
교육,삼성영어하나영어교습소,삼성,남동구
교육,삼성학원,삼성,남동구
교육,상록수독서실,상록,남동구
교육,상상그림숲미술교습소,상상,남동구
교육,상상에듀플러스학원,상상,남동구
교육,상아음악학원,상아,남동구
교육,새샘미술교습소,새샘,남동구
교육,색동미술교습소,색동,남동구
교육,색샘미술과외교습소,색샘,남동구
교육,샘독서실,샘독,남동구
교육,생각창작소아이미술교습소,생각,남동구
교육,생각창작소아이미술학원,생각,남동구
교육,샤론음악학원,샤론,남동구
교육,샤론학원,샤론,남동구
교육,서강SLP어학원,서강,남동구
교육,서쌤수학교습소,서쌤,남동구
교육,서울수음악학원,서울,남동구
교육,서울음악학원,서울,남동구
교육,서울피아노음악교습소,서울,남동구
교육,서일에듀학원,서일,남동구
교육,서중휘프로바둑도장학원,서중,남동구
교육,서창EiE어학원,서창,남동구
교육,서창김샘학원,서창,남동구
교육,서창라라음악학원,서창,남동구
교육,서창로잔발레학원,서창,남동구
교육,서창명문학원,서창,남동구
교육,서창밀리언댄스학원,서창,남동구
교육,서창비욘드어학원,서창,남동구
교육,서창삼성영어교습소,서창,남동구
교육,서창삼성영어학원,서창,남동구
교육,서창엠베스트SE공부학원,서창,남동구
교육,서창연세음악학원,서창,남동구
교육,서창이세돌바둑학원,서창,남동구
교육,서창이투스수학학원,서창,남동구
교육,서창이화음악학원,서창,남동구
교육,서창정샘영어학원,서창,남동구
교육,서창정철어학원,서창,남동구
교육,서창중대음악학원,서창,남동구
교육,서창지앤비학원,서창,남동구
교육,서창토킹스타영어교습소,서창,남동구
교육,선수촌독서논술교습소,선수,남동구
교육,선수학교습소,선수,남동구
교육,성균관바둑교습소,성균,남동구
교육,성신음악학원,성신,남동구
교육,성하현영어문화원어학원,성하,남동구
교육,세라피아노음악교습소,세라,남동구
교육,세인트폴국제어학원,세인,남동구
교육,세종요리칵테일학원,세종,남동구
교육,세종학원,세종,남동구
교육,센트럴피부아카데미학원,센트,남동구
교육,센티아모음악교습소,센티,남동구
교육,셀라조은혜국악교습소,셀라,남동구
교육,셀파우등생논현학원,셀파,남동구
교육,셀파우등생학원,셀파,남동구
교육,소나타음악교습소,소나,남동구
교육,소년공방학원,소년,남동구
교육,소래쇼팽음악원음악교습소,소래,남동구
교육,소리엘음악학원,소리,남동구
교육,소리피아노교습소,소리,남동구
교육,소마뉴스터디학원,소마,남동구
교육,솔루니인천구월논술학원,솔루,남동구
교육,솔루션수학영어논현학원,솔루,남동구
교육,솔루션연구소수학학원,솔루,남동구
교육,송성주무용학원,송성,남동구
교육,쇼팽음악학원,쇼팽,남동구
교육,수리수리미술교습소,수리,남동구
교육,수학과통하다학원,수학,남동구
교육,수학본능수학교습소,수학,남동구
교육,수학사이다학원,수학,남동구
교육,수학세상학원,수학,남동구
교육,수학영어로꿈꾸는세상학원,수학,남동구
교육,수학위를날다학원,수학,남동구
교육,수학을탐하다학원,수학,남동구
교육,수학의달인논현수학교습소,수학,남동구
교육,수학의달인논현에코수학교습소,수학,남동구
교육,수학의달인수학교습소,수학,남동구
교육,수학의멘토수학교습소,수학,남동구
교육,숙명라라무용학원,숙명,남동구
교육,숲아트미술학원,숲아,남동구
교육,숲에서독서실,숲에,남동구
교육,스마트에듀모아학원,스마,남동구
교육,스완발레무용학원,스완,남동구
교육,스카이보습학원,스카,남동구
교육,스카이수학아시아드학원,스카,남동구
교육,스카이올림피아학원,스카,남동구
교육,스타토리뷰티아카데미학원,스타,남동구
교육,스터디포스트레이닝학원,스터,남동구
교육,스테디어학원,스테,남동구
교육,스토리음악교습소,스토,남동구
교육,스파르타수학학원,스파,남동구
교육,스피킹멘토영어교습소,스피,남동구
교육,시그니처영어수학학원,시그,남동구
교육,시대컴퓨터학원,시대,남동구
교육,시매쓰구월학원,시매,남동구
교육,시온에듀학원,시온,남동구
교육,시온음악학원,시온,남동구
교육,시원컴퓨터학원,시원,남동구
교육,신동아피아노교습소,신동,남동구
교육,신명학원,신명,남동구
교육,신사고영어교습소,신사,남동구
교육,신수학영어학원,신수,남동구
교육,신원애음악학원,신원,남동구
교육,신월뮤직아카데미학원,신월,남동구
교육,신이화보습학원,신이,남동구
교육,신이화음악학원,신이,남동구
교육,신한피아노과외교습소,신한,남동구
교육,신화규해법독서논술교습소,신화,남동구
교육,쌤과함께자습실학원,쌤과,남동구
교육,쎈(SSEN)수학 지정학원,쎈(,남동구
교육,쎈(SSEN)수학러닝센터삼성영어비젼학원,쎈(,남동구
교육,쎈텀수학서창학원,쎈텀,남동구
교육,씨앤이영어교습소,씨앤,남동구
교육,씨피에스사고력영재수학학원,씨피,남동구
교육,아가페음악교습소,아가,남동구
교육,아고라논술교습소,아고,남동구
교육,아담리즈수학인천남동학원,아담,남동구
교육,아뜰리에벨미술학원,아뜰,남동구
교육,아뜰리에블라블라미술교습소,아뜰,남동구
교육,아르떼음악교습소,아르,남동구
교육,아르떼음악학원,아르,남동구
교육,아르뜨미술교습소,아르,남동구
교육,아르테음악교습소,아르,남동구
교육,아마빌레음악학원,아마,남동구
교육,아마빌레피아노음악교습소,아마,남동구
교육,아발론논현어학원,아발,남동구
교육,아베끄음악교습소,아베,남동구
교육,아사달보습학원,아사,남동구
교육,아세아실용음악학원,아세,남동구
교육,아셀음악학원,아셀,남동구
교육,아소비간석역센터학원,아소,남동구
교육,아소비논현에코학원,아소,남동구
교육,아소비만수학원,아소,남동구
교육,아소비빨강고양이아트센터학원,아소,남동구
교육,아소비서창학원,아소,남동구
교육,아소비인천만수3지구센터학원,아소,남동구
교육,아소비학원,아소,남동구
교육,아시아드수학교습소,아시,남동구
교육,아시아드어학원,아시,남동구
교육,아이들이즐거운창의교습소,아이,남동구
교육,아이뮤즈음악학원,아이,남동구
교육,아이비실용음악학원,아이,남동구
교육,아이비티학원,아이,남동구
교육,아이샘학원,아이,남동구
교육,아이손미술학원,아이,남동구
교육,아이씨에스실용음악학원,아이,남동구
교육,아이엠미술학원,아이,남동구
교육,아이진음악학원,아이,남동구
교육,아이캔스피치교습소,아이,남동구
교육,아인스학원,아인,남동구
교육,아일린아틀리에미술교습소,아일,남동구
교육,아임영어교습소,아임,남동구
교육,아지트뮤직학원,아지,남동구
교육,아카데미창만수2호점논술교습소,아카,남동구
교육,아카데미창만수논술교습소,아카,남동구
교육,아크로보습학원,아크,남동구
교육,아테나학원,아테,남동구
교육,아트몬스터미술학원,아트,남동구
교육,아트앤하트논현에코메트로창의미술교습소,아트,남동구
교육,아트앤하트놀작학원,아트,남동구
교육,아트앤하트서창2지구학원,아트,남동구
교육,아트앤하트선수촌미술학원,아트,남동구
교육,아트인실용음악학원,아트,남동구
교육,아트팩토리미술학원,아트,남동구
교육,아트플러스미술교습소,아트,남동구
교육,안정희피아노교습소,안정,남동구
교육,알지수학교습소,알지,남동구
교육,알파수학학원,알파,남동구
교육,앙도와잰속성미용학원,앙도,남동구
교육,애니스타만화학원,애니,남동구
교육,애로우잉글리시학원,애로,남동구
교육,앤젤앤뮤직음악학원,앤젤,남동구
교육,앤피아노과외교습소,앤피,남동구
교육,앨리어학원,앨리,남동구
교육,약산셀파우등생학원,약산,남동구
교육,어드벤쳐예원음악학원,어드,남동구
교육,어린음악대서창예샘원음악학원,어린,남동구
교육,어린음악대석천원피아노음악학원,어린,남동구
교육,어린음악대한빛예샘원음악학원,어린,남동구
교육,어썸팩토리(awesome FACTORY)인천구월독서실,어썸,남동구
교육,엄지음악학원,엄지,남동구
교육,업앤업(up&up)영어교습소,업앤,남동구
교육,에듀스타트학원,에듀,남동구
교육,에듀엠영수종합학원,에듀,남동구
교육,에듀코치개별지도구월학원,에듀,남동구
교육,에듀코치개별지도만수학원,에듀,남동구
교육,에듀플렉스에듀코치개별지도논현학원,에듀,남동구
교육,에드윈(EDWIN)영어전문학원,에드,남동구
교육,에뚜알미술학원,에뚜,남동구
교육,에밀그림방미술교습소,에밀,남동구
교육,에버그린시티꽃예술전문학원,에버,남동구
교육,에스씨연세예일학원,에스,남동구
교육,에스에이실용음악학원,에스,남동구
교육,에스에이영재음악학원,에스,남동구
교육,에스엔유(SNU)영어국어전문학원,에스,남동구
교육,에스엠에듀학원,에스,남동구
교육,에스티엔보습학원(1),에스,남동구
교육,에이브영어교습소,에이,남동구
교육,에이치드럼전문학원,에이,남동구
교육,에이치원댄스학원,에이,남동구
교육,에이플넷중앙학원,에이,남동구
교육,에이플러스원영어수학학원,에이,남동구
교육,에임하이어학원,에임,남동구
교육,에잇투파이브어학원,에잇,남동구
교육,에코6단지해법수학교습소,에코,남동구
교육,엔에스클래스학원,엔에,남동구
교육,엔젤몬테소리놀이학원,엔젤,남동구
교육,엘레베영어학원,엘레,남동구
교육,엘리트학원,엘리,남동구
교육,엘린피아노교습소,엘린,남동구
교육,엘에이(LA)댄스학원,엘에,남동구
교육,엘에이뮤직실용음악학원,엘에,남동구
교육,엘음악교습소,엘음,남동구
교육,엠베스트SE153본학원,엠베,남동구
교육,엠베스트SE공부학원,엠베,남동구
교육,엠베스트SE논현5캠퍼스학원,엠베,남동구
교육,엠베스트SE미라클에듀학원,엠베,남동구
교육,엠베스트SE서강학원,엠베,남동구
교육,엠베스트SE인천논현학원,엠베,남동구
교육,엠베스트SE파인만학원,엠베,남동구
교육,엠베스트se학원,엠베,남동구
교육,엠베스트에스이공부학원,엠베,남동구
교육,엠투수학전문학원,엠투,남동구
교육,엠투엠수학국어학원,엠투,남동구
교육,엠플러스수학과학학원,엠플,남동구
교육,연논술교습소,연논,남동구
교육,연세간호조무사학원,연세,남동구
교육,연세리더학원,연세,남동구
교육,연세센텀수학학원,연세,남동구
교육,연세수학교습소,연세,남동구
교육,연세엘리트학원,연세,남동구
교육,연세예진음악학원,연세,남동구
교육,연세학원,연세,남동구
교육,열공수학교습소,열공,남동구
교육,열쇠직업학원,열쇠,남동구
교육,영란음악학원,영란,남동구
교육,영렘브란트미술학원,영렘,남동구
교육,영수닥터학원,영수,남동구
교육,영어로생각하다학원,영어,남동구
교육,영재들의미술상자학원,영재,남동구
교육,영재음악학원,영재,남동구
교육,영재학원,영재,남동구
교육,영중영어교습소,영중,남동구
교육,예나음악학원,예나,남동구
교육,예랑서예학원,예랑,남동구
교육,예손피아노과외교습소,예손,남동구
교육,예솜미술교습소,예솜,남동구
교육,예술로음악교습소,예술,남동구
교육,예술의터창조미술교습소,예술,남동구
교육,예스셈주산교습소,예스,남동구
교육,예영피아노과외교습소,예영,남동구
교육,예원음악학원,예원,남동구
교육,예은음악학원,예은,남동구
교육,예인플러스수학영어전문학원,예인,남동구
교육,예일문화콘텐츠개발학원,예일,남동구
교육,예일이룸학원,예일,남동구
교육,예종음악학원,예종,남동구
교육,예지피아노교습소,예지,남동구
교육,예현기타교습소,예현,남동구
교육,오동국악예술학원,오동,남동구
교육,오렌지아트센터미술음악학원,오렌,남동구
교육,오렌지음악학원,오렌,남동구
교육,오르고영수학원,오르,남동구
교육,오르난무용학원,오르,남동구
교육,오르비스영어교습소,오르,남동구
교육,온더데스크독서실,온더,남동구
교육,온더매쓰수학학원,온더,남동구
교육,올(ALL)바른영수학원,올(,남동구
교육,와와학습코칭인천논현학원,와와,남동구
교육,와이비엠잉글루간석제1학원,와이,남동구
교육,와이스터디학원,와이,남동구
교육,와이에스원리수학교습소,와이,남동구
교육,와이즈만영재교육원인천남동학원,와이,남동구
교육,와이키즈수학과학학원,와이,남동구
교육,왕샘수학교습소,왕샘,남동구
교육,왕수학교습소,왕수,남동구
교육,외대아카데미영어학원,외대,남동구
교육,우등생음악교습소,우등,남동구
교육,우리아이미술교습소,우리,남동구
교육,우성음악학원,우성,남동구
교육,웅변-1,웅변,남동구
교육,웅변-3,웅변,남동구
교육,웅진북클럽학습센터서창학원,웅진,남동구
교육,웅진씽크빅소래학원,웅진,남동구
교육,웅진씽크빅스마트올클래스논현학원,웅진,남동구
교육,웅진씽크빅스마트올클래스서창학원,웅진,남동구
교육,웅진씽크빅학습센터구월학원,웅진,남동구
교육,웅진씽크빅학습센터논현학원,웅진,남동구
교육,웅현학원,웅현,남동구
교육,원동삼성영어교습소,원동,남동구
교육,원무용학원,원무,남동구
교육,원탑영수전문학원,원탑,남동구
교육,월드바리스타학원,월드,남동구
교육,위너스독서실,위너,남동구
교육,위너스학원,위너,남동구
교육,위드소피영어교습소,위드,남동구
교육,위드영수학원,위드,남동구
교육,위드플룻음악교습소,위드,남동구
교육,위드피아노(witn piano)구월점성인전문피아노학원,위드,남동구
교육,위드학원,위드,남동구
교육,윌스터디학원,윌스,남동구
교육,유니랭스영어교습소,유니,남동구
교육,유레카수학교습소,유레,남동구
교육,유레카수학학원,유레,남동구
교육,유신해법학원,유신,남동구
교육,유은자국악학원,유은,남동구
교육,유음악학원,유음,남동구
교육,유투엠구월학원,유투,남동구
교육,유파이수학교습소,유파,남동구
교육,육일수학초등학원,육일,남동구
교육,육일수학학원,육일,남동구
교육,윤선생IGSE아카데미논현에코메트로학원,윤선,남동구
교육,윤선생우리집앞영어교실논현힐스테이트1호영어교습소,윤선,남동구
교육,윤선생우리집앞영어교실만수제1영어교습소,윤선,남동구
교육,윤신애고등영어교습소,윤신,남동구
교육,율곡보습학원,율곡,남동구
교육,은방울피아노-106,은방,남동구
교육,은혜바이올린교습소,은혜,남동구
교육,은혜영어전문학원,은혜,남동구
교육,음률음악학원,음률,남동구
교육,이노교육학원,이노,남동구
교육,이레피아노학원,이레,남동구
교육,이룸리더십학원,이룸,남동구
교육,이룸스터디학원,이룸,남동구
교육,이룸하이학원,이룸,남동구
교육,이룸학원,이룸,남동구
교육,이보영의토킹클럽서창어학원,이보,남동구
교육,이보영의토킹클럽서창학원,이보,남동구
교육,이보영의토킹클럽영어학원,이보,남동구
교육,이사벨라영어교습소,이사,남동구
교육,이소금잉글리쉬원격학원,이소,남동구
교육,이쌤수학교습소,이쌤,남동구
교육,이아이이(EIE)고려대학교국제어학원영어교육프로그램향촌캠퍼스학,이아,남동구
교육,이엘엘학원,이엘,남동구
교육,이엠멘토스학원,이엠,남동구
교육,이엠아이학원,이엠,남동구
교육,이엠엘리트학원,이엠,남동구
교육,이엠탑영수전문학원,이엠,남동구
교육,이제마스터디클럽독서실,이제,남동구
교육,이존영어학원,이존,남동구
교육,이지아트미술교습소,이지,남동구
교육,이지음악학원,이지,남동구
교육,이튼학원,이튼,남동구
교육,이플렉스키즈학원,이플,남동구
교육,이헌음악학원,이헌,남동구
교육,이현경애견미용학원,이현,남동구
교육,이호수학교습소,이호,남동구
교육,이화미술교습소,이화,남동구
교육,이화율음악학원,이화,남동구
교육,이화음악교습소,이화,남동구
교육,이화음악학원,이화,남동구
교육,인동삼성영어학원,인동,남동구
교육,인생뮤직학원,인생,남동구
교육,인수피아노음악교습소,인수,남동구
교육,인천EJU사회교습소,인천,남동구
교육,인천구월그린컴퓨터아트학원,인천,남동구
교육,인천구월작심독서실,인천,남동구
교육,인천남동만수벽산논술교습소,인천,남동구
교육,인천남동위즈아일랜드학원,인천,남동구
교육,인천남동정상어학원,인천,남동구
교육,인천논현대한논리정속독학원,인천,남동구
교육,인천논현에이닷영어학원,인천,남동구
교육,인천논현에이프릴어학원,인천,남동구
교육,인천논현에프티케이어학원,인천,남동구
교육,인천논현작심독서실,인천,남동구
교육,인천논현하연과학교습소,인천,남동구
교육,인천논현학원,인천,남동구
교육,인천루켄헬렌도론어학원,인천,남동구
교육,인천만수학원,인천,남동구
교육,인천서창점작심독서실,인천,남동구
교육,인천요리제빵학원,인천,남동구
교육,인천점S3미용학원,인천,남동구
교육,인천청탑학원,인천,남동구
교육,인천플랜트배관용접학원,인천,남동구
교육,일대일수학전문학원,일대,남동구
교육,일어-1,일어,남동구
교육,일진보습학원,일진,남동구
교육,잉글리시스트릿(ENGLISH STREET)영어교습소,잉글,남동구
교육,잉글리시아이영어교습소,잉글,남동구
교육,잉글리시짐영수전문학원,잉글,남동구
교육,자연향기독서실,자연,남동구
교육,작가들의이야기미술학원,작가,남동구
교육,장고옥미용전문학원,장고,남동구
교육,장미음악학원,장미,남동구
교육,장쌤수학교습소,장쌤,남동구
교육,재능스스로러닝센터만수3지구학원,재능,남동구
교육,재능스스로학습센터남동직영학원,재능,남동구
교육,재인앤로이영어학원,재인,남동구
교육,잭콩중고등스터디클럽학원,잭콩,남동구
교육,쟌앤리사(John&Lisa)어학원,쟌앤,남동구
교육,정상학원,정상,남동구
교육,정샘영어학원,정샘,남동구
교육,정석스터디독서실,정석,남동구
교육,정수학전문학원,정수,남동구
교육,정스터디2캠퍼스학원,정스,남동구
교육,정스터디학원,정스,남동구
교육,정쌤중국어교습소,정쌤,남동구
교육,정철실용음악학원,정철,남동구
교육,정철영어학원,정철,남동구
교육,제2관지코스수학학원,제2,남동구
교육,제4관지코스수학학원,제4,남동구
교육,제니영어교습소,제니,남동구
교육,제스트수학과학학원,제스,남동구
교육,제이(J)수학보습학원,제이,남동구
교육,제이어스영어학원,제이,남동구
교육,제이에스영어수학학원,제이,남동구
교육,제이케이실용음악학원,제이,남동구
교육,제일요리학원,제일,남동구
교육,제일코아음악학원,제일,남동구
교육,제임스권영어학원,제임,남동구
교육,조앤최영수전문학원,조앤,남동구
교육,조은정수학교습소,조은,남동구
교육,조이수학교습소,조이,남동구
교육,조이음악학원,조이,남동구
교육,종로엠학원,종로,남동구
교육,종로학원하늘교육구월학원,종로,남동구
교육,종로학원하늘교육논현영재학원,종로,남동구
교육,주나미술교습소,주나,남동구
교육,주나미술학원,주나,남동구
교육,주산-23,주산,남동구
교육,주산-3,주산,남동구
교육,주승현국어전문학원,주승,남동구
교육,주원이해법수학교습소,주원,남동구
교육,주원해법학원,주원,남동구
교육,주은음악학원,주은,남동구
교육,준씨앤씨미술학원,준씨,남동구
교육,줄리어드음악학원,줄리,남동구
교육,줄리어드피아노교습소,줄리,남동구
교육,중앙에이플러스학원,중앙,남동구
교육,즐거운피아노과외교습소,즐거,남동구
교육,지니300관리형프리미엄독서실,지니,남동구
교육,지니300독학재수학원,지니,남동구
교육,지니지나영어학원,지니,남동구
교육,지담수학교습소,지담,남동구
교육,지원독서실,지원,남동구
교육,지음음악학원,지음,남동구
교육,지캠프클래스구월학원,지캠,남동구
교육,지코스수학학원,지코,남동구
교육,지혜미술교습소,지혜,남동구
교육,진솔보습학원,진솔,남동구
교육,진수학학원,진수,남동구
교육,진영어수학전문학원,진영,남동구
교육,진짜국어의시작학원,진짜,남동구
교육,진풍미술학원,진풍,남동구
교육,진풍음악학원,진풍,남동구
교육,집중과몰입영어학원,집중,남동구
교육,쯔꾸바일본어교습소,쯔꾸,남동구
교육,찐수학교습소,찐수,남동구
교육,참도예학원,참도,남동구
교육,참아름음악학원,참아,남동구
교육,참진학원,참진,남동구
교육,창작의비밀학원,창작,남동구
교육,채뜰리에미술학원,채뜰,남동구
교육,처음영어학원,처음,남동구
교육,청담에이프릴어학원,청담,남동구
교육,청파음악학원,청파,남동구
교육,체케티발레무용학원,체케,남동구
교육,초록당근미술교습소,초록,남동구
교육,초중고솔루션종합전문학원,초중,남동구
교육,초희음악학원,초희,남동구
교육,최강수학학원,최강,남동구
교육,최강스카이(SKY)학원,최강,남동구
교육,최강엘리트영수학원,최강,남동구
교육,최고수학학원,최고,남동구
교육,최상엘리트영수학원,최상,남동구
교육,최상위학원,최상,남동구
교육,카운트베이시음악교습소,카운,남동구
교육,카이스트아이코드랩학원,카이,남동구
교육,카이스트플러스학원,카이,남동구
교육,칸스잉글리쉬학원,칸스,남동구
교육,칸타빌레음악교습소,칸타,남동구
교육,캐피타운영어학원,캐피,남동구
교육,캠브리지리드앤톡영어원서전문학원,캠브,남동구
교육,캡스톤영수학원,캡스,남동구
교육,코드클래스학원,코드,남동구
교육,코칭수학영어학원,코칭,남동구
교육,코칭수학학원,코칭,남동구
교육,퀸실용음악학원,퀸실,남동구
교육,퀸즈어학원,퀸즈,남동구
교육,큐티음악학원,큐티,남동구
교육,크리아트미술학원,크리,남동구
교육,큰별피아노과외교습소,큰별,남동구
교육,클라라피아노음악교습소,클라,남동구
교육,클라비스수학과학학원,클라,남동구
교육,클라비스아카데미논현학원,클라,남동구
교육,클랑음악학원,클랑,남동구
교육,키다리언니진학상담지도교습소,키다,남동구
교육,키움수학교습소,키움,남동구
교육,키즈닥터학원,키즈,남동구
교육,키즈락음악학원,키즈,남동구
교육,키즈엔리딩어학원,키즈,남동구
교육,키토쌤일본어교습소,키토,남동구
교육,킹스영어학원,킹스,남동구
교육,타임유스터디센터독서실,타임,남동구
교육,탐구학원,탐구,남동구
교육,탑수학수학학원,탑수,남동구
교육,탑튜터영어수학학원,탑튜,남동구
교육,태초음악학원,태초,남동구
교육,텐차이중국어학원,텐차,남동구
교육,텐텐중국어교습소,텐텐,남동구
교육,토라영어학원,토라,남동구
교육,토마스잉글리쉬학원,토마,남동구
교육,토모수학학원,토모,남동구
교육,토즈(TOZ)스터디센터구월독서실,토즈,남동구
교육,토탈미술학원,토탈,남동구
교육,토피아어학원,토피,남동구
교육,통문장삼환영어교습소,통문,남동구
교육,통문장영어학원,통문,남동구
교육,통하는샘수학학원,통하,남동구
교육,트리즈학원,트리,남동구
교육,트리플수학학원,트리,남동구
교육,튼튼영어마스터클럽논현학원,튼튼,남동구
교육,팀(Team)하모니미용학원,팀(,남동구
교육,파고다차이랑간석중국어교습소,파고,남동구
교육,파고다차이랑중국어구월캠퍼스학원,파고,남동구
교육,파란아카데미학원,파란,남동구
교육,파란학원,파란,남동구
교육,파워영어학원,파워,남동구
교육,파이데이아학원,파이,남동구
교육,패러독스보습학원,패러,남동구
교육,퍼스트수학학원,퍼스,남동구
교육,퍼펙트잉글리쉬학원,퍼펙,남동구
교육,펀치라인보컬전문학원,펀치,남동구
교육,펀핑뮤직아카데미학원,펀핑,남동구
교육,페르마과학학원,페르,남동구
교육,페르마학원,페르,남동구
교육,포르테피아노교습소,포르,남동구
교육,포인트수학과학전문학원,포인,남동구
교육,폴리어학원,폴리,남동구
교육,폴리포니음악교습소,폴리,남동구
교육,푸딩영어학원,푸딩,남동구
교육,풍경미술교습소,풍경,남동구
교육,프라임수학학원,프라,남동구
교육,프레이즈음악교습소,프레,남동구
교육,프리스트댄스스튜디오학원,프리,남동구
교육,프리즘특목사관학원,프리,남동구
교육,플라이미술학원,플라,남동구
교육,플라톤아카데미논현독서논술교습소,플라,남동구
교육,플레이스(PLACE)영어교습소,플레,남동구
교육,피렌체가죽공예학원,피렌,남동구
교육,피아노-10,피아,남동구
교육,피아노-11,피아,남동구
교육,피아노-17,피아,남동구
교육,피아노-20,피아,남동구
교육,피아노-23,피아,남동구
교육,피아노-27,피아,남동구
교육,피아노-3,피아,남동구
교육,피아노-30,피아,남동구
교육,피아노-41,피아,남동구
교육,피아노-51,피아,남동구
교육,피아노-52,피아,남동구
교육,피아노-7,피아,남동구
교육,피아노사랑피아노교습소,피아,남동구
교육,피아노포르테음악학원,피아,남동구
교육,피플미술학원,피플,남동구
교육,하나학원,하나,남동구
교육,하늘꿈피아노교습소,하늘,남동구
교육,하늘음악학원,하늘,남동구
교육,하린베스트음악학원,하린,남동구
교육,하린베스트학원,하린,남동구
교육,하우스터디인천간석센터독서실,하우,남동구
교육,하우스터디인천만수센터독서실,하우,남동구
교육,하음음악학원,하음,남동구
교육,하이든음악학원,하이,남동구
교육,하이매쓰사고력수학전문학원,하이,남동구
교육,하이멘토2:1수학교습소,하이,남동구
교육,하이수학학원,하이,남동구
교육,하이클래스어학원,하이,남동구
교육,하이클래스학원,하이,남동구
교육,하이탑영어교습소,하이,남동구
교육,하진음악학원,하진,남동구
교육,한결컴퓨터학원,한결,남동구
교육,한길요리학원,한길,남동구
교육,한눈에보는수학연대기학원,한눈,남동구
교육,한빛삼성영어교습소,한빛,남동구
교육,한솔교육논현학원,한솔,남동구
교육,한솔영어수학학원,한솔,남동구
교육,한솔커피바리스타제과제빵학원,한솔,남동구
교육,한솔플라톤아카데미서창늘푸른독서논술교습소,한솔,남동구
교육,한솔플러스(Plus)수학학원,한솔,남동구
교육,한솔플러스수학학원,한솔,남동구
교육,한수학교습소,한수,남동구
교육,한아름피아노교습소,한아,남동구
교육,한우리국어논술교습소,한우,남동구
교육,한울아이학원,한울,남동구
교육,합격독서실,합격,남동구
교육,합격의핵논술교습소,합격,남동구
교육,해냄학원,해냄,남동구
교육,해든국어학원,해든,남동구
교육,해든미술교습소,해든,남동구
교육,해법에듀셀파우등생학원,해법,남동구
교육,해법에듀해법영어셀파학원,해법,남동구
교육,해법영어간석아이원학원,해법,남동구
교육,해법영어교실서창태평영어교습소,해법,남동구
교육,해법영어수학e학원,해법,남동구
교육,해정서예교습소,해정,남동구
교육,햇빛아트케이미술교습소,햇빛,남동구
교육,행복나무미술교습소,행복,남동구
교육,향기피아노교습소,향기,남동구
교육,향촌독서실,향촌,남동구
교육,향촌삼성영어학원,향촌,남동구
교육,향촌서울음악학원,향촌,남동구
교육,향촌정상수학교습소,향촌,남동구
교육,헤더영어교습소,헤더,남동구
교육,헤라클레스조소학원,헤라,남동구
교육,헤럴드영어교습소,헤럴,남동구
교육,헬로뮤직실용음악학원,헬로,남동구
교육,현대기술학원,현대,남동구
교육,혜윰수학전문학원,혜윰,남동구
교육,홍선생미술서창아트센터학원,홍선,남동구
교육,홍시의그림일기미술학원,홍시,남동구
교육,홍이수학교습소,홍이,남동구
교육,홍익미술학원,홍익,남동구
교육,홍익화가들미술교습소,홍익,남동구
교육,화가와그림미술교습소,화가,남동구
교육,환희음악학원,환희,남동구
교육,훈민정필글씨교정교습소,훈민,남동구
교육,훈장학원,훈장,남동구
교육,휘림보습학원,휘림,남동구
교육,휴먼시아음악학원,휴먼,남동구
교육,희원음악교습소,희원,남동구
교육,희피아노,희피,남동구
